key,path,line,usage
local.propertiesPath,eblocker-certificate-validator/src/main/resources/certificate-validator.properties,1,definition
server.port,eblocker-certificate-validator/src/main/resources/certificate-validator.properties,3,definition
reader.concurrentFormat,eblocker-certificate-validator/src/main/resources/certificate-validator.properties,5,definition
validator.sun.certificates.path,eblocker-certificate-validator/src/main/resources/certificate-validator.properties,7,definition
validator.sun.preferCrls,eblocker-certificate-validator/src/main/resources/certificate-validator.properties,8,definition
validator.cache.maxSize,eblocker-certificate-validator/src/main/resources/certificate-validator.properties,10,definition
validator.cache.concurrencyLevel,eblocker-certificate-validator/src/main/resources/certificate-validator.properties,11,definition
validator.cache.ttl,eblocker-certificate-validator/src/main/resources/certificate-validator.properties,12,definition
validator.pin.trustStore.path,eblocker-certificate-validator/src/main/resources/certificate-validator.properties,14,definition
validator.pin.trustStore.password,eblocker-certificate-validator/src/main/resources/certificate-validator.properties,15,definition
validator.pin.refresh.period,eblocker-certificate-validator/src/main/resources/certificate-validator.properties,16,definition
intermediate.certificates.path,eblocker-certificate-validator/src/main/resources/certificate-validator.properties,18,definition
intermediate.certificates.refresh.period,eblocker-certificate-validator/src/main/resources/certificate-validator.properties,19,definition
cache.crl.enabled,eblocker-certificate-validator/src/main/resources/certificate-validator.properties,21,definition
cache.crl.maxSize,eblocker-certificate-validator/src/main/resources/certificate-validator.properties,22,definition
cache.crl.concurrencyLevel,eblocker-certificate-validator/src/main/resources/certificate-validator.properties,23,definition
cache.crl.maxAge,eblocker-certificate-validator/src/main/resources/certificate-validator.properties,24,definition
cache.crl.file,eblocker-certificate-validator/src/main/resources/certificate-validator.properties,25,definition
cache.crl.write.period,eblocker-certificate-validator/src/main/resources/certificate-validator.properties,26,definition
cache.crl.refresh.period,eblocker-certificate-validator/src/main/resources/certificate-validator.properties,27,definition
cache.ocsp.enabled,eblocker-certificate-validator/src/main/resources/certificate-validator.properties,29,definition
cache.ocsp.maxSize,eblocker-certificate-validator/src/main/resources/certificate-validator.properties,30,definition
cache.ocsp.concurrencyLevel,eblocker-certificate-validator/src/main/resources/certificate-validator.properties,31,definition
cache.ocsp.maxAge.success,eblocker-certificate-validator/src/main/resources/certificate-validator.properties,32,definition
cache.ocsp.maxAge.error,eblocker-certificate-validator/src/main/resources/certificate-validator.properties,33,definition
cache.ocsp.file,eblocker-certificate-validator/src/main/resources/certificate-validator.properties,34,definition
cache.ocsp.write.period,eblocker-certificate-validator/src/main/resources/certificate-validator.properties,35,definition
cache.ocsp.refresh.period,eblocker-certificate-validator/src/main/resources/certificate-validator.properties,36,definition
local.propertiesPath,eblocker-certificate-validator/src/test/resources/certificate-validator.properties,1,definition
server.port,eblocker-certificate-validator/src/test/resources/certificate-validator.properties,3,definition
trustStore.password,eblocker-certificate-validator/src/test/resources/certificate-validator.properties,5,definition
validator.sun.preferCrls,eblocker-certificate-validator/src/test/resources/certificate-validator.properties,7,definition
validator.cache.maxSize,eblocker-certificate-validator/src/test/resources/certificate-validator.properties,9,definition
validator.cache.concurrencyLevel,eblocker-certificate-validator/src/test/resources/certificate-validator.properties,10,definition
validator.cache.ttl,eblocker-certificate-validator/src/test/resources/certificate-validator.properties,11,definition
cache.crl.enabled,eblocker-certificate-validator/src/test/resources/certificate-validator.properties,13,definition
cache.crl.maxSize,eblocker-certificate-validator/src/test/resources/certificate-validator.properties,14,definition
cache.crl.concurrencyLevel,eblocker-certificate-validator/src/test/resources/certificate-validator.properties,15,definition
cache.crl.maxAge,eblocker-certificate-validator/src/test/resources/certificate-validator.properties,16,definition
cache.crl.file,eblocker-certificate-validator/src/test/resources/certificate-validator.properties,17,definition
cache.crl.write.period,eblocker-certificate-validator/src/test/resources/certificate-validator.properties,18,definition
cache.crl.refresh.period,eblocker-certificate-validator/src/test/resources/certificate-validator.properties,19,definition
cache.ocsp.enabled,eblocker-certificate-validator/src/test/resources/certificate-validator.properties,21,definition
cache.ocsp.maxSize,eblocker-certificate-validator/src/test/resources/certificate-validator.properties,22,definition
cache.ocsp.concurrencyLevel,eblocker-certificate-validator/src/test/resources/certificate-validator.properties,23,definition
cache.ocsp.maxAge.success,eblocker-certificate-validator/src/test/resources/certificate-validator.properties,24,definition
cache.ocsp.maxAge.error,eblocker-certificate-validator/src/test/resources/certificate-validator.properties,25,definition
cache.ocsp.file,eblocker-certificate-validator/src/test/resources/certificate-validator.properties,26,definition
cache.ocsp.write.period,eblocker-certificate-validator/src/test/resources/certificate-validator.properties,27,definition
cache.ocsp.refresh.period,eblocker-certificate-validator/src/test/resources/certificate-validator.properties,28,definition
highPrioScheduledExecutor,eblocker-icapserver/src/main/java/org/eblocker/server/app/BackgroundServices.java,126,injection
lowPrioScheduledExecutor,eblocker-icapserver/src/main/java/org/eblocker/server/app/BackgroundServices.java,127,injection
unlimitedCachePoolExecutor,eblocker-icapserver/src/main/java/org/eblocker/server/app/BackgroundServices.java,128,injection
tor.connection.check.delay,eblocker-icapserver/src/main/java/org/eblocker/server/app/BackgroundServices.java,166,injection
deviceProperties,eblocker-icapserver/src/main/java/org/eblocker/server/app/DeviceProperties.java,71,injection
external.disk.mountpoint,eblocker-icapserver/src/main/java/org/eblocker/server/app/NetworkConfigImportApp.java,83,injection
external.disk.backup.filename,eblocker-icapserver/src/main/java/org/eblocker/server/app/NetworkConfigImportApp.java,84,injection
external.disk.mountpoint_wait.timeout_ms,eblocker-icapserver/src/main/java/org/eblocker/server/app/NetworkConfigImportApp.java,85,injection
external.disk.mountpoint_wait.command,eblocker-icapserver/src/main/java/org/eblocker/server/app/NetworkConfigImportApp.java,86,injection
network.unix.apply.configuration.command,eblocker-icapserver/src/main/java/org/eblocker/server/app/NetworkConfigImportApp.java,87,injection
unlimitedCachePoolExecutor,eblocker-icapserver/src/main/java/org/eblocker/server/app/NetworkConfigImportApp.java,113,injection
systemKey,eblocker-icapserver/src/main/java/org/eblocker/server/common/BaseModule.java,49,injection
keyService.systemKey.path,eblocker-icapserver/src/main/java/org/eblocker/server/common/BaseModule.java,51,injection
project.version,eblocker-icapserver/src/main/java/org/eblocker/server/common/ConfigurableModule.java,85,injection
localClock,eblocker-icapserver/src/main/java/org/eblocker/server/common/EblockerModule.java,332,injection
lowPrioScheduledExecutor,eblocker-icapserver/src/main/java/org/eblocker/server/common/EblockerModule.java,343,injection
highPrioScheduledExecutor,eblocker-icapserver/src/main/java/org/eblocker/server/common/EblockerModule.java,358,injection
unlimitedCachePoolExecutor,eblocker-icapserver/src/main/java/org/eblocker/server/common/EblockerModule.java,367,injection
unlimitedCachePoolExecutorService,eblocker-icapserver/src/main/java/org/eblocker/server/common/EblockerModule.java,369,injection
unlimitedCachePoolExecutorService,eblocker-icapserver/src/main/java/org/eblocker/server/common/EblockerModule.java,374,injection
toolbarInlayTemplate,eblocker-icapserver/src/main/java/org/eblocker/server/common/EblockerModule.java,383,injection
toolbarInlayMinJs,eblocker-icapserver/src/main/java/org/eblocker/server/common/EblockerModule.java,395,injection
toolbarInlayMinCss,eblocker-icapserver/src/main/java/org/eblocker/server/common/EblockerModule.java,407,injection
arpProbeCache,eblocker-icapserver/src/main/java/org/eblocker/server/common/EblockerModule.java,419,injection
http.server.aliases.map,eblocker-icapserver/src/main/java/org/eblocker/server/common/EblockerModule.java,426,injection
malware.filter.ipset,eblocker-icapserver/src/main/java/org/eblocker/server/common/EblockerModule.java,444,injection
malware.filter.ipset.name,eblocker-icapserver/src/main/java/org/eblocker/server/common/EblockerModule.java,446,injection
malware.filter.ipset.type,eblocker-icapserver/src/main/java/org/eblocker/server/common/EblockerModule.java,447,injection
malware.filter.ipset.family,eblocker-icapserver/src/main/java/org/eblocker/server/common/EblockerModule.java,448,injection
malware.filter.ipset.maxSize,eblocker-icapserver/src/main/java/org/eblocker/server/common/EblockerModule.java,449,injection
malware.filter.ip6set,eblocker-icapserver/src/main/java/org/eblocker/server/common/EblockerModule.java,454,injection
malware.filter.ip6set.name,eblocker-icapserver/src/main/java/org/eblocker/server/common/EblockerModule.java,456,injection
malware.filter.ip6set.type,eblocker-icapserver/src/main/java/org/eblocker/server/common/EblockerModule.java,457,injection
malware.filter.ip6set.family,eblocker-icapserver/src/main/java/org/eblocker/server/common/EblockerModule.java,458,injection
malware.filter.ip6set.maxSize,eblocker-icapserver/src/main/java/org/eblocker/server/common/EblockerModule.java,459,injection
nettyBossEventGroupLoop,eblocker-icapserver/src/main/java/org/eblocker/server/common/EblockerModule.java,491,injection
unlimitedCachePoolExecutor,eblocker-icapserver/src/main/java/org/eblocker/server/common/EblockerModule.java,492,injection
nettyWorkerEventGroupLoop,eblocker-icapserver/src/main/java/org/eblocker/server/common/EblockerModule.java,498,injection
unlimitedCachePoolExecutor,eblocker-icapserver/src/main/java/org/eblocker/server/common/EblockerModule.java,499,injection
environment,eblocker-icapserver/src/main/java/org/eblocker/server/common/Environment.java,27,injection
jedis.port,eblocker-icapserver/src/main/java/org/eblocker/server/common/JedisPoolProvider.java,36,injection
jedis.timeout,eblocker-icapserver/src/main/java/org/eblocker/server/common/JedisPoolProvider.java,37,injection
jedis.pool.max.total,eblocker-icapserver/src/main/java/org/eblocker/server/common/JedisPoolProvider.java,38,injection
jedis.pool.min.idle,eblocker-icapserver/src/main/java/org/eblocker/server/common/JedisPoolProvider.java,39,injection
jedis.pool.max.idle,eblocker-icapserver/src/main/java/org/eblocker/server/common/JedisPoolProvider.java,40,injection
systemKey,eblocker-icapserver/src/main/java/org/eblocker/server/common/ObjectMapperProvider.java,37,injection
highPrioScheduledExecutor,eblocker-icapserver/src/main/java/org/eblocker/server/common/PauseDeviceController.java,50,injection
unlimitedCachePoolExecutor,eblocker-icapserver/src/main/java/org/eblocker/server/common/blacklist/BlockedDomainLog.java,38,injection
domainblacklist.charset,eblocker-icapserver/src/main/java/org/eblocker/server/common/blacklist/DomainBlacklistService.java,59,injection
domainblacklist.source.path,eblocker-icapserver/src/main/java/org/eblocker/server/common/blacklist/DomainBlacklistService.java,60,injection
domainblacklist.cache.path,eblocker-icapserver/src/main/java/org/eblocker/server/common/blacklist/DomainBlacklistService.java,61,injection
lowPrioScheduledExecutor,eblocker-icapserver/src/main/java/org/eblocker/server/common/blacklist/DomainBlacklistService.java,63,injection
domainblacklist.networkService.host,eblocker-icapserver/src/main/java/org/eblocker/server/common/blacklist/DomainBlockingNetworkService.java,67,injection
domainblacklist.networkService.port,eblocker-icapserver/src/main/java/org/eblocker/server/common/blacklist/DomainBlockingNetworkService.java,68,injection
nettyBossEventGroupLoop,eblocker-icapserver/src/main/java/org/eblocker/server/common/blacklist/DomainBlockingNetworkService.java,69,injection
nettyWorkerEventGroupLoop,eblocker-icapserver/src/main/java/org/eblocker/server/common/blacklist/DomainBlockingNetworkService.java,70,injection
DomainBlockingRequestHandler,eblocker-icapserver/src/main/java/org/eblocker/server/common/blacklist/DomainBlockingNetworkService.java,71,injection
parentalControl.redirect.ip,eblocker-icapserver/src/main/java/org/eblocker/server/common/blacklist/DomainBlockingService.java,108,injection
parentalControl.redirect.despite_disabled_ssl,eblocker-icapserver/src/main/java/org/eblocker/server/common/blacklist/DomainBlockingService.java,109,injection
blocker.localStorage.path,eblocker-icapserver/src/main/java/org/eblocker/server/common/blocker/BlockerService.java,61,injection
lowPrioScheduledExecutor,eblocker-icapserver/src/main/java/org/eblocker/server/common/blocker/BlockerService.java,66,injection
domainRecorder.binLifetimeInSeconds,eblocker-icapserver/src/main/java/org/eblocker/server/common/data/JedisDomainRecordingDataSource.java,50,injection
redis.backup.period,eblocker-icapserver/src/main/java/org/eblocker/server/common/data/RedisBackupService.java,64,injection
redis.backup.max,eblocker-icapserver/src/main/java/org/eblocker/server/common/data/RedisBackupService.java,65,injection
redis.backup.start.timeout,eblocker-icapserver/src/main/java/org/eblocker/server/common/data/RedisBackupService.java,66,injection
redis.snapshot.directory,eblocker-icapserver/src/main/java/org/eblocker/server/common/data/RedisBackupService.java,67,injection
lowPrioScheduledExecutor,eblocker-icapserver/src/main/java/org/eblocker/server/common/data/RedisBackupService.java,69,injection
unlimitedCachePoolExecutor,eblocker-icapserver/src/main/java/org/eblocker/server/common/data/events/DataSourceEventLogger.java,43,injection
events.maximum.number,eblocker-icapserver/src/main/java/org/eblocker/server/common/data/events/JedisEventDataSource.java,44,injection
message.dailyNews.file,eblocker-icapserver/src/main/java/org/eblocker/server/common/data/messagecenter/provider/DailyNewsMessageProvider.java,48,injection
message.filterlists.outdated.days,eblocker-icapserver/src/main/java/org/eblocker/server/common/data/messagecenter/provider/FilterListsOutdatedMessageProvider.java,43,injection
license.expiration.warning.threshold.day,eblocker-icapserver/src/main/java/org/eblocker/server/common/data/messagecenter/provider/LicenseExpirationMessageProvider.java,66,injection
license.expiration.warning.threshold.week,eblocker-icapserver/src/main/java/org/eblocker/server/common/data/messagecenter/provider/LicenseExpirationMessageProvider.java,67,injection
project.version,eblocker-icapserver/src/main/java/org/eblocker/server/common/data/messagecenter/provider/ReleaseNotesMessageProvider.java,63,injection
dns.warning.interval,eblocker-icapserver/src/main/java/org/eblocker/server/common/data/messagecenter/provider/UnreliableDnsServerMessageProvider.java,56,injection
dns.server.enabled.file,eblocker-icapserver/src/main/java/org/eblocker/server/common/data/migrations/SchemaMigrationVersion14.java,47,injection
appmodules.id.custom.min,eblocker-icapserver/src/main/java/org/eblocker/server/common/data/migrations/SchemaMigrationVersion2.java,32,injection
openvpn.server.port,eblocker-icapserver/src/main/java/org/eblocker/server/common/data/migrations/SchemaMigrationVersion29.java,30,injection
parentalControl.standardUser.translation,eblocker-icapserver/src/main/java/org/eblocker/server/common/data/migrations/SchemaMigrationVersion38.java,36,injection
blocker.localStorage.path,eblocker-icapserver/src/main/java/org/eblocker/server/common/data/migrations/SchemaMigrationVersion45.java,58,injection
parentalcontrol.filterlists.file.customercreated.path,eblocker-icapserver/src/main/java/org/eblocker/server/common/data/migrations/SchemaMigrationVersion45.java,59,injection
filter.stats.domains.db.path,eblocker-icapserver/src/main/java/org/eblocker/server/common/data/statistic/BlockedDomainsStatisticService.java,72,injection
filter.stats.domains.heap.size,eblocker-icapserver/src/main/java/org/eblocker/server/common/data/statistic/BlockedDomainsStatisticService.java,73,injection
malware.filter.urls.file.path,eblocker-icapserver/src/main/java/org/eblocker/server/common/malware/MalwareFilterService.java,68,injection
malware.filter.ips.file.path,eblocker-icapserver/src/main/java/org/eblocker/server/common/malware/MalwareFilterService.java,69,injection
malware.filter.ip6s.file.path,eblocker-icapserver/src/main/java/org/eblocker/server/common/malware/MalwareFilterService.java,70,injection
malware.filter.ipset,eblocker-icapserver/src/main/java/org/eblocker/server/common/malware/MalwareFilterService.java,71,injection
malware.filter.ip6set,eblocker-icapserver/src/main/java/org/eblocker/server/common/malware/MalwareFilterService.java,72,injection
arpProbeCache,eblocker-icapserver/src/main/java/org/eblocker/server/common/network/ArpListener.java,57,injection
arp.spoof.healing.packets,eblocker-icapserver/src/main/java/org/eblocker/server/common/network/ArpSpoofer.java,53,injection
arp.spoof.online.threshold,eblocker-icapserver/src/main/java/org/eblocker/server/common/network/ArpSpoofer.java,54,injection
arp.spoof.suspend.period,eblocker-icapserver/src/main/java/org/eblocker/server/common/network/ArpSpoofer.java,55,injection
network.emergency.ip,eblocker-icapserver/src/main/java/org/eblocker/server/common/network/ArpSpoofer.java,56,injection
arpProbeCache,eblocker-icapserver/src/main/java/org/eblocker/server/common/network/ArpSpoofer.java,57,injection
arp.sweep.max.size,eblocker-icapserver/src/main/java/org/eblocker/server/common/network/ArpSweeper.java,40,injection
httpPort,eblocker-icapserver/src/main/java/org/eblocker/server/common/network/BaseURLs.java,41,injection
httpsPort,eblocker-icapserver/src/main/java/org/eblocker/server/common/network/BaseURLs.java,42,injection
url.setup.eblocker,eblocker-icapserver/src/main/java/org/eblocker/server/common/network/BaseURLs.java,43,injection
network.control.bar.host.name,eblocker-icapserver/src/main/java/org/eblocker/server/common/network/BaseURLs.java,44,injection
network.unix.dhcp.dhclientHook.path,eblocker-icapserver/src/main/java/org/eblocker/server/common/network/DhcpBindListener.java,55,injection
arpProbeCache,eblocker-icapserver/src/main/java/org/eblocker/server/common/network/DhcpListener.java,36,injection
highPrioScheduledExecutor,eblocker-icapserver/src/main/java/org/eblocker/server/common/network/Ip6AddressDelayedValidator.java,67,injection
network.ip.monitor.command,eblocker-icapserver/src/main/java/org/eblocker/server/common/network/Ip6AddressMonitor.java,50,injection
kill.process.command,eblocker-icapserver/src/main/java/org/eblocker/server/common/network/Ip6AddressMonitor.java,51,injection
arp.ip.grace.period.seconds,eblocker-icapserver/src/main/java/org/eblocker/server/common/network/IpAddressValidator.java,61,injection
executor.arpValidator.fixedRate,eblocker-icapserver/src/main/java/org/eblocker/server/common/network/IpAddressValidator.java,62,injection
network.vpn.subnet.ip,eblocker-icapserver/src/main/java/org/eblocker/server/common/network/IpAddressValidator.java,64,injection
network.vpn.subnet.netmask,eblocker-icapserver/src/main/java/org/eblocker/server/common/network/IpAddressValidator.java,65,injection
network.interface.name,eblocker-icapserver/src/main/java/org/eblocker/server/common/network/NetworkInterfaceWrapper.java,71,injection
network.emergency.ip,eblocker-icapserver/src/main/java/org/eblocker/server/common/network/NetworkInterfaceWrapper.java,72,injection
find.gateway.command,eblocker-icapserver/src/main/java/org/eblocker/server/common/network/NetworkInterfaceWrapper.java,73,injection
network.vpn.interface.name,eblocker-icapserver/src/main/java/org/eblocker/server/common/network/NetworkInterfaceWrapper.java,74,injection
highPrioScheduledExecutor,eblocker-icapserver/src/main/java/org/eblocker/server/common/network/RouterAdvertisementCache.java,46,injection
tor.config.template.file.path,eblocker-icapserver/src/main/java/org/eblocker/server/common/network/TorConfiguration.java,49,injection
tor.config.file.path,eblocker-icapserver/src/main/java/org/eblocker/server/common/network/TorConfiguration.java,50,injection
tor.telnet.control.port,eblocker-icapserver/src/main/java/org/eblocker/server/common/network/TorController.java,77,injection
network.statistic.dumpIptablesCommand,eblocker-icapserver/src/main/java/org/eblocker/server/common/network/TrafficAccounter.java,75,injection
httpPort,eblocker-icapserver/src/main/java/org/eblocker/server/common/network/ZeroconfRegistrationService.java,45,injection
zeroconf.service.default.name,eblocker-icapserver/src/main/java/org/eblocker/server/common/network/ZeroconfRegistrationService.java,46,injection
network.ip6.ra.router.preference,eblocker-icapserver/src/main/java/org/eblocker/server/common/network/icmpv6/RouterAdvertisementFactory.java,47,injection
network.ip6.ra.router.lifetime,eblocker-icapserver/src/main/java/org/eblocker/server/common/network/icmpv6/RouterAdvertisementFactory.java,48,injection
network.ip6.ra.dns.lifetime,eblocker-icapserver/src/main/java/org/eblocker/server/common/network/icmpv6/RouterAdvertisementFactory.java,49,injection
network.unix.dhclient.leases,eblocker-icapserver/src/main/java/org/eblocker/server/common/network/unix/DhcpClientLeaseReader.java,44,injection
network.interface.name,eblocker-icapserver/src/main/java/org/eblocker/server/common/network/unix/DhcpDiscoveryService.java,50,injection
network.unix.dhcp.discovery.command,eblocker-icapserver/src/main/java/org/eblocker/server/common/network/unix/DhcpDiscoveryService.java,51,injection
network.unix.dhcp.discovery.timeout,eblocker-icapserver/src/main/java/org/eblocker/server/common/network/unix/DhcpDiscoveryService.java,52,injection
network.unix.nameserver.config.read.path,eblocker-icapserver/src/main/java/org/eblocker/server/common/network/unix/DnsConfiguration.java,43,injection
network.unix.nameserver.config.write.path,eblocker-icapserver/src/main/java/org/eblocker/server/common/network/unix/DnsConfiguration.java,44,injection
dns.server.default.enabled,eblocker-icapserver/src/main/java/org/eblocker/server/common/network/unix/DnsEnableByDefaultChecker.java,38,injection
dns.server.default.disable.file,eblocker-icapserver/src/main/java/org/eblocker/server/common/network/unix/DnsEnableByDefaultChecker.java,39,injection
dns.server.gateway.local.names,eblocker-icapserver/src/main/java/org/eblocker/server/common/network/unix/DnsGatewayNames.java,56,injection
nettyWorkerEventGroupLoop,eblocker-icapserver/src/main/java/org/eblocker/server/common/network/unix/DnsResolver.java,54,injection
dns.server.channel.command.flush,eblocker-icapserver/src/main/java/org/eblocker/server/common/network/unix/EblockerDnsServer.java,108,injection
dns.server.channel.command.update,eblocker-icapserver/src/main/java/org/eblocker/server/common/network/unix/EblockerDnsServer.java,109,injection
dns.server.default.custom.name.servers,eblocker-icapserver/src/main/java/org/eblocker/server/common/network/unix/EblockerDnsServer.java,110,injection
dns.server.default.local.names,eblocker-icapserver/src/main/java/org/eblocker/server/common/network/unix/EblockerDnsServer.java,111,injection
dns.server.default.tor.name.servers,eblocker-icapserver/src/main/java/org/eblocker/server/common/network/unix/EblockerDnsServer.java,112,injection
dns.server.enabled.file,eblocker-icapserver/src/main/java/org/eblocker/server/common/network/unix/EblockerDnsServer.java,113,injection
network.control.bar.host.name,eblocker-icapserver/src/main/java/org/eblocker/server/common/network/unix/EblockerDnsServer.java,114,injection
network.control.bar.host.fallback.ip,eblocker-icapserver/src/main/java/org/eblocker/server/common/network/unix/EblockerDnsServer.java,115,injection
network.vpn.subnet.ip,eblocker-icapserver/src/main/java/org/eblocker/server/common/network/unix/EblockerDnsServer.java,116,injection
network.vpn.subnet.netmask,eblocker-icapserver/src/main/java/org/eblocker/server/common/network/unix/EblockerDnsServer.java,117,injection
network.unix.firewall.config.full.path,eblocker-icapserver/src/main/java/org/eblocker/server/common/network/unix/FirewallConfigurationIp4.java,49,injection
network.unix.firewall.config.delta.path,eblocker-icapserver/src/main/java/org/eblocker/server/common/network/unix/FirewallConfigurationIp4.java,50,injection
network.unix.firewall.ip6.config.full.path,eblocker-icapserver/src/main/java/org/eblocker/server/common/network/unix/FirewallConfigurationIp6.java,43,injection
network.unix.firewall.ip6.config.delta.path,eblocker-icapserver/src/main/java/org/eblocker/server/common/network/unix/FirewallConfigurationIp6.java,44,injection
network.unix.ipset.checkSupport.command,eblocker-icapserver/src/main/java/org/eblocker/server/common/network/unix/IpSets.java,48,injection
network.unix.ipset.restore.command,eblocker-icapserver/src/main/java/org/eblocker/server/common/network/unix/IpSets.java,49,injection
network.unix.dhcpd.config.path,eblocker-icapserver/src/main/java/org/eblocker/server/common/network/unix/IscDhcpServer.java,44,injection
network.unix.dhcpd.apply.config.command,eblocker-icapserver/src/main/java/org/eblocker/server/common/network/unix/IscDhcpServer.java,45,injection
network.unix.dhcpd.enable.command,eblocker-icapserver/src/main/java/org/eblocker/server/common/network/unix/IscDhcpServer.java,46,injection
network.unix.dhcpd.disable.command,eblocker-icapserver/src/main/java/org/eblocker/server/common/network/unix/IscDhcpServer.java,47,injection
network.interface.name,eblocker-icapserver/src/main/java/org/eblocker/server/common/network/unix/NetworkInterfaceAliases.java,58,injection
network.alias.min,eblocker-icapserver/src/main/java/org/eblocker/server/common/network/unix/NetworkInterfaceAliases.java,59,injection
network.alias.max,eblocker-icapserver/src/main/java/org/eblocker/server/common/network/unix/NetworkInterfaceAliases.java,60,injection
network.alias.script.add,eblocker-icapserver/src/main/java/org/eblocker/server/common/network/unix/NetworkInterfaceAliases.java,61,injection
network.alias.script.remove,eblocker-icapserver/src/main/java/org/eblocker/server/common/network/unix/NetworkInterfaceAliases.java,62,injection
network.unix.interfaces.config.path,eblocker-icapserver/src/main/java/org/eblocker/server/common/network/unix/NetworkInterfaceConfiguration.java,40,injection
network.interface.name,eblocker-icapserver/src/main/java/org/eblocker/server/common/network/unix/NetworkInterfaceConfiguration.java,41,injection
network.emergency.ip,eblocker-icapserver/src/main/java/org/eblocker/server/common/network/unix/NetworkInterfaceConfiguration.java,42,injection
network.emergency.netmask,eblocker-icapserver/src/main/java/org/eblocker/server/common/network/unix/NetworkInterfaceConfiguration.java,43,injection
highPrioScheduledExecutor,eblocker-icapserver/src/main/java/org/eblocker/server/common/network/unix/NetworkServicesUnix.java,72,injection
executor.arpSpoofer.startupDelay,eblocker-icapserver/src/main/java/org/eblocker/server/common/network/unix/NetworkServicesUnix.java,77,injection
executor.arpSpoofer.fixedDelay,eblocker-icapserver/src/main/java/org/eblocker/server/common/network/unix/NetworkServicesUnix.java,78,injection
network.unix.apply.configuration.command,eblocker-icapserver/src/main/java/org/eblocker/server/common/network/unix/NetworkServicesUnix.java,79,injection
network.unix.apply.firewall.configuration.command,eblocker-icapserver/src/main/java/org/eblocker/server/common/network/unix/NetworkServicesUnix.java,80,injection
network.unix.enable.ip6,eblocker-icapserver/src/main/java/org/eblocker/server/common/network/unix/NetworkServicesUnix.java,81,injection
network.interface.name,eblocker-icapserver/src/main/java/org/eblocker/server/common/network/unix/firewall/TableGeneratorIp4.java,50,injection
network.vpn.interface.name,eblocker-icapserver/src/main/java/org/eblocker/server/common/network/unix/firewall/TableGeneratorIp4.java,51,injection
network.vpn.subnet.ip,eblocker-icapserver/src/main/java/org/eblocker/server/common/network/unix/firewall/TableGeneratorIp4.java,52,injection
network.vpn.subnet.netmask,eblocker-icapserver/src/main/java/org/eblocker/server/common/network/unix/firewall/TableGeneratorIp4.java,53,injection
proxyPort,eblocker-icapserver/src/main/java/org/eblocker/server/common/network/unix/firewall/TableGeneratorIp4.java,54,injection
proxyHTTPSPort,eblocker-icapserver/src/main/java/org/eblocker/server/common/network/unix/firewall/TableGeneratorIp4.java,55,injection
squid.uid,eblocker-icapserver/src/main/java/org/eblocker/server/common/network/unix/firewall/TableGeneratorIp4.java,56,injection
httpPort,eblocker-icapserver/src/main/java/org/eblocker/server/common/network/unix/firewall/TableGeneratorIp4.java,57,injection
httpsPort,eblocker-icapserver/src/main/java/org/eblocker/server/common/network/unix/firewall/TableGeneratorIp4.java,58,injection
parentalControl.redirect.ip,eblocker-icapserver/src/main/java/org/eblocker/server/common/network/unix/firewall/TableGeneratorIp4.java,59,injection
parentalControl.redirect.http.port,eblocker-icapserver/src/main/java/org/eblocker/server/common/network/unix/firewall/TableGeneratorIp4.java,60,injection
parentalControl.redirect.https.port,eblocker-icapserver/src/main/java/org/eblocker/server/common/network/unix/firewall/TableGeneratorIp4.java,61,injection
network.control.bar.host.fallback.ip,eblocker-icapserver/src/main/java/org/eblocker/server/common/network/unix/firewall/TableGeneratorIp4.java,62,injection
malware.filter.ipset.name,eblocker-icapserver/src/main/java/org/eblocker/server/common/network/unix/firewall/TableGeneratorIp4.java,63,injection
openvpn.server.port,eblocker-icapserver/src/main/java/org/eblocker/server/common/network/unix/firewall/TableGeneratorIp4.java,64,injection
dns.server.port,eblocker-icapserver/src/main/java/org/eblocker/server/common/network/unix/firewall/TableGeneratorIp4.java,65,injection
tor.port,eblocker-icapserver/src/main/java/org/eblocker/server/common/network/unix/firewall/TableGeneratorIp4.java,66,injection
tor.dns.port,eblocker-icapserver/src/main/java/org/eblocker/server/common/network/unix/firewall/TableGeneratorIp4.java,67,injection
tor.mark,eblocker-icapserver/src/main/java/org/eblocker/server/common/network/unix/firewall/TableGeneratorIp4.java,68,injection
network.interface.name,eblocker-icapserver/src/main/java/org/eblocker/server/common/network/unix/firewall/TableGeneratorIp6.java,41,injection
network.vpn.interface.name,eblocker-icapserver/src/main/java/org/eblocker/server/common/network/unix/firewall/TableGeneratorIp6.java,42,injection
httpPort,eblocker-icapserver/src/main/java/org/eblocker/server/common/network/unix/firewall/TableGeneratorIp6.java,43,injection
httpsPort,eblocker-icapserver/src/main/java/org/eblocker/server/common/network/unix/firewall/TableGeneratorIp6.java,44,injection
proxyPort,eblocker-icapserver/src/main/java/org/eblocker/server/common/network/unix/firewall/TableGeneratorIp6.java,45,injection
proxyHTTPSPort,eblocker-icapserver/src/main/java/org/eblocker/server/common/network/unix/firewall/TableGeneratorIp6.java,46,injection
dns.server.port,eblocker-icapserver/src/main/java/org/eblocker/server/common/network/unix/firewall/TableGeneratorIp6.java,47,injection
malware.filter.ip6set.name,eblocker-icapserver/src/main/java/org/eblocker/server/common/network/unix/firewall/TableGeneratorIp6.java,48,injection
tor.port,eblocker-icapserver/src/main/java/org/eblocker/server/common/network/unix/firewall/TableGeneratorIp6.java,49,injection
tor.dns.port,eblocker-icapserver/src/main/java/org/eblocker/server/common/network/unix/firewall/TableGeneratorIp6.java,50,injection
tor.mark,eblocker-icapserver/src/main/java/org/eblocker/server/common/network/unix/firewall/TableGeneratorIp6.java,51,injection
unlimitedCachePoolExecutor,eblocker-icapserver/src/main/java/org/eblocker/server/common/openvpn/OpenVpnChannel.java,52,injection
start.openvpn.instance.command,eblocker-icapserver/src/main/java/org/eblocker/server/common/openvpn/OpenVpnClient.java,87,injection
kill.process.command,eblocker-icapserver/src/main/java/org/eblocker/server/common/openvpn/OpenVpnClient.java,88,injection
unlimitedCachePoolExecutor,eblocker-icapserver/src/main/java/org/eblocker/server/common/openvpn/OpenVpnClient.java,96,injection
openvpn.profiles.folder.path,eblocker-icapserver/src/main/java/org/eblocker/server/common/openvpn/OpenVpnProfileFiles.java,59,injection
vpn.keepalive.ping.target,eblocker-icapserver/src/main/java/org/eblocker/server/common/openvpn/OpenVpnService.java,93,injection
killall.openvpn.command,eblocker-icapserver/src/main/java/org/eblocker/server/common/openvpn/OpenVpnService.java,94,injection
openvpn.profile.password.mask,eblocker-icapserver/src/main/java/org/eblocker/server/common/openvpn/OpenVpnService.java,96,injection
openvpn.cache.stoppedClientTimeout,eblocker-icapserver/src/main/java/org/eblocker/server/common/openvpn/OpenVpnService.java,97,injection
vpn.iproute2.rttables.file.path,eblocker-icapserver/src/main/java/org/eblocker/server/common/openvpn/RoutingController.java,58,injection
vpn.iproute2.rttables.temp.result.file.path,eblocker-icapserver/src/main/java/org/eblocker/server/common/openvpn/RoutingController.java,59,injection
vpn.iproute2.rttables.name.prefix,eblocker-icapserver/src/main/java/org/eblocker/server/common/openvpn/RoutingController.java,60,injection
vpn.iproute2.rttables.offset,eblocker-icapserver/src/main/java/org/eblocker/server/common/openvpn/RoutingController.java,61,injection
vpn.iproute2.rttables.route.min,eblocker-icapserver/src/main/java/org/eblocker/server/common/openvpn/RoutingController.java,62,injection
vpn.iproute2.rttables.route.max,eblocker-icapserver/src/main/java/org/eblocker/server/common/openvpn/RoutingController.java,63,injection
vpn.reconfigure.routing.tables.command,eblocker-icapserver/src/main/java/org/eblocker/server/common/openvpn/RoutingController.java,64,injection
vpn.reconfigure.policy,eblocker-icapserver/src/main/java/org/eblocker/server/common/openvpn/RoutingController.java,65,injection
vpn.set.client.route,eblocker-icapserver/src/main/java/org/eblocker/server/common/openvpn/RoutingController.java,66,injection
vpn.set.client.route.ip6,eblocker-icapserver/src/main/java/org/eblocker/server/common/openvpn/RoutingController.java,67,injection
vpn.clear.client.route,eblocker-icapserver/src/main/java/org/eblocker/server/common/openvpn/RoutingController.java,68,injection
kill.process.command,eblocker-icapserver/src/main/java/org/eblocker/server/common/openvpn/VpnKeepAlive.java,57,injection
ping.process.command,eblocker-icapserver/src/main/java/org/eblocker/server/common/openvpn/VpnKeepAlive.java,58,injection
vpn.keepalive.ping.interval,eblocker-icapserver/src/main/java/org/eblocker/server/common/openvpn/VpnKeepAlive.java,59,injection
vpn.keepalive.ping.noAnswerThreshold,eblocker-icapserver/src/main/java/org/eblocker/server/common/openvpn/VpnKeepAlive.java,60,injection
unlimitedCachePoolExecutor,eblocker-icapserver/src/main/java/org/eblocker/server/common/openvpn/VpnKeepAlive.java,61,injection
openvpn.configuration.options.group,eblocker-icapserver/src/main/java/org/eblocker/server/common/openvpn/configuration/OpenVpnConfigurationParser.java,42,injection
openvpn.configuration.options.blacklist,eblocker-icapserver/src/main/java/org/eblocker/server/common/openvpn/configuration/OpenVpnConfigurator.java,57,injection
openvpn.configuration.options.whitelist,eblocker-icapserver/src/main/java/org/eblocker/server/common/openvpn/configuration/OpenVpnConfigurator.java,58,injection
openvpn.configuration.options.file,eblocker-icapserver/src/main/java/org/eblocker/server/common/openvpn/configuration/OpenVpnConfigurator.java,59,injection
openvpn.configuration.default-options,eblocker-icapserver/src/main/java/org/eblocker/server/common/openvpn/configuration/OpenVpnConfigurator.java,60,injection
openvpn.configuration.options.file,eblocker-icapserver/src/main/java/org/eblocker/server/common/openvpn/configuration/OpenVpnFileOptionValidator.java,46,injection
lowPrioScheduledExecutor,eblocker-icapserver/src/main/java/org/eblocker/server/common/openvpn/connection/MobileConnectionCheckService.java,58,injection
openvpn.server.portforwarding.duration.connectiontest,eblocker-icapserver/src/main/java/org/eblocker/server/common/openvpn/connection/MobileConnectionCheckService.java,62,injection
openvpn.server.port,eblocker-icapserver/src/main/java/org/eblocker/server/common/openvpn/connection/MobileConnectionCheckService.java,63,injection
openvpn.server.portforwarding.description,eblocker-icapserver/src/main/java/org/eblocker/server/common/openvpn/connection/MobileConnectionCheckService.java,64,injection
mobile.connection.check.timeout,eblocker-icapserver/src/main/java/org/eblocker/server/common/openvpn/connection/MobileConnectionCheckTask.java,88,injection
mobile.connection.check.messages,eblocker-icapserver/src/main/java/org/eblocker/server/common/openvpn/connection/MobileConnectionCheckTask.java,89,injection
mobile.connection.check.result.poll.interval,eblocker-icapserver/src/main/java/org/eblocker/server/common/openvpn/connection/MobileConnectionCheckTask.java,90,injection
mobile.connection.check.result.poll.tries,eblocker-icapserver/src/main/java/org/eblocker/server/common/openvpn/connection/MobileConnectionCheckTask.java,91,injection
mobile.connection.check.protocols,eblocker-icapserver/src/main/java/org/eblocker/server/common/openvpn/connection/MobileConnectionCheckTask.java,92,injection
openvpn.server.port,eblocker-icapserver/src/main/java/org/eblocker/server/common/openvpn/connection/MobileConnectionCheckTask.java,93,injection
nettyBossEventGroupLoop,eblocker-icapserver/src/main/java/org/eblocker/server/common/openvpn/connection/MobileConnectionCheckTask.java,96,injection
nettyWorkerEventGroupLoop,eblocker-icapserver/src/main/java/org/eblocker/server/common/openvpn/connection/MobileConnectionCheckTask.java,97,injection
network.vpn.subnet.ip,eblocker-icapserver/src/main/java/org/eblocker/server/common/openvpn/server/OpenVpnAddressListener.java,73,injection
network.vpn.subnet.netmask,eblocker-icapserver/src/main/java/org/eblocker/server/common/openvpn/server/OpenVpnAddressListener.java,74,injection
openvpn.server.ca.path,eblocker-icapserver/src/main/java/org/eblocker/server/common/openvpn/server/OpenVpnCa.java,90,injection
openvpn.server.path,eblocker-icapserver/src/main/java/org/eblocker/server/common/openvpn/server/OpenVpnClientConfigurationService.java,52,injection
openvpn.server.client.windows-template,eblocker-icapserver/src/main/java/org/eblocker/server/common/openvpn/server/OpenVpnClientConfigurationService.java,53,injection
openvpn.server.client.unix-template,eblocker-icapserver/src/main/java/org/eblocker/server/common/openvpn/server/OpenVpnClientConfigurationService.java,54,injection
openvpn.server.client.macos-template,eblocker-icapserver/src/main/java/org/eblocker/server/common/openvpn/server/OpenVpnClientConfigurationService.java,55,injection
pagecontext.cache.size,eblocker-icapserver/src/main/java/org/eblocker/server/common/page/PageContextStore.java,37,injection
jedis.pubsub.retry.delay,eblocker-icapserver/src/main/java/org/eblocker/server/common/pubsub/JedisPubSubService.java,39,injection
domainRecorder.binLengthInSeconds,eblocker-icapserver/src/main/java/org/eblocker/server/common/recorder/DomainRequestRecorder.java,49,injection
highPrioScheduledExecutor,eblocker-icapserver/src/main/java/org/eblocker/server/common/recorder/TransactionRecorder.java,81,injection
transactionRecorder.default.size,eblocker-icapserver/src/main/java/org/eblocker/server/common/recorder/TransactionRecorder.java,84,injection
transactionRecorder.default.time,eblocker-icapserver/src/main/java/org/eblocker/server/common/recorder/TransactionRecorder.java,85,injection
transactionRecorder.max.size,eblocker-icapserver/src/main/java/org/eblocker/server/common/recorder/TransactionRecorder.java,86,injection
transactionRecorder.max.time,eblocker-icapserver/src/main/java/org/eblocker/server/common/recorder/TransactionRecorder.java,87,injection
baseurl.my,eblocker-icapserver/src/main/java/org/eblocker/server/common/registration/DeviceRegistrationClient.java,101,injection
registration.backend.url.path,eblocker-icapserver/src/main/java/org/eblocker/server/common/registration/DeviceRegistrationClient.java,102,injection
baseurl.api,eblocker-icapserver/src/main/java/org/eblocker/server/common/registration/DeviceRegistrationClient.java,103,injection
registration.device.url.path,eblocker-icapserver/src/main/java/org/eblocker/server/common/registration/DeviceRegistrationClient.java,104,injection
baseurl.my,eblocker-icapserver/src/main/java/org/eblocker/server/common/registration/DeviceRegistrationClient.java,105,injection
registration.tos.url.path,eblocker-icapserver/src/main/java/org/eblocker/server/common/registration/DeviceRegistrationClient.java,106,injection
registration.device.serialnumber,eblocker-icapserver/src/main/java/org/eblocker/server/common/registration/DeviceRegistrationClient.java,107,injection
registration.device.id,eblocker-icapserver/src/main/java/org/eblocker/server/common/registration/DeviceRegistrationClient.java,108,injection
registration.truststore.resource,eblocker-icapserver/src/main/java/org/eblocker/server/common/registration/DeviceRegistrationClient.java,109,injection
registration.truststore.password,eblocker-icapserver/src/main/java/org/eblocker/server/common/registration/DeviceRegistrationClient.java,110,injection
registration.connection.connectTimeout,eblocker-icapserver/src/main/java/org/eblocker/server/common/registration/DeviceRegistrationClient.java,111,injection
registration.connection.readTimeout,eblocker-icapserver/src/main/java/org/eblocker/server/common/registration/DeviceRegistrationClient.java,112,injection
baseurl.api,eblocker-icapserver/src/main/java/org/eblocker/server/common/registration/DeviceRegistrationClient.java,113,injection
mobile.connection.check.url.path,eblocker-icapserver/src/main/java/org/eblocker/server/common/registration/DeviceRegistrationClient.java,114,injection
dyndns.ip.update.path,eblocker-icapserver/src/main/java/org/eblocker/server/common/registration/DeviceRegistrationClient.java,115,injection
mobile.dns.check.url.path,eblocker-icapserver/src/main/java/org/eblocker/server/common/registration/DeviceRegistrationClient.java,116,injection
project.version,eblocker-icapserver/src/main/java/org/eblocker/server/common/registration/DeviceRegistrationClient.java,120,injection
registration.curl.command,eblocker-icapserver/src/main/java/org/eblocker/server/common/registration/DeviceRegistrationLicenseStateImpl.java,38,injection
registration.license.key,eblocker-icapserver/src/main/java/org/eblocker/server/common/registration/DeviceRegistrationLicenseStateImpl.java,39,injection
registration.license.cert,eblocker-icapserver/src/main/java/org/eblocker/server/common/registration/DeviceRegistrationLicenseStateImpl.java,40,injection
baseurl.apt,eblocker-icapserver/src/main/java/org/eblocker/server/common/registration/DeviceRegistrationLicenseStateImpl.java,41,injection
registration.apt.url.path,eblocker-icapserver/src/main/java/org/eblocker/server/common/registration/DeviceRegistrationLicenseStateImpl.java,42,injection
registration.truststore.copy,eblocker-icapserver/src/main/java/org/eblocker/server/common/registration/DeviceRegistrationLicenseStateImpl.java,43,injection
systemKey,eblocker-icapserver/src/main/java/org/eblocker/server/common/registration/DeviceRegistrationProperties.java,129,injection
registration.properties,eblocker-icapserver/src/main/java/org/eblocker/server/common/registration/DeviceRegistrationProperties.java,130,injection
registration.license.key,eblocker-icapserver/src/main/java/org/eblocker/server/common/registration/DeviceRegistrationProperties.java,131,injection
registration.license.cert,eblocker-icapserver/src/main/java/org/eblocker/server/common/registration/DeviceRegistrationProperties.java,132,injection
registration.truststore.resource,eblocker-icapserver/src/main/java/org/eblocker/server/common/registration/DeviceRegistrationProperties.java,133,injection
registration.truststore.password,eblocker-icapserver/src/main/java/org/eblocker/server/common/registration/DeviceRegistrationProperties.java,134,injection
registration.truststore.copy,eblocker-icapserver/src/main/java/org/eblocker/server/common/registration/DeviceRegistrationProperties.java,135,injection
registration.keySize,eblocker-icapserver/src/main/java/org/eblocker/server/common/registration/DeviceRegistrationProperties.java,136,injection
registration.default.type,eblocker-icapserver/src/main/java/org/eblocker/server/common/registration/DeviceRegistrationProperties.java,137,injection
registration.warning.period,eblocker-icapserver/src/main/java/org/eblocker/server/common/registration/DeviceRegistrationProperties.java,138,injection
registration.lifetime.indicator,eblocker-icapserver/src/main/java/org/eblocker/server/common/registration/DeviceRegistrationProperties.java,139,injection
tmpDir,eblocker-icapserver/src/main/java/org/eblocker/server/common/registration/DeviceRegistrationProperties.java,140,injection
executor.appModuleListUpdater.startupDelay,eblocker-icapserver/src/main/java/org/eblocker/server/common/scheduler/AppModuleServiceScheduler.java,27,injection
executor.appModuleListUpdater.fixedDelay,eblocker-icapserver/src/main/java/org/eblocker/server/common/scheduler/AppModuleServiceScheduler.java,28,injection
executor.filter.stats.domain.startupDelay,eblocker-icapserver/src/main/java/org/eblocker/server/common/scheduler/BlockedDomainsWriteScheduler.java,26,injection
executor.filter.stats.domain.fixedDelay,eblocker-icapserver/src/main/java/org/eblocker/server/common/scheduler/BlockedDomainsWriteScheduler.java,27,injection
executor.custom.blocker.update.startupDelay,eblocker-icapserver/src/main/java/org/eblocker/server/common/scheduler/BlockerUpdateScheduler.java,27,injection
executor.custom.blocker.update.fixedRate,eblocker-icapserver/src/main/java/org/eblocker/server/common/scheduler/BlockerUpdateScheduler.java,28,injection
executor.contentFilter.update.startupDelay,eblocker-icapserver/src/main/java/org/eblocker/server/common/scheduler/ContentFilterUpdateScheduler.java,26,injection
executor.contentFilter.update.fixedRate,eblocker-icapserver/src/main/java/org/eblocker/server/common/scheduler/ContentFilterUpdateScheduler.java,27,injection
executor.deviceServiceCacheRefresh.startupDelay,eblocker-icapserver/src/main/java/org/eblocker/server/common/scheduler/DeviceServiceScheduler.java,27,injection
executor.deviceServiceCacheRefresh.fixedRate,eblocker-icapserver/src/main/java/org/eblocker/server/common/scheduler/DeviceServiceScheduler.java,28,injection
executor.dns.gatewayNames.startupDelay,eblocker-icapserver/src/main/java/org/eblocker/server/common/scheduler/DnsGatewayNamesScheduler.java,26,injection
executor.dns.gatewayNames.fixedRate,eblocker-icapserver/src/main/java/org/eblocker/server/common/scheduler/DnsGatewayNamesScheduler.java,27,injection
executor.dns.stats.update.startupDelay,eblocker-icapserver/src/main/java/org/eblocker/server/common/scheduler/DnsStatisticsScheduler.java,28,injection
executor.dns.stats.update.fixedRate,eblocker-icapserver/src/main/java/org/eblocker/server/common/scheduler/DnsStatisticsScheduler.java,29,injection
executor.dynDnsUpdate.startupDelay,eblocker-icapserver/src/main/java/org/eblocker/server/common/scheduler/DynDnsUpdateScheduler.java,27,injection
executor.dynDnsUpdate.fixedRate,eblocker-icapserver/src/main/java/org/eblocker/server/common/scheduler/DynDnsUpdateScheduler.java,28,injection
executor.asynchronousLearner.startupDelay,eblocker-icapserver/src/main/java/org/eblocker/server/common/scheduler/FilterManagerScheduler.java,36,injection
executor.asynchronousLearner.fixedDelay,eblocker-icapserver/src/main/java/org/eblocker/server/common/scheduler/FilterManagerScheduler.java,37,injection
executor.filterStoreUpdater.startupDelay,eblocker-icapserver/src/main/java/org/eblocker/server/common/scheduler/FilterManagerScheduler.java,38,injection
executor.filterStoreUpdater.fixedDelay,eblocker-icapserver/src/main/java/org/eblocker/server/common/scheduler/FilterManagerScheduler.java,39,injection
executor.filter.stats.delete.startupDelay,eblocker-icapserver/src/main/java/org/eblocker/server/common/scheduler/FilterStatisticsDeleteScheduler.java,28,injection
executor.filter.stats.delete.fixedRate,eblocker-icapserver/src/main/java/org/eblocker/server/common/scheduler/FilterStatisticsDeleteScheduler.java,29,injection
executor.filter.stats.update.startupDelay,eblocker-icapserver/src/main/java/org/eblocker/server/common/scheduler/FilterStatisticsUpdateScheduler.java,28,injection
executor.filter.stats.update.fixedRate,eblocker-icapserver/src/main/java/org/eblocker/server/common/scheduler/FilterStatisticsUpdateScheduler.java,29,injection
executor.ip6MulticastPing.startupDelay,eblocker-icapserver/src/main/java/org/eblocker/server/common/scheduler/Ip6MulticastPingScheduler.java,26,injection
executor.ip6MulticastPing.fixedRate,eblocker-icapserver/src/main/java/org/eblocker/server/common/scheduler/Ip6MulticastPingScheduler.java,27,injection
executor.ip6RouterAdvertisement.startupDelay,eblocker-icapserver/src/main/java/org/eblocker/server/common/scheduler/Ip6RouterAdvertiserScheduler.java,27,injection
executor.ip6RouterAdvertisement.fixedRate,eblocker-icapserver/src/main/java/org/eblocker/server/common/scheduler/Ip6RouterAdvertiserScheduler.java,28,injection
executor.ip6RouterAdvertisement.maxRetries,eblocker-icapserver/src/main/java/org/eblocker/server/common/scheduler/Ip6RouterAdvertiserScheduler.java,29,injection
executor.arpValidator.startupDelay,eblocker-icapserver/src/main/java/org/eblocker/server/common/scheduler/IpAdressValidatorScheduler.java,26,injection
executor.arpValidator.fixedRate,eblocker-icapserver/src/main/java/org/eblocker/server/common/scheduler/IpAdressValidatorScheduler.java,27,injection
executor.licenseExpirationCheck.startupDelay,eblocker-icapserver/src/main/java/org/eblocker/server/common/scheduler/LicenseExpirationCheckScheduler.java,27,injection
executor.licenseExpirationCheck.fixedRate,eblocker-icapserver/src/main/java/org/eblocker/server/common/scheduler/LicenseExpirationCheckScheduler.java,28,injection
executor.malware.update.startupDelay,eblocker-icapserver/src/main/java/org/eblocker/server/common/scheduler/MalwareUpdateScheduler.java,27,injection
executor.malware.update.fixedRate,eblocker-icapserver/src/main/java/org/eblocker/server/common/scheduler/MalwareUpdateScheduler.java,28,injection
executor.messageCenterServiceUpdate.startupDelay,eblocker-icapserver/src/main/java/org/eblocker/server/common/scheduler/MessageCenterServiceScheduler.java,27,injection
executor.messageCenterServiceUpdate.fixedRate,eblocker-icapserver/src/main/java/org/eblocker/server/common/scheduler/MessageCenterServiceScheduler.java,28,injection
executor.openVpnServiceCacheCleaner.startupDelay,eblocker-icapserver/src/main/java/org/eblocker/server/common/scheduler/OpenVpnServiceScheduler.java,27,injection
executor.openVpnServiceCacheCleaner.fixedRate,eblocker-icapserver/src/main/java/org/eblocker/server/common/scheduler/OpenVpnServiceScheduler.java,28,injection
executor.parentalControlAccessRestrictionsService.startupDelay,eblocker-icapserver/src/main/java/org/eblocker/server/common/scheduler/PCAccessRestrictionsServiceScheduler.java,28,injection
executor.parentalControlAccessRestrictionsService.fixedRate,eblocker-icapserver/src/main/java/org/eblocker/server/common/scheduler/PCAccessRestrictionsServiceScheduler.java,29,injection
executor.problematicRouterDetection.startupDelay,eblocker-icapserver/src/main/java/org/eblocker/server/common/scheduler/ProblematicRouterDetectionScheduler.java,34,injection
executor.problematicRouterDetection.fixedRate,eblocker-icapserver/src/main/java/org/eblocker/server/common/scheduler/ProblematicRouterDetectionScheduler.java,35,injection
executor.recorded.domains.writer.startupDelay,eblocker-icapserver/src/main/java/org/eblocker/server/common/scheduler/RecordedDomainsWriteScheduler.java,30,injection
executor.recorded.domains.writer.fixedDelay,eblocker-icapserver/src/main/java/org/eblocker/server/common/scheduler/RecordedDomainsWriteScheduler.java,31,injection
executor.sessionPurger.startupDelay,eblocker-icapserver/src/main/java/org/eblocker/server/common/scheduler/SessionPurgerScheduler.java,27,injection
executor.sessionPurger.fixedDelay,eblocker-icapserver/src/main/java/org/eblocker/server/common/scheduler/SessionPurgerScheduler.java,28,injection
executor.startupTask.startupDelay,eblocker-icapserver/src/main/java/org/eblocker/server/common/scheduler/StartupTaskScheduler.java,27,injection
executor.trafficAccounter.startupDelay,eblocker-icapserver/src/main/java/org/eblocker/server/common/scheduler/TrafficAccounterScheduler.java,27,injection
executor.trafficAccounter.fixedRate,eblocker-icapserver/src/main/java/org/eblocker/server/common/scheduler/TrafficAccounterScheduler.java,28,injection
executor.upnpWatchdog.startupDelay,eblocker-icapserver/src/main/java/org/eblocker/server/common/scheduler/UpnpWatchdogScheduler.java,27,injection
executor.upnpWatchdog.fixedRate,eblocker-icapserver/src/main/java/org/eblocker/server/common/scheduler/UpnpWatchdogScheduler.java,28,injection
unlimitedCachePoolExecutor,eblocker-icapserver/src/main/java/org/eblocker/server/common/service/DomainRecordingService.java,41,injection
unlimitedCachePoolExecutor,eblocker-icapserver/src/main/java/org/eblocker/server/common/service/FeatureServiceSubscriber.java,62,injection
features.enable.ip6,eblocker-icapserver/src/main/java/org/eblocker/server/common/service/FeatureToggleRouter.java,32,injection
filter.stats.days,eblocker-icapserver/src/main/java/org/eblocker/server/common/service/FilterStatisticsService.java,59,injection
squid.cache.log,eblocker-icapserver/src/main/java/org/eblocker/server/common/squid/SquidCacheLogReader.java,60,injection
squid.cache.log.reader.sleep,eblocker-icapserver/src/main/java/org/eblocker/server/common/squid/SquidCacheLogReader.java,61,injection
unlimitedCachePoolExecutor,eblocker-icapserver/src/main/java/org/eblocker/server/common/squid/SquidCacheLogReader.java,63,injection
squid.acl.ssl.clients,eblocker-icapserver/src/main/java/org/eblocker/server/common/squid/SquidConfigController.java,121,injection
squid.acl.tor.clients,eblocker-icapserver/src/main/java/org/eblocker/server/common/squid/SquidConfigController.java,122,injection
squid.acl.disabled.clients,eblocker-icapserver/src/main/java/org/eblocker/server/common/squid/SquidConfigController.java,123,injection
squid.acl.filtered.clients,eblocker-icapserver/src/main/java/org/eblocker/server/common/squid/SquidConfigController.java,124,injection
squid.acl.mobile.clients,eblocker-icapserver/src/main/java/org/eblocker/server/common/squid/SquidConfigController.java,125,injection
squid.acl.mobile.clients.private.network.access,eblocker-icapserver/src/main/java/org/eblocker/server/common/squid/SquidConfigController.java,126,injection
squid.vpn.acl.directory.path,eblocker-icapserver/src/main/java/org/eblocker/server/common/squid/SquidConfigController.java,127,injection
squid.mime.types.acl.file.path,eblocker-icapserver/src/main/java/org/eblocker/server/common/squid/SquidConfigController.java,128,injection
squid.xForward.domains.acl.file.path,eblocker-icapserver/src/main/java/org/eblocker/server/common/squid/SquidConfigController.java,129,injection
squid.xForward.ips.acl.file.path,eblocker-icapserver/src/main/java/org/eblocker/server/common/squid/SquidConfigController.java,130,injection
squid.xForward.ips,eblocker-icapserver/src/main/java/org/eblocker/server/common/squid/SquidConfigController.java,131,injection
squid.clear.cert.cache.command,eblocker-icapserver/src/main/java/org/eblocker/server/common/squid/SquidConfigController.java,132,injection
squid.config.template.file.path,eblocker-icapserver/src/main/java/org/eblocker/server/common/squid/SquidConfigController.java,133,injection
squid.config.static.file.path,eblocker-icapserver/src/main/java/org/eblocker/server/common/squid/SquidConfigController.java,134,injection
squid.config.ssl.exclusive.file.path,eblocker-icapserver/src/main/java/org/eblocker/server/common/squid/SquidConfigController.java,135,injection
squid.config.noSsl.exclusive.file.path,eblocker-icapserver/src/main/java/org/eblocker/server/common/squid/SquidConfigController.java,136,injection
squid.config.file.path,eblocker-icapserver/src/main/java/org/eblocker/server/common/squid/SquidConfigController.java,137,injection
squid.cache.log,eblocker-icapserver/src/main/java/org/eblocker/server/common/squid/SquidConfigController.java,138,injection
squid.ssl.ca.key,eblocker-icapserver/src/main/java/org/eblocker/server/common/squid/SquidConfigController.java,139,injection
squid.ssl.ca.cert,eblocker-icapserver/src/main/java/org/eblocker/server/common/squid/SquidConfigController.java,140,injection
squid.workers,eblocker-icapserver/src/main/java/org/eblocker/server/common/squid/SquidConfigController.java,141,injection
network.control.bar.host.name,eblocker-icapserver/src/main/java/org/eblocker/server/common/squid/SquidConfigController.java,142,injection
network.control.bar.host.fallback.ip,eblocker-icapserver/src/main/java/org/eblocker/server/common/squid/SquidConfigController.java,143,injection
dns.server.default.local.names,eblocker-icapserver/src/main/java/org/eblocker/server/common/squid/SquidConfigController.java,144,injection
squidReconfigure.command,eblocker-icapserver/src/main/java/org/eblocker/server/common/squid/SquidReloadingService.java,51,injection
highPrioScheduledExecutor,eblocker-icapserver/src/main/java/org/eblocker/server/common/squid/SquidReloadingService.java,52,injection
squid.config.graceTimeBeforeReload,eblocker-icapserver/src/main/java/org/eblocker/server/common/squid/SquidReloadingService.java,54,injection
squid.config.minimumTimeBetweenReloads,eblocker-icapserver/src/main/java/org/eblocker/server/common/squid/SquidReloadingService.java,55,injection
squid.ssl.error.backlog.max.age.days,eblocker-icapserver/src/main/java/org/eblocker/server/common/squid/SquidWarningService.java,76,injection
squid.ssl.error.ignored,eblocker-icapserver/src/main/java/org/eblocker/server/common/squid/SquidWarningService.java,77,injection
executor.squidWarning.startupDelay,eblocker-icapserver/src/main/java/org/eblocker/server/common/squid/SquidWarningService.java,78,injection
executor.squidWarning.fixedRate,eblocker-icapserver/src/main/java/org/eblocker/server/common/squid/SquidWarningService.java,79,injection
executor.squidWarning.maxRetries,eblocker-icapserver/src/main/java/org/eblocker/server/common/squid/SquidWarningService.java,80,injection
lowPrioScheduledExecutor,eblocker-icapserver/src/main/java/org/eblocker/server/common/squid/SquidWarningService.java,84,injection
squid.acl.disabled.clients,eblocker-icapserver/src/main/java/org/eblocker/server/common/squid/acl/SquidAclModule.java,29,injection
squid.disabled.acl.file.path,eblocker-icapserver/src/main/java/org/eblocker/server/common/squid/acl/SquidAclModule.java,30,injection
squid.acl.mobile.clients,eblocker-icapserver/src/main/java/org/eblocker/server/common/squid/acl/SquidAclModule.java,36,injection
squid.mobile.acl.file.path,eblocker-icapserver/src/main/java/org/eblocker/server/common/squid/acl/SquidAclModule.java,37,injection
network.vpn.subnet.ip,eblocker-icapserver/src/main/java/org/eblocker/server/common/squid/acl/SquidAclModule.java,39,injection
network.vpn.subnet.netmask,eblocker-icapserver/src/main/java/org/eblocker/server/common/squid/acl/SquidAclModule.java,40,injection
squid.acl.mobile.clients.private.network.access,eblocker-icapserver/src/main/java/org/eblocker/server/common/squid/acl/SquidAclModule.java,48,injection
squid.mobile.private.network.access.acl.file.path,eblocker-icapserver/src/main/java/org/eblocker/server/common/squid/acl/SquidAclModule.java,49,injection
network.vpn.subnet.ip,eblocker-icapserver/src/main/java/org/eblocker/server/common/squid/acl/SquidAclModule.java,51,injection
network.vpn.subnet.netmask,eblocker-icapserver/src/main/java/org/eblocker/server/common/squid/acl/SquidAclModule.java,52,injection
squid.acl.ssl.clients,eblocker-icapserver/src/main/java/org/eblocker/server/common/squid/acl/SquidAclModule.java,60,injection
squid.ssl.acl.file.path,eblocker-icapserver/src/main/java/org/eblocker/server/common/squid/acl/SquidAclModule.java,61,injection
squid.acl.tor.clients,eblocker-icapserver/src/main/java/org/eblocker/server/common/squid/acl/SquidAclModule.java,67,injection
squid.tor.acl.file.path,eblocker-icapserver/src/main/java/org/eblocker/server/common/squid/acl/SquidAclModule.java,68,injection
squid.acl.filtered.clients,eblocker-icapserver/src/main/java/org/eblocker/server/common/squid/acl/SquidAclModule.java,74,injection
parentalcontrol.filtered.devices.file.path,eblocker-icapserver/src/main/java/org/eblocker/server/common/squid/acl/SquidAclModule.java,75,injection
ca.keystore.path,eblocker-icapserver/src/main/java/org/eblocker/server/common/ssl/SslService.java,84,injection
ca.keystore.password,eblocker-icapserver/src/main/java/org/eblocker/server/common/ssl/SslService.java,85,injection
ca.cert.max.validity.months,eblocker-icapserver/src/main/java/org/eblocker/server/common/ssl/SslService.java,86,injection
ca.cert.dn.format,eblocker-icapserver/src/main/java/org/eblocker/server/common/ssl/SslService.java,87,injection
ca.key.size,eblocker-icapserver/src/main/java/org/eblocker/server/common/ssl/SslService.java,88,injection
ca.renew.weeks,eblocker-icapserver/src/main/java/org/eblocker/server/common/ssl/SslService.java,89,injection
ca.renewal.keystore.path,eblocker-icapserver/src/main/java/org/eblocker/server/common/ssl/SslService.java,90,injection
lowPrioScheduledExecutor,eblocker-icapserver/src/main/java/org/eblocker/server/common/ssl/SslService.java,93,injection
ssl.certificate.friendlyname.length,eblocker-icapserver/src/main/java/org/eblocker/server/common/ssl/SslService.java,94,injection
ssl.certificate.friendlyname.fallback,eblocker-icapserver/src/main/java/org/eblocker/server/common/ssl/SslService.java,95,injection
ssl.test.ca.current.endpoint.port,eblocker-icapserver/src/main/java/org/eblocker/server/common/ssl/SslTestListeners.java,59,injection
ssl.test.ca.renewal.endpoint.port,eblocker-icapserver/src/main/java/org/eblocker/server/common/ssl/SslTestListeners.java,60,injection
nettyBossEventGroupLoop,eblocker-icapserver/src/main/java/org/eblocker/server/common/ssl/SslTestListeners.java,61,injection
nettyWorkerEventGroupLoop,eblocker-icapserver/src/main/java/org/eblocker/server/common/ssl/SslTestListeners.java,62,injection
project.version,eblocker-icapserver/src/main/java/org/eblocker/server/common/status/StartupStatusReporter.java,56,injection
write.startup.status.file.command,eblocker-icapserver/src/main/java/org/eblocker/server/common/status/StartupStatusReporter.java,57,injection
localClock,eblocker-icapserver/src/main/java/org/eblocker/server/common/status/StartupStatusReporter.java,60,injection
system.requirement.heap_size_mb,eblocker-icapserver/src/main/java/org/eblocker/server/common/system/SystemRequirements.java,36,injection
system.requirement.total_memory,eblocker-icapserver/src/main/java/org/eblocker/server/common/system/SystemRequirements.java,37,injection
unlimitedCachePoolExecutor,eblocker-icapserver/src/main/java/org/eblocker/server/common/system/unix/CommandRunnerUnix.java,35,injection
script.wrapper.path,eblocker-icapserver/src/main/java/org/eblocker/server/common/system/unix/ScriptRunnerUnix.java,39,injection
kill.process.command,eblocker-icapserver/src/main/java/org/eblocker/server/common/system/unix/ScriptRunnerUnix.java,40,injection
unlimitedCachePoolExecutor,eblocker-icapserver/src/main/java/org/eblocker/server/common/system/unix/ScriptRunnerUnix.java,41,injection
transaction.cache.size,eblocker-icapserver/src/main/java/org/eblocker/server/common/transaction/TransactionCache.java,39,injection
lowPrioScheduledExecutor,eblocker-icapserver/src/main/java/org/eblocker/server/common/update/AutomaticUpdater.java,78,injection
update.automatic.config,eblocker-icapserver/src/main/java/org/eblocker/server/common/update/AutomaticUpdater.java,82,injection
localClock,eblocker-icapserver/src/main/java/org/eblocker/server/common/update/AutomaticUpdater.java,83,injection
network.control.bar.host.name,eblocker-icapserver/src/main/java/org/eblocker/server/common/update/ControlBarAliasUpdater.java,52,injection
network.control.bar.host.fallback.ip,eblocker-icapserver/src/main/java/org/eblocker/server/common/update/ControlBarAliasUpdater.java,53,injection
network.control.bar.updater.initial.delay,eblocker-icapserver/src/main/java/org/eblocker/server/common/update/ControlBarAliasUpdater.java,54,injection
network.control.bar.updater.regular.period,eblocker-icapserver/src/main/java/org/eblocker/server/common/update/ControlBarAliasUpdater.java,55,injection
network.control.bar.updater.error.period,eblocker-icapserver/src/main/java/org/eblocker/server/common/update/ControlBarAliasUpdater.java,56,injection
network.control.bar.updater.error.log.threshold,eblocker-icapserver/src/main/java/org/eblocker/server/common/update/ControlBarAliasUpdater.java,57,injection
lowPrioScheduledExecutor,eblocker-icapserver/src/main/java/org/eblocker/server/common/update/ControlBarAliasUpdater.java,60,injection
updates.start.command,eblocker-icapserver/src/main/java/org/eblocker/server/common/update/DebianUpdater.java,76,injection
updates.running.command,eblocker-icapserver/src/main/java/org/eblocker/server/common/update/DebianUpdater.java,77,injection
updates.downloadStart.command,eblocker-icapserver/src/main/java/org/eblocker/server/common/update/DebianUpdater.java,78,injection
updates.downloadRunning.command,eblocker-icapserver/src/main/java/org/eblocker/server/common/update/DebianUpdater.java,79,injection
updates.check.command,eblocker-icapserver/src/main/java/org/eblocker/server/common/update/DebianUpdater.java,80,injection
updates.running.info.command,eblocker-icapserver/src/main/java/org/eblocker/server/common/update/DebianUpdater.java,81,injection
updates.failed.command,eblocker-icapserver/src/main/java/org/eblocker/server/common/update/DebianUpdater.java,82,injection
updates.recovery.start.command,eblocker-icapserver/src/main/java/org/eblocker/server/common/update/DebianUpdater.java,83,injection
updates.recovery.running.command,eblocker-icapserver/src/main/java/org/eblocker/server/common/update/DebianUpdater.java,84,injection
pin.eblocker-lists.command,eblocker-icapserver/src/main/java/org/eblocker/server/common/update/DebianUpdater.java,85,injection
unpin.eblocker-lists.command,eblocker-icapserver/src/main/java/org/eblocker/server/common/update/DebianUpdater.java,86,injection
eblocker-lists.pinning.filename,eblocker-icapserver/src/main/java/org/eblocker/server/common/update/DebianUpdater.java,87,injection
eblocker-lists.pinning.version,eblocker-icapserver/src/main/java/org/eblocker/server/common/update/DebianUpdater.java,88,injection
project.version,eblocker-icapserver/src/main/java/org/eblocker/server/common/update/DebianUpdater.java,89,injection
update.observer.fixedDelay,eblocker-icapserver/src/main/java/org/eblocker/server/common/update/UpdateStatusObserver.java,48,injection
lowPrioScheduledExecutor,eblocker-icapserver/src/main/java/org/eblocker/server/common/update/UpdateStatusObserver.java,49,injection
openvpn.server.path,eblocker-icapserver/src/main/java/org/eblocker/server/http/backup/OpenVpnServerBackupProvider.java,55,injection
openvpn.server.ca.path,eblocker-icapserver/src/main/java/org/eblocker/server/http/backup/OpenVpnServerBackupProvider.java,56,injection
diagnostics.report.file,eblocker-icapserver/src/main/java/org/eblocker/server/http/controller/boot/DiagnosticsReportController.java,39,injection
tmpDir,eblocker-icapserver/src/main/java/org/eblocker/server/http/controller/impl/ConfigurationBackupControllerImpl.java,62,injection
network.vpn.subnet.ip,eblocker-icapserver/src/main/java/org/eblocker/server/http/controller/impl/ControlBarControllerImpl.java,81,injection
network.vpn.subnet.netmask,eblocker-icapserver/src/main/java/org/eblocker/server/http/controller/impl/ControlBarControllerImpl.java,82,injection
registration.fallback.product.id,eblocker-icapserver/src/main/java/org/eblocker/server/http/controller/impl/DeviceRegistrationControllerImpl.java,84,injection
registration.fallback.product.name,eblocker-icapserver/src/main/java/org/eblocker/server/http/controller/impl/DeviceRegistrationControllerImpl.java,85,injection
registration.fallback.product.features,eblocker-icapserver/src/main/java/org/eblocker/server/http/controller/impl/DeviceRegistrationControllerImpl.java,86,injection
lowPrioScheduledExecutor,eblocker-icapserver/src/main/java/org/eblocker/server/http/controller/impl/DeviceRegistrationControllerImpl.java,94,injection
factory.reset.command,eblocker-icapserver/src/main/java/org/eblocker/server/http/controller/impl/FactoryResetControllerImpl.java,37,injection
set.timezone.command,eblocker-icapserver/src/main/java/org/eblocker/server/http/controller/impl/SettingsControllerImpl.java,50,injection
posix.timezone.strings.json.file,eblocker-icapserver/src/main/java/org/eblocker/server/http/controller/impl/TimezoneControllerImpl.java,48,injection
update.seconds.between.requests,eblocker-icapserver/src/main/java/org/eblocker/server/http/controller/impl/UpdateControllerImpl.java,65,injection
userAgents.predefinedProfiles.file,eblocker-icapserver/src/main/java/org/eblocker/server/http/controller/impl/UserAgentControllerImpl.java,61,injection
authentication.token.squid.validity.seconds,eblocker-icapserver/src/main/java/org/eblocker/server/http/security/JsonWebTokenHandler.java,51,injection
authentication.token.system.validity.seconds,eblocker-icapserver/src/main/java/org/eblocker/server/http/security/JsonWebTokenHandler.java,52,injection
authentication.token.user.validity.seconds,eblocker-icapserver/src/main/java/org/eblocker/server/http/security/SecurityService.java,82,injection
authentication.token.dashboard.validity.seconds,eblocker-icapserver/src/main/java/org/eblocker/server/http/security/SecurityService.java,83,injection
authentication.passwordReset.validity.seconds,eblocker-icapserver/src/main/java/org/eblocker/server/http/security/SecurityService.java,84,injection
authentication.passwordReset.gracePeriod.seconds,eblocker-icapserver/src/main/java/org/eblocker/server/http/security/SecurityService.java,85,injection
prepare.shutdown.command,eblocker-icapserver/src/main/java/org/eblocker/server/http/security/SecurityService.java,90,injection
authentication.passwordFailed.maxPenalty.seconds,eblocker-icapserver/src/main/java/org/eblocker/server/http/security/SecurityService.java,95,injection
authentication.passwordFailed.penaltyIncrement.seconds,eblocker-icapserver/src/main/java/org/eblocker/server/http/security/SecurityService.java,96,injection
httpPort,eblocker-icapserver/src/main/java/org/eblocker/server/http/server/EblockerHttpsServer.java,183,injection
httpsPort,eblocker-icapserver/src/main/java/org/eblocker/server/http/server/EblockerHttpsServer.java,184,injection
http.server.useSystemOut,eblocker-icapserver/src/main/java/org/eblocker/server/http/server/EblockerHttpsServer.java,185,injection
http.server.maxContentSize,eblocker-icapserver/src/main/java/org/eblocker/server/http/server/EblockerHttpsServer.java,186,injection
network.control.bar.host.name,eblocker-icapserver/src/main/java/org/eblocker/server/http/server/SSLContextHandler.java,89,injection
network.emergency.ip,eblocker-icapserver/src/main/java/org/eblocker/server/http/server/SSLContextHandler.java,90,injection
dns.server.default.local.names,eblocker-icapserver/src/main/java/org/eblocker/server/http/server/SSLContextHandler.java,91,injection
icapserver.keystore.path,eblocker-icapserver/src/main/java/org/eblocker/server/http/server/SSLContextHandler.java,92,injection
icapserver.keystore.password,eblocker-icapserver/src/main/java/org/eblocker/server/http/server/SSLContextHandler.java,93,injection
icapserver.renewal.keystore.path,eblocker-icapserver/src/main/java/org/eblocker/server/http/server/SSLContextHandler.java,94,injection
documentRoot,eblocker-icapserver/src/main/java/org/eblocker/server/http/server/StaticFileController.java,68,injection
http.server.aliases.map,eblocker-icapserver/src/main/java/org/eblocker/server/http/server/StaticFileController.java,69,injection
http.server.cacheElementsForSeconds,eblocker-icapserver/src/main/java/org/eblocker/server/http/server/StaticFileController.java,70,injection
network.dashboard.host,eblocker-icapserver/src/main/java/org/eblocker/server/http/server/StaticFileController.java,71,injection
network.https.wizard.path,eblocker-icapserver/src/main/java/org/eblocker/server/http/server/StaticFileController.java,72,injection
parentalControl.redirectPage,eblocker-icapserver/src/main/java/org/eblocker/server/http/service/AccessDeniedRequestHandler.java,89,injection
adsTracker.redirectPage,eblocker-icapserver/src/main/java/org/eblocker/server/http/service/AccessDeniedRequestHandler.java,90,injection
malware.redirectPage,eblocker-icapserver/src/main/java/org/eblocker/server/http/service/AccessDeniedRequestHandler.java,91,injection
whitelisted.redirectPage,eblocker-icapserver/src/main/java/org/eblocker/server/http/service/AccessDeniedRequestHandler.java,92,injection
parentalControl.redirect.ip,eblocker-icapserver/src/main/java/org/eblocker/server/http/service/AccessDeniedService.java,93,injection
parentalControl.redirect.http.port,eblocker-icapserver/src/main/java/org/eblocker/server/http/service/AccessDeniedService.java,94,injection
parentalControl.redirect.https.port,eblocker-icapserver/src/main/java/org/eblocker/server/http/service/AccessDeniedService.java,95,injection
parentalControl.redirect.keyStore.path,eblocker-icapserver/src/main/java/org/eblocker/server/http/service/AccessDeniedService.java,96,injection
parentalControl.redirect.keyStore.password,eblocker-icapserver/src/main/java/org/eblocker/server/http/service/AccessDeniedService.java,97,injection
parentalControl.redirect.keyManager.cache.maxSize,eblocker-icapserver/src/main/java/org/eblocker/server/http/service/AccessDeniedService.java,98,injection
parentalControl.redirect.keyManager.cache.concurrencyLevel,eblocker-icapserver/src/main/java/org/eblocker/server/http/service/AccessDeniedService.java,99,injection
parentalControl.redirect.keyManager.default.names,eblocker-icapserver/src/main/java/org/eblocker/server/http/service/AccessDeniedService.java,100,injection
nettyBossEventGroupLoop,eblocker-icapserver/src/main/java/org/eblocker/server/http/service/AccessDeniedService.java,101,injection
nettyWorkerEventGroupLoop,eblocker-icapserver/src/main/java/org/eblocker/server/http/service/AccessDeniedService.java,102,injection
AccessDeniedRequestHandler,eblocker-icapserver/src/main/java/org/eblocker/server/http/service/AccessDeniedService.java,104,injection
appmodules.file.path,eblocker-icapserver/src/main/java/org/eblocker/server/http/service/AppModuleService.java,85,injection
appmodules.id.temp,eblocker-icapserver/src/main/java/org/eblocker/server/http/service/AppModuleService.java,86,injection
appmodules.id.user,eblocker-icapserver/src/main/java/org/eblocker/server/http/service/AppModuleService.java,87,injection
appmodules.id.autotrust,eblocker-icapserver/src/main/java/org/eblocker/server/http/service/AppModuleService.java,88,injection
highPrioScheduledExecutor,eblocker-icapserver/src/main/java/org/eblocker/server/http/service/DeviceScanningService.java,52,injection
executor.arpSweeper.startupDelay,eblocker-icapserver/src/main/java/org/eblocker/server/http/service/DeviceScanningService.java,53,injection
executor.arpSweeper.default.fixedRate,eblocker-icapserver/src/main/java/org/eblocker/server/http/service/DeviceScanningService.java,54,injection
environment,eblocker-icapserver/src/main/java/org/eblocker/server/http/service/DeviceScanningService.java,55,injection
device.offline.after.seconds,eblocker-icapserver/src/main/java/org/eblocker/server/http/service/DeviceService.java,87,injection
diagnostics.report.file,eblocker-icapserver/src/main/java/org/eblocker/server/http/service/DiagnosticsReportService.java,63,injection
diagnostics.report.command,eblocker-icapserver/src/main/java/org/eblocker/server/http/service/DiagnosticsReportService.java,64,injection
lowPrioScheduledExecutor,eblocker-icapserver/src/main/java/org/eblocker/server/http/service/DiagnosticsReportService.java,65,injection
tmpDir,eblocker-icapserver/src/main/java/org/eblocker/server/http/service/DiagnosticsReportService.java,68,injection
diagnostics.logfile.system,eblocker-icapserver/src/main/java/org/eblocker/server/http/service/DiagnosticsReportService.java,69,injection
list.block-devices.command,eblocker-icapserver/src/main/java/org/eblocker/server/http/service/DiskMountService.java,42,injection
external.disk.mount.command,eblocker-icapserver/src/main/java/org/eblocker/server/http/service/DiskMountService.java,43,injection
external.disk.unmount.command,eblocker-icapserver/src/main/java/org/eblocker/server/http/service/DiskMountService.java,44,injection
external.disk.mountpoint,eblocker-icapserver/src/main/java/org/eblocker/server/http/service/DiskMountService.java,45,injection
dns.server.stats.days,eblocker-icapserver/src/main/java/org/eblocker/server/http/service/DnsStatisticsService.java,58,injection
unlimitedCachePoolExecutor,eblocker-icapserver/src/main/java/org/eblocker/server/http/service/FileSystemWatchService.java,50,injection
lowPrioScheduledExecutor,eblocker-icapserver/src/main/java/org/eblocker/server/http/service/OpenVpnServerService.java,67,injection
openvpn.server.command,eblocker-icapserver/src/main/java/org/eblocker/server/http/service/OpenVpnServerService.java,69,injection
openvpn.server.port,eblocker-icapserver/src/main/java/org/eblocker/server/http/service/OpenVpnServerService.java,70,injection
openvpn.server.portforwarding.duration.initial,eblocker-icapserver/src/main/java/org/eblocker/server/http/service/OpenVpnServerService.java,71,injection
openvpn.server.portforwarding.duration.use,eblocker-icapserver/src/main/java/org/eblocker/server/http/service/OpenVpnServerService.java,72,injection
openvpn.server.portforwarding.description,eblocker-icapserver/src/main/java/org/eblocker/server/http/service/OpenVpnServerService.java,73,injection
parentalcontrol.filterlists.file.path,eblocker-icapserver/src/main/java/org/eblocker/server/http/service/ParentalControlFilterListsService.java,68,injection
parentalcontrol.filterlists.file.customercreated.path,eblocker-icapserver/src/main/java/org/eblocker/server/http/service/ParentalControlFilterListsService.java,69,injection
parentalControl.searchEngineConfig.path,eblocker-icapserver/src/main/java/org/eblocker/server/http/service/ParentalControlSearchEngineConfigService.java,53,injection
parentalcontrol.usage.minimumTime,eblocker-icapserver/src/main/java/org/eblocker/server/http/service/ParentalControlUsageService.java,79,injection
parentalcontrol.usage.timeOutAutoOff,eblocker-icapserver/src/main/java/org/eblocker/server/http/service/ParentalControlUsageService.java,80,injection
recording.default.size,eblocker-icapserver/src/main/java/org/eblocker/server/http/service/RecordingService.java,64,injection
recording.default.time,eblocker-icapserver/src/main/java/org/eblocker/server/http/service/RecordingService.java,65,injection
recording.recording.file.path,eblocker-icapserver/src/main/java/org/eblocker/server/http/service/RecordingService.java,66,injection
recording.analysis.handshakes.file.path,eblocker-icapserver/src/main/java/org/eblocker/server/http/service/RecordingService.java,67,injection
recording.analysis.data.file.path,eblocker-icapserver/src/main/java/org/eblocker/server/http/service/RecordingService.java,68,injection
registration.availabilityCheck.ping.targets,eblocker-icapserver/src/main/java/org/eblocker/server/http/service/RegistrationServiceAvailabilityCheck.java,66,injection
registration.availabilityCheck.http.targets,eblocker-icapserver/src/main/java/org/eblocker/server/http/service/RegistrationServiceAvailabilityCheck.java,67,injection
ping.process.command,eblocker-icapserver/src/main/java/org/eblocker/server/http/service/RegistrationServiceAvailabilityCheck.java,68,injection
unlimitedCachePoolExecutorService,eblocker-icapserver/src/main/java/org/eblocker/server/http/service/RegistrationServiceAvailabilityCheck.java,71,injection
lowPrioScheduledExecutor,eblocker-icapserver/src/main/java/org/eblocker/server/http/service/RegistrationServiceAvailabilityCheck.java,73,injection
license.expiration.warning.threshold.first.reminder,eblocker-icapserver/src/main/java/org/eblocker/server/http/service/ReminderService.java,61,injection
license.expiration.warning.nextOffset.min,eblocker-icapserver/src/main/java/org/eblocker/server/http/service/ReminderService.java,62,injection
license.expiration.warning.nextOffset.max,eblocker-icapserver/src/main/java/org/eblocker/server/http/service/ReminderService.java,63,injection
registration.warning.period,eblocker-icapserver/src/main/java/org/eblocker/server/http/service/ReminderService.java,64,injection
squid.ssl.domain.whitelist.acl.file.path,eblocker-icapserver/src/main/java/org/eblocker/server/http/service/SSLWhitelistService.java,55,injection
squid.ssl.ip.whitelist.acl.file.path,eblocker-icapserver/src/main/java/org/eblocker/server/http/service/SSLWhitelistService.java,56,injection
shutdown.command,eblocker-icapserver/src/main/java/org/eblocker/server/http/service/ShutdownService.java,51,injection
reboot.command,eblocker-icapserver/src/main/java/org/eblocker/server/http/service/ShutdownService.java,52,injection
project.version,eblocker-icapserver/src/main/java/org/eblocker/server/http/service/SystemStatusService.java,63,injection
highPrioScheduledExecutor,eblocker-icapserver/src/main/java/org/eblocker/server/http/service/TasksService.java,42,injection
lowPrioScheduledExecutor,eblocker-icapserver/src/main/java/org/eblocker/server/http/service/TasksService.java,43,injection
unlimitedCachePoolExecutor,eblocker-icapserver/src/main/java/org/eblocker/server/http/service/TasksService.java,44,injection
useragent.cache.size,eblocker-icapserver/src/main/java/org/eblocker/server/http/service/UserAgentService.java,48,injection
useragent.regex.browser,eblocker-icapserver/src/main/java/org/eblocker/server/http/service/UserAgentService.java,49,injection
useragent.regex.msie,eblocker-icapserver/src/main/java/org/eblocker/server/http/service/UserAgentService.java,50,injection
parentalControl.standardUser.translation,eblocker-icapserver/src/main/java/org/eblocker/server/http/service/UserService.java,73,injection
filterStore.default.config,eblocker-icapserver/src/main/java/org/eblocker/server/icap/filter/FilterManager.java,87,injection
filterStore.cache.directory,eblocker-icapserver/src/main/java/org/eblocker/server/icap/filter/FilterManager.java,88,injection
filterStore.cache.file.suffix,eblocker-icapserver/src/main/java/org/eblocker/server/icap/filter/FilterManager.java,89,injection
systemKey,eblocker-icapserver/src/main/java/org/eblocker/server/icap/filter/FilterManager.java,92,injection
tmpDir,eblocker-icapserver/src/main/java/org/eblocker/server/icap/filter/FilterManager.java,93,injection
parentalcontrol.bpjm.filter.file,eblocker-icapserver/src/main/java/org/eblocker/server/icap/filter/bpjm/BpjmFilterService.java,47,injection
contentFilter.file.path,eblocker-icapserver/src/main/java/org/eblocker/server/icap/filter/content/ContentFilterManager.java,48,injection
contentFilter.elementHiding.css,eblocker-icapserver/src/main/java/org/eblocker/server/icap/filter/content/ContentFilterService.java,46,injection
contentFilter.cache.size,eblocker-icapserver/src/main/java/org/eblocker/server/icap/filter/content/ContentFilterService.java,47,injection
icapPort,eblocker-icapserver/src/main/java/org/eblocker/server/icap/server/EblockerIcapServer.java,56,injection
nettyBossEventGroupLoop,eblocker-icapserver/src/main/java/org/eblocker/server/icap/server/EblockerIcapServer.java,57,injection
nettyWorkerEventGroupLoop,eblocker-icapserver/src/main/java/org/eblocker/server/icap/server/EblockerIcapServer.java,58,injection
maxAggregationSize,eblocker-icapserver/src/main/java/org/eblocker/server/icap/server/EblockerIcapServerChannelPipelineFactory.java,42,injection
maxInitialLineLength,eblocker-icapserver/src/main/java/org/eblocker/server/icap/server/EblockerIcapServerChannelPipelineFactory.java,45,injection
maxIcapHeaderSize,eblocker-icapserver/src/main/java/org/eblocker/server/icap/server/EblockerIcapServerChannelPipelineFactory.java,48,injection
maxHttpHeaderSize,eblocker-icapserver/src/main/java/org/eblocker/server/icap/server/EblockerIcapServerChannelPipelineFactory.java,51,injection
maxChunkSize,eblocker-icapserver/src/main/java/org/eblocker/server/icap/server/EblockerIcapServerChannelPipelineFactory.java,54,injection
separationSize,eblocker-icapserver/src/main/java/org/eblocker/server/icap/server/EblockerIcapServerChannelPipelineFactory.java,65,injection
scriptlets.directory,eblocker-icapserver/src/main/java/org/eblocker/server/icap/service/ScriptletService.java,39,injection
requestProcessors,eblocker-icapserver/src/main/java/org/eblocker/server/icap/transaction/TransactionProcessorsConfiguration.java,52,injection
responseProcessors,eblocker-icapserver/src/main/java/org/eblocker/server/icap/transaction/TransactionProcessorsConfiguration.java,53,injection
requestProcessors,eblocker-icapserver/src/main/java/org/eblocker/server/icap/transaction/TransactionProcessorsModule.java,66,injection
responseProcessors,eblocker-icapserver/src/main/java/org/eblocker/server/icap/transaction/TransactionProcessorsModule.java,114,injection
parentalcontrol.bpjm.filter.id,eblocker-icapserver/src/main/java/org/eblocker/server/icap/transaction/processor/BpjmFilterProcessor.java,48,injection
parentalControl.redirectPage,eblocker-icapserver/src/main/java/org/eblocker/server/icap/transaction/processor/BpjmFilterProcessor.java,49,injection
captivePortal.simulate,eblocker-icapserver/src/main/java/org/eblocker/server/icap/transaction/processor/CaptivePortalCheckProcessor.java,137,injection
connection.test.patternblocker.url,eblocker-icapserver/src/main/java/org/eblocker/server/icap/transaction/processor/EBlockerFilterProcessor.java,61,injection
ssl.test.client.script.template,eblocker-icapserver/src/main/java/org/eblocker/server/icap/transaction/processor/InsertClientSslCheckProcessor.java,56,injection
ssl.test.ca.current.endpoint.port,eblocker-icapserver/src/main/java/org/eblocker/server/icap/transaction/processor/InsertClientSslCheckProcessor.java,57,injection
ssl.test.ca.renewal.endpoint.port,eblocker-icapserver/src/main/java/org/eblocker/server/icap/transaction/processor/InsertClientSslCheckProcessor.java,58,injection
toolbarInlayTemplate,eblocker-icapserver/src/main/java/org/eblocker/server/icap/transaction/processor/InsertToolbarProcessor.java,67,injection
toolbarInlayMinJs,eblocker-icapserver/src/main/java/org/eblocker/server/icap/transaction/processor/InsertToolbarProcessor.java,68,injection
toolbarInlayMinCss,eblocker-icapserver/src/main/java/org/eblocker/server/icap/transaction/processor/InsertToolbarProcessor.java,69,injection
malware.filter.redirect.page,eblocker-icapserver/src/main/java/org/eblocker/server/icap/transaction/processor/MalwareFilterProcessor.java,48,injection
malware.filter.redirect.page,eblocker-icapserver/src/main/java/org/eblocker/server/icap/transaction/processor/MalwarePatternFilterProcessor.java,45,injection
filter.mode.plugandplay.enable.advanced.filters,eblocker-icapserver/src/main/java/org/eblocker/server/icap/transaction/processor/PatternFilterStatisticsProcessor.java,41,injection
my.eblocker.localredirect.setup.url-prefix,eblocker-icapserver/src/main/java/org/eblocker/server/icap/transaction/processor/RedirectFromSetupPageProcessor.java,51,injection
my.eblocker.localredirect.setup.path,eblocker-icapserver/src/main/java/org/eblocker/server/icap/transaction/processor/RedirectFromSetupPageProcessor.java,52,injection
network.dashboard.host,eblocker-icapserver/src/main/java/org/eblocker/server/icap/transaction/processor/RedirectFromSetupPageProcessor.java,53,injection
connection.test.routingtest.url,eblocker-icapserver/src/main/java/org/eblocker/server/icap/transaction/processor/RedirectFromSetupPageProcessor.java,54,injection
filter.stats.ignore.first.party,eblocker-icapserver/src/main/java/org/eblocker/server/icap/transaction/processor/filter/PatternBlockerUtils.java,42,injection
network.interface.name,eblocker-icapserver/src/main/java/org/eblocker/server/upnp/NetworkAddressFactoryCustomization.java,40,injection
openvpn.server.portforwarding.upnp.discovery.max.steps,eblocker-icapserver/src/main/java/org/eblocker/server/upnp/UpnpManagementService.java,85,injection
openvpn.server.portforwarding.upnp.discovery.waiting.time,eblocker-icapserver/src/main/java/org/eblocker/server/upnp/UpnpManagementService.java,86,injection
useragent.pattern.NULL,eblocker-icapserver/src/main/package/conf/useragents.properties,1,definition
useragent.ignore.NULL,eblocker-icapserver/src/main/package/conf/useragents.properties,2,definition
useragent.pattern.EMPTY,eblocker-icapserver/src/main/package/conf/useragents.properties,3,definition
useragent.ignore.EMPTY,eblocker-icapserver/src/main/package/conf/useragents.properties,4,definition
MVN_BUILD_VERSION,eblocker-icapserver/src/main/resources/build.properties,1,definition
MVN_BUILD_TIMESTAMP,eblocker-icapserver/src/main/resources/build.properties,2,definition
documentRoot,eblocker-icapserver/src/main/resources/configuration.properties,2,definition
httpPort,eblocker-icapserver/src/main/resources/configuration.properties,4,definition
httpsPort,eblocker-icapserver/src/main/resources/configuration.properties,5,definition
icapPort,eblocker-icapserver/src/main/resources/configuration.properties,6,definition
proxyPort,eblocker-icapserver/src/main/resources/configuration.properties,7,definition
proxyHTTPSPort,eblocker-icapserver/src/main/resources/configuration.properties,8,definition
tmpDir,eblocker-icapserver/src/main/resources/configuration.properties,9,definition
deviceProperties,eblocker-icapserver/src/main/resources/configuration.properties,10,definition
environment,eblocker-icapserver/src/main/resources/configuration.properties,11,definition
events.maximum.number,eblocker-icapserver/src/main/resources/configuration.properties,13,definition
zeroconf.service.default.name,eblocker-icapserver/src/main/resources/configuration.properties,15,definition
network.interface.name,eblocker-icapserver/src/main/resources/configuration.properties,17,definition
network.vpn.interface.name,eblocker-icapserver/src/main/resources/configuration.properties,20,definition
network.vpn.subnet.ip,eblocker-icapserver/src/main/resources/configuration.properties,21,definition
network.vpn.subnet.netmask,eblocker-icapserver/src/main/resources/configuration.properties,22,definition
network.emergency.ip,eblocker-icapserver/src/main/resources/configuration.properties,24,definition
network.emergency.netmask,eblocker-icapserver/src/main/resources/configuration.properties,25,definition
network.dashboard.host,eblocker-icapserver/src/main/resources/configuration.properties,27,definition
network.https.wizard.path,eblocker-icapserver/src/main/resources/configuration.properties,28,definition
network.control.bar.host.name,eblocker-icapserver/src/main/resources/configuration.properties,30,definition
network.control.bar.host.fallback.ip,eblocker-icapserver/src/main/resources/configuration.properties,31,definition
network.control.bar.updater.initial.delay,eblocker-icapserver/src/main/resources/configuration.properties,32,definition
network.control.bar.updater.regular.period,eblocker-icapserver/src/main/resources/configuration.properties,33,definition
network.control.bar.updater.error.period,eblocker-icapserver/src/main/resources/configuration.properties,34,definition
network.control.bar.updater.error.log.threshold,eblocker-icapserver/src/main/resources/configuration.properties,35,definition
network.unix.nameserver.config.read.path,eblocker-icapserver/src/main/resources/configuration.properties,37,definition
network.unix.nameserver.config.write.path,eblocker-icapserver/src/main/resources/configuration.properties,38,definition
network.unix.interfaces.config.path,eblocker-icapserver/src/main/resources/configuration.properties,39,definition
network.unix.dhcpd.config.path,eblocker-icapserver/src/main/resources/configuration.properties,40,definition
network.unix.dhcpd.disable.command,eblocker-icapserver/src/main/resources/configuration.properties,41,definition
network.unix.dhcpd.enable.command,eblocker-icapserver/src/main/resources/configuration.properties,42,definition
network.unix.dhcpd.apply.config.command,eblocker-icapserver/src/main/resources/configuration.properties,43,definition
network.unix.dhclient.leases,eblocker-icapserver/src/main/resources/configuration.properties,44,definition
network.unix.firewall.config.full.path,eblocker-icapserver/src/main/resources/configuration.properties,45,definition
network.unix.firewall.config.delta.path,eblocker-icapserver/src/main/resources/configuration.properties,46,definition
network.unix.firewall.ip6.config.full.path,eblocker-icapserver/src/main/resources/configuration.properties,47,definition
network.unix.firewall.ip6.config.delta.path,eblocker-icapserver/src/main/resources/configuration.properties,48,definition
network.unix.apply.configuration.command,eblocker-icapserver/src/main/resources/configuration.properties,49,definition
network.unix.apply.firewall.configuration.command,eblocker-icapserver/src/main/resources/configuration.properties,50,definition
network.unix.enable.ip6,eblocker-icapserver/src/main/resources/configuration.properties,51,definition
network.unix.ipset.checkSupport.command,eblocker-icapserver/src/main/resources/configuration.properties,52,definition
network.unix.ipset.restore.command,eblocker-icapserver/src/main/resources/configuration.properties,53,definition
network.unix.dhcp.discovery.command,eblocker-icapserver/src/main/resources/configuration.properties,54,definition
network.unix.dhcp.discovery.timeout,eblocker-icapserver/src/main/resources/configuration.properties,55,definition
network.unix.dhcp.dhclientHook.path,eblocker-icapserver/src/main/resources/configuration.properties,56,definition
network.ip.monitor.command,eblocker-icapserver/src/main/resources/configuration.properties,58,definition
network.ip6.ra.router.preference,eblocker-icapserver/src/main/resources/configuration.properties,60,definition
network.ip6.ra.router.lifetime,eblocker-icapserver/src/main/resources/configuration.properties,61,definition
network.ip6.ra.dns.lifetime,eblocker-icapserver/src/main/resources/configuration.properties,62,definition
dns.server.channel.command.flush,eblocker-icapserver/src/main/resources/configuration.properties,64,definition
dns.server.channel.command.update,eblocker-icapserver/src/main/resources/configuration.properties,65,definition
dns.server.default.custom.name.servers,eblocker-icapserver/src/main/resources/configuration.properties,66,definition
dns.server.default.local.names,eblocker-icapserver/src/main/resources/configuration.properties,67,definition
dns.server.gateway.local.names,eblocker-icapserver/src/main/resources/configuration.properties,68,definition
dns.server.default.tor.name.servers,eblocker-icapserver/src/main/resources/configuration.properties,69,definition
dns.server.default.enabled,eblocker-icapserver/src/main/resources/configuration.properties,70,definition
dns.server.default.disable.file,eblocker-icapserver/src/main/resources/configuration.properties,71,definition
dns.server.enabled.file,eblocker-icapserver/src/main/resources/configuration.properties,72,definition
dns.server.stats.days,eblocker-icapserver/src/main/resources/configuration.properties,73,definition
dns.server.port,eblocker-icapserver/src/main/resources/configuration.properties,74,definition
dns.warning.interval,eblocker-icapserver/src/main/resources/configuration.properties,75,definition
network.alias.min,eblocker-icapserver/src/main/resources/configuration.properties,77,definition
network.alias.max,eblocker-icapserver/src/main/resources/configuration.properties,78,definition
network.alias.script.add,eblocker-icapserver/src/main/resources/configuration.properties,79,definition
network.alias.script.remove,eblocker-icapserver/src/main/resources/configuration.properties,80,definition
network.statistic.dumpIptablesCommand,eblocker-icapserver/src/main/resources/configuration.properties,82,definition
squid.mime.types.acl.file.path,eblocker-icapserver/src/main/resources/configuration.properties,84,definition
squid.disabled.acl.file.path,eblocker-icapserver/src/main/resources/configuration.properties,85,definition
squid.mobile.acl.file.path,eblocker-icapserver/src/main/resources/configuration.properties,86,definition
squid.mobile.private.network.access.acl.file.path,eblocker-icapserver/src/main/resources/configuration.properties,87,definition
squid.tor.acl.file.path,eblocker-icapserver/src/main/resources/configuration.properties,88,definition
squid.ssl.acl.file.path,eblocker-icapserver/src/main/resources/configuration.properties,89,definition
squid.vpn.acl.directory.path,eblocker-icapserver/src/main/resources/configuration.properties,90,definition
squid.ssl.domain.whitelist.acl.file.path,eblocker-icapserver/src/main/resources/configuration.properties,91,definition
squid.ssl.ip.whitelist.acl.file.path,eblocker-icapserver/src/main/resources/configuration.properties,92,definition
squid.xForward.domains.acl.file.path,eblocker-icapserver/src/main/resources/configuration.properties,93,definition
squid.xForward.ips.acl.file.path,eblocker-icapserver/src/main/resources/configuration.properties,94,definition
squid.xForward.ips,eblocker-icapserver/src/main/resources/configuration.properties,95,definition
squid.config.template.file.path,eblocker-icapserver/src/main/resources/configuration.properties,96,definition
squid.config.static.file.path,eblocker-icapserver/src/main/resources/configuration.properties,97,definition
squid.config.ssl.exclusive.file.path,eblocker-icapserver/src/main/resources/configuration.properties,98,definition
squid.config.noSsl.exclusive.file.path,eblocker-icapserver/src/main/resources/configuration.properties,99,definition
squid.config.file.path,eblocker-icapserver/src/main/resources/configuration.properties,100,definition
squid.uid,eblocker-icapserver/src/main/resources/configuration.properties,101,definition
squid.config.graceTimeBeforeReload,eblocker-icapserver/src/main/resources/configuration.properties,102,definition
squid.config.minimumTimeBetweenReloads,eblocker-icapserver/src/main/resources/configuration.properties,103,definition
squid.clear.cert.cache.command,eblocker-icapserver/src/main/resources/configuration.properties,104,definition
squid.cache.log,eblocker-icapserver/src/main/resources/configuration.properties,105,definition
squid.cache.log.reader.sleep,eblocker-icapserver/src/main/resources/configuration.properties,106,definition
squid.ssl.error.backlog.max.age.days,eblocker-icapserver/src/main/resources/configuration.properties,107,definition
squid.ssl.error.ignored,eblocker-icapserver/src/main/resources/configuration.properties,108,definition
squid.workers,eblocker-icapserver/src/main/resources/configuration.properties,109,definition
recording.recording.file.path,eblocker-icapserver/src/main/resources/configuration.properties,112,definition
recording.default.size,eblocker-icapserver/src/main/resources/configuration.properties,113,definition
recording.default.time,eblocker-icapserver/src/main/resources/configuration.properties,114,definition
recording.analysis.handshakes.file.path,eblocker-icapserver/src/main/resources/configuration.properties,115,definition
recording.analysis.data.file.path,eblocker-icapserver/src/main/resources/configuration.properties,116,definition
script.wrapper.path,eblocker-icapserver/src/main/resources/configuration.properties,118,definition
kill.process.command,eblocker-icapserver/src/main/resources/configuration.properties,119,definition
ping.process.command,eblocker-icapserver/src/main/resources/configuration.properties,120,definition
updates.start.command,eblocker-icapserver/src/main/resources/configuration.properties,121,definition
updates.running.command,eblocker-icapserver/src/main/resources/configuration.properties,122,definition
updates.downloadStart.command,eblocker-icapserver/src/main/resources/configuration.properties,123,definition
updates.downloadRunning.command,eblocker-icapserver/src/main/resources/configuration.properties,124,definition
updates.check.command,eblocker-icapserver/src/main/resources/configuration.properties,125,definition
updates.running.info.command,eblocker-icapserver/src/main/resources/configuration.properties,126,definition
updates.failed.command,eblocker-icapserver/src/main/resources/configuration.properties,127,definition
updates.recovery.start.command,eblocker-icapserver/src/main/resources/configuration.properties,128,definition
updates.recovery.running.command,eblocker-icapserver/src/main/resources/configuration.properties,129,definition
prepare.shutdown.command,eblocker-icapserver/src/main/resources/configuration.properties,130,definition
shutdown.command,eblocker-icapserver/src/main/resources/configuration.properties,131,definition
reboot.command,eblocker-icapserver/src/main/resources/configuration.properties,132,definition
find.gateway.command,eblocker-icapserver/src/main/resources/configuration.properties,133,definition
set.timezone.command,eblocker-icapserver/src/main/resources/configuration.properties,134,definition
pin.eblocker-lists.command,eblocker-icapserver/src/main/resources/configuration.properties,135,definition
unpin.eblocker-lists.command,eblocker-icapserver/src/main/resources/configuration.properties,136,definition
eblocker-lists.pinning.filename,eblocker-icapserver/src/main/resources/configuration.properties,137,definition
eblocker-lists.pinning.version,eblocker-icapserver/src/main/resources/configuration.properties,138,definition
squidReconfigure.command,eblocker-icapserver/src/main/resources/configuration.properties,140,definition
led.service.host,eblocker-icapserver/src/main/resources/configuration.properties,142,definition
led.service.port,eblocker-icapserver/src/main/resources/configuration.properties,143,definition
maxInitialLineLength,eblocker-icapserver/src/main/resources/configuration.properties,145,definition
maxHttpHeaderSize,eblocker-icapserver/src/main/resources/configuration.properties,146,definition
maxIcapHeaderSize,eblocker-icapserver/src/main/resources/configuration.properties,147,definition
maxChunkSize,eblocker-icapserver/src/main/resources/configuration.properties,148,definition
maxAggregationSize,eblocker-icapserver/src/main/resources/configuration.properties,149,definition
separationSize,eblocker-icapserver/src/main/resources/configuration.properties,150,definition
http.server.useSystemOut,eblocker-icapserver/src/main/resources/configuration.properties,152,definition
http.server.cacheElementsForSeconds,eblocker-icapserver/src/main/resources/configuration.properties,153,definition
http.server.maxContentSize,eblocker-icapserver/src/main/resources/configuration.properties,154,definition
jedis.port,eblocker-icapserver/src/main/resources/configuration.properties,157,definition
jedis.timeout,eblocker-icapserver/src/main/resources/configuration.properties,158,definition
jedis.pool.max.total,eblocker-icapserver/src/main/resources/configuration.properties,160,definition
jedis.pool.max.idle,eblocker-icapserver/src/main/resources/configuration.properties,161,definition
jedis.pool.min.idle,eblocker-icapserver/src/main/resources/configuration.properties,162,definition
jedis.pubsub.retry.delay,eblocker-icapserver/src/main/resources/configuration.properties,164,definition
ca.keystore.path,eblocker-icapserver/src/main/resources/configuration.properties,167,definition
ca.keystore.password,eblocker-icapserver/src/main/resources/configuration.properties,168,definition
ca.cert.max.validity.months,eblocker-icapserver/src/main/resources/configuration.properties,169,definition
ca.cert.dn.format,eblocker-icapserver/src/main/resources/configuration.properties,170,definition
ca.key.size,eblocker-icapserver/src/main/resources/configuration.properties,171,definition
ca.renew.weeks,eblocker-icapserver/src/main/resources/configuration.properties,172,definition
ca.renewal.keystore.path,eblocker-icapserver/src/main/resources/configuration.properties,173,definition
ssl.test.client.script.template,eblocker-icapserver/src/main/resources/configuration.properties,175,definition
ssl.test.ca.current.endpoint.port,eblocker-icapserver/src/main/resources/configuration.properties,176,definition
ssl.test.ca.renewal.endpoint.port,eblocker-icapserver/src/main/resources/configuration.properties,177,definition
icapserver.keystore.path,eblocker-icapserver/src/main/resources/configuration.properties,179,definition
icapserver.renewal.keystore.path,eblocker-icapserver/src/main/resources/configuration.properties,180,definition
icapserver.keystore.password,eblocker-icapserver/src/main/resources/configuration.properties,181,definition
squid.ssl.ca.key,eblocker-icapserver/src/main/resources/configuration.properties,183,definition
squid.ssl.ca.cert,eblocker-icapserver/src/main/resources/configuration.properties,184,definition
executor.asynchronousLearner.startupDelay,eblocker-icapserver/src/main/resources/configuration.properties,186,definition
executor.asynchronousLearner.fixedDelay,eblocker-icapserver/src/main/resources/configuration.properties,187,definition
executor.filterStoreUpdater.startupDelay,eblocker-icapserver/src/main/resources/configuration.properties,188,definition
executor.filterStoreUpdater.fixedDelay,eblocker-icapserver/src/main/resources/configuration.properties,189,definition
executor.appModuleListUpdater.startupDelay,eblocker-icapserver/src/main/resources/configuration.properties,190,definition
executor.appModuleListUpdater.fixedDelay,eblocker-icapserver/src/main/resources/configuration.properties,191,definition
executor.sessionPurger.startupDelay,eblocker-icapserver/src/main/resources/configuration.properties,192,definition
executor.sessionPurger.fixedDelay,eblocker-icapserver/src/main/resources/configuration.properties,193,definition
executor.arpSpoofer.startupDelay,eblocker-icapserver/src/main/resources/configuration.properties,194,definition
executor.arpSpoofer.fixedDelay,eblocker-icapserver/src/main/resources/configuration.properties,195,definition
executor.arpSweeper.startupDelay,eblocker-icapserver/src/main/resources/configuration.properties,196,definition
executor.arpSweeper.default.fixedRate,eblocker-icapserver/src/main/resources/configuration.properties,197,definition
executor.arpValidator.startupDelay,eblocker-icapserver/src/main/resources/configuration.properties,198,definition
executor.arpValidator.fixedRate,eblocker-icapserver/src/main/resources/configuration.properties,199,definition
executor.problematicRouterDetection.startupDelay,eblocker-icapserver/src/main/resources/configuration.properties,200,definition
executor.problematicRouterDetection.fixedRate,eblocker-icapserver/src/main/resources/configuration.properties,201,definition
executor.parentalControlAccessRestrictionsService.startupDelay,eblocker-icapserver/src/main/resources/configuration.properties,202,definition
executor.parentalControlAccessRestrictionsService.fixedRate,eblocker-icapserver/src/main/resources/configuration.properties,203,definition
executor.openVpnServiceCacheCleaner.startupDelay,eblocker-icapserver/src/main/resources/configuration.properties,204,definition
executor.openVpnServiceCacheCleaner.fixedRate,eblocker-icapserver/src/main/resources/configuration.properties,205,definition
executor.deviceServiceCacheRefresh.startupDelay,eblocker-icapserver/src/main/resources/configuration.properties,206,definition
executor.deviceServiceCacheRefresh.fixedRate,eblocker-icapserver/src/main/resources/configuration.properties,207,definition
executor.trafficAccounter.startupDelay,eblocker-icapserver/src/main/resources/configuration.properties,208,definition
executor.trafficAccounter.fixedRate,eblocker-icapserver/src/main/resources/configuration.properties,209,definition
executor.messageCenterServiceUpdate.startupDelay,eblocker-icapserver/src/main/resources/configuration.properties,210,definition
executor.messageCenterServiceUpdate.fixedRate,eblocker-icapserver/src/main/resources/configuration.properties,211,definition
executor.malware.update.startupDelay,eblocker-icapserver/src/main/resources/configuration.properties,212,definition
executor.malware.update.fixedRate,eblocker-icapserver/src/main/resources/configuration.properties,213,definition
executor.contentFilter.update.startupDelay,eblocker-icapserver/src/main/resources/configuration.properties,214,definition
executor.contentFilter.update.fixedRate,eblocker-icapserver/src/main/resources/configuration.properties,215,definition
executor.dns.stats.update.startupDelay,eblocker-icapserver/src/main/resources/configuration.properties,216,definition
executor.dns.stats.update.fixedRate,eblocker-icapserver/src/main/resources/configuration.properties,217,definition
executor.dns.gatewayNames.startupDelay,eblocker-icapserver/src/main/resources/configuration.properties,218,definition
executor.dns.gatewayNames.fixedRate,eblocker-icapserver/src/main/resources/configuration.properties,219,definition
executor.squidWarning.startupDelay,eblocker-icapserver/src/main/resources/configuration.properties,220,definition
executor.squidWarning.fixedRate,eblocker-icapserver/src/main/resources/configuration.properties,221,definition
executor.squidWarning.maxRetries,eblocker-icapserver/src/main/resources/configuration.properties,222,definition
executor.licenseExpirationCheck.startupDelay,eblocker-icapserver/src/main/resources/configuration.properties,223,definition
executor.licenseExpirationCheck.fixedRate,eblocker-icapserver/src/main/resources/configuration.properties,224,definition
executor.dynDnsUpdate.startupDelay,eblocker-icapserver/src/main/resources/configuration.properties,225,definition
executor.dynDnsUpdate.fixedRate,eblocker-icapserver/src/main/resources/configuration.properties,226,definition
executor.filter.stats.update.startupDelay,eblocker-icapserver/src/main/resources/configuration.properties,227,definition
executor.filter.stats.update.fixedRate,eblocker-icapserver/src/main/resources/configuration.properties,228,definition
executor.filter.stats.delete.startupDelay,eblocker-icapserver/src/main/resources/configuration.properties,229,definition
executor.filter.stats.delete.fixedRate,eblocker-icapserver/src/main/resources/configuration.properties,230,definition
executor.filter.stats.domain.startupDelay,eblocker-icapserver/src/main/resources/configuration.properties,231,definition
executor.filter.stats.domain.fixedDelay,eblocker-icapserver/src/main/resources/configuration.properties,232,definition
executor.ip6MulticastPing.startupDelay,eblocker-icapserver/src/main/resources/configuration.properties,233,definition
executor.ip6MulticastPing.fixedRate,eblocker-icapserver/src/main/resources/configuration.properties,234,definition
executor.ip6RouterAdvertisement.startupDelay,eblocker-icapserver/src/main/resources/configuration.properties,235,definition
executor.ip6RouterAdvertisement.fixedRate,eblocker-icapserver/src/main/resources/configuration.properties,236,definition
executor.ip6RouterAdvertisement.maxRetries,eblocker-icapserver/src/main/resources/configuration.properties,237,definition
executor.upnpWatchdog.startupDelay,eblocker-icapserver/src/main/resources/configuration.properties,238,definition
executor.upnpWatchdog.fixedRate,eblocker-icapserver/src/main/resources/configuration.properties,239,definition
executor.custom.blocker.update.startupDelay,eblocker-icapserver/src/main/resources/configuration.properties,240,definition
executor.custom.blocker.update.fixedRate,eblocker-icapserver/src/main/resources/configuration.properties,241,definition
executor.recorded.domains.writer.startupDelay,eblocker-icapserver/src/main/resources/configuration.properties,242,definition
executor.recorded.domains.writer.fixedDelay,eblocker-icapserver/src/main/resources/configuration.properties,243,definition
update.observer.fixedDelay,eblocker-icapserver/src/main/resources/configuration.properties,245,definition
redis.backup.period,eblocker-icapserver/src/main/resources/configuration.properties,247,definition
redis.backup.max,eblocker-icapserver/src/main/resources/configuration.properties,248,definition
redis.backup.start.timeout,eblocker-icapserver/src/main/resources/configuration.properties,249,definition
redis.snapshot.directory,eblocker-icapserver/src/main/resources/configuration.properties,250,definition
keyService.systemKey.path,eblocker-icapserver/src/main/resources/configuration.properties,252,definition
device.offline.after.seconds,eblocker-icapserver/src/main/resources/configuration.properties,254,definition
mobile.dns.check.url.path,eblocker-icapserver/src/main/resources/configuration.properties,256,definition
mobile.connection.check.url.path,eblocker-icapserver/src/main/resources/configuration.properties,257,definition
mobile.connection.check.timeout,eblocker-icapserver/src/main/resources/configuration.properties,258,definition
mobile.connection.check.messages,eblocker-icapserver/src/main/resources/configuration.properties,259,definition
mobile.connection.check.result.poll.interval,eblocker-icapserver/src/main/resources/configuration.properties,260,definition
mobile.connection.check.result.poll.tries,eblocker-icapserver/src/main/resources/configuration.properties,261,definition
mobile.connection.check.protocols,eblocker-icapserver/src/main/resources/configuration.properties,262,definition
registration.properties,eblocker-icapserver/src/main/resources/configuration.properties,264,definition
registration.license.key,eblocker-icapserver/src/main/resources/configuration.properties,265,definition
registration.license.cert,eblocker-icapserver/src/main/resources/configuration.properties,266,definition
registration.keySize,eblocker-icapserver/src/main/resources/configuration.properties,267,definition
registration.default.type,eblocker-icapserver/src/main/resources/configuration.properties,268,definition
registration.backend.url.path,eblocker-icapserver/src/main/resources/configuration.properties,269,definition
registration.device.url.path,eblocker-icapserver/src/main/resources/configuration.properties,270,definition
registration.tos.url.path,eblocker-icapserver/src/main/resources/configuration.properties,271,definition
registration.device.serialnumber,eblocker-icapserver/src/main/resources/configuration.properties,272,definition
registration.device.id,eblocker-icapserver/src/main/resources/configuration.properties,273,definition
registration.truststore.resource,eblocker-icapserver/src/main/resources/configuration.properties,274,definition
registration.truststore.password,eblocker-icapserver/src/main/resources/configuration.properties,275,definition
registration.truststore.copy,eblocker-icapserver/src/main/resources/configuration.properties,276,definition
registration.apt.url.path,eblocker-icapserver/src/main/resources/configuration.properties,277,definition
registration.curl.command,eblocker-icapserver/src/main/resources/configuration.properties,278,definition
registration.connection.connectTimeout,eblocker-icapserver/src/main/resources/configuration.properties,279,definition
registration.connection.readTimeout,eblocker-icapserver/src/main/resources/configuration.properties,280,definition
registration.warning.period,eblocker-icapserver/src/main/resources/configuration.properties,283,definition
registration.lifetime.indicator,eblocker-icapserver/src/main/resources/configuration.properties,284,definition
registration.fallback.product.id,eblocker-icapserver/src/main/resources/configuration.properties,286,definition
registration.fallback.product.name,eblocker-icapserver/src/main/resources/configuration.properties,287,definition
registration.fallback.product.features,eblocker-icapserver/src/main/resources/configuration.properties,288,definition
registration.availabilityCheck.ping.targets,eblocker-icapserver/src/main/resources/configuration.properties,290,definition
registration.availabilityCheck.http.targets,eblocker-icapserver/src/main/resources/configuration.properties,291,definition
localConfiguration.path,eblocker-icapserver/src/main/resources/configuration.properties,293,definition
userAgents.predefinedProfiles.file,eblocker-icapserver/src/main/resources/configuration.properties,295,definition
pagecontext.cache.size,eblocker-icapserver/src/main/resources/configuration.properties,297,definition
transaction.cache.size,eblocker-icapserver/src/main/resources/configuration.properties,298,definition
useragent.cache.size,eblocker-icapserver/src/main/resources/configuration.properties,299,definition
useragent.regex.browser,eblocker-icapserver/src/main/resources/configuration.properties,300,definition
useragent.regex.msie,eblocker-icapserver/src/main/resources/configuration.properties,301,definition
resource.toolbarInlayTemplate.path,eblocker-icapserver/src/main/resources/configuration.properties,303,definition
resource.toolbarInlayMinJs.path,eblocker-icapserver/src/main/resources/configuration.properties,304,definition
resource.toolbarInlayMinCss.path,eblocker-icapserver/src/main/resources/configuration.properties,305,definition
resource.toolbarInlayTemplate.charset,eblocker-icapserver/src/main/resources/configuration.properties,306,definition
scriptlets.directory,eblocker-icapserver/src/main/resources/configuration.properties,308,definition
contentFilter.file.path,eblocker-icapserver/src/main/resources/configuration.properties,310,definition
contentFilter.elementHiding.css,eblocker-icapserver/src/main/resources/configuration.properties,311,definition
contentFilter.cache.size,eblocker-icapserver/src/main/resources/configuration.properties,312,definition
filterStore.default.config,eblocker-icapserver/src/main/resources/configuration.properties,314,definition
filterStore.cache.directory,eblocker-icapserver/src/main/resources/configuration.properties,315,definition
filterStore.cache.file.suffix,eblocker-icapserver/src/main/resources/configuration.properties,316,definition
filter.mode.plugandplay.enable.advanced.filters,eblocker-icapserver/src/main/resources/configuration.properties,318,definition
domainblacklist.charset,eblocker-icapserver/src/main/resources/configuration.properties,320,definition
domainblacklist.source.path,eblocker-icapserver/src/main/resources/configuration.properties,321,definition
domainblacklist.cache.path,eblocker-icapserver/src/main/resources/configuration.properties,322,definition
domainblacklist.networkService.host,eblocker-icapserver/src/main/resources/configuration.properties,323,definition
domainblacklist.networkService.port,eblocker-icapserver/src/main/resources/configuration.properties,324,definition
malware.filter.urls.file.path,eblocker-icapserver/src/main/resources/configuration.properties,326,definition
malware.filter.ips.file.path,eblocker-icapserver/src/main/resources/configuration.properties,327,definition
malware.filter.ip6s.file.path,eblocker-icapserver/src/main/resources/configuration.properties,328,definition
malware.filter.redirect.page,eblocker-icapserver/src/main/resources/configuration.properties,329,definition
malware.filter.ipset.name,eblocker-icapserver/src/main/resources/configuration.properties,331,definition
malware.filter.ipset.type,eblocker-icapserver/src/main/resources/configuration.properties,332,definition
malware.filter.ipset.family,eblocker-icapserver/src/main/resources/configuration.properties,333,definition
malware.filter.ipset.maxSize,eblocker-icapserver/src/main/resources/configuration.properties,334,definition
malware.filter.ip6set.name,eblocker-icapserver/src/main/resources/configuration.properties,336,definition
malware.filter.ip6set.type,eblocker-icapserver/src/main/resources/configuration.properties,337,definition
malware.filter.ip6set.family,eblocker-icapserver/src/main/resources/configuration.properties,338,definition
malware.filter.ip6set.maxSize,eblocker-icapserver/src/main/resources/configuration.properties,339,definition
update.automatic.config,eblocker-icapserver/src/main/resources/configuration.properties,341,definition
url.setup.eblocker,eblocker-icapserver/src/main/resources/configuration.properties,343,definition
my.eblocker.localredirect.setup.url-prefix,eblocker-icapserver/src/main/resources/configuration.properties,344,definition
my.eblocker.localredirect.setup.path,eblocker-icapserver/src/main/resources/configuration.properties,345,definition
adsTracker.redirectPage,eblocker-icapserver/src/main/resources/configuration.properties,347,definition
malware.redirectPage,eblocker-icapserver/src/main/resources/configuration.properties,348,definition
whitelisted.redirectPage,eblocker-icapserver/src/main/resources/configuration.properties,349,definition
parentalControl.redirectPage,eblocker-icapserver/src/main/resources/configuration.properties,351,definition
parentalControl.redirect.ip,eblocker-icapserver/src/main/resources/configuration.properties,352,definition
parentalControl.redirect.despite_disabled_ssl,eblocker-icapserver/src/main/resources/configuration.properties,353,definition
parentalControl.redirect.http.port,eblocker-icapserver/src/main/resources/configuration.properties,354,definition
parentalControl.redirect.https.port,eblocker-icapserver/src/main/resources/configuration.properties,355,definition
parentalControl.redirect.keyStore.path,eblocker-icapserver/src/main/resources/configuration.properties,356,definition
parentalControl.redirect.keyStore.password,eblocker-icapserver/src/main/resources/configuration.properties,357,definition
parentalControl.redirect.keyManager.cache.maxSize,eblocker-icapserver/src/main/resources/configuration.properties,358,definition
parentalControl.redirect.keyManager.cache.concurrencyLevel,eblocker-icapserver/src/main/resources/configuration.properties,359,definition
parentalControl.redirect.keyManager.default.names,eblocker-icapserver/src/main/resources/configuration.properties,360,definition
parentalcontrol.bpjm.filter.id,eblocker-icapserver/src/main/resources/configuration.properties,362,definition
parentalcontrol.bpjm.filter.file,eblocker-icapserver/src/main/resources/configuration.properties,363,definition
parentalcontrol.filterlists.file.path,eblocker-icapserver/src/main/resources/configuration.properties,364,definition
parentalcontrol.filterlists.file.customercreated.path,eblocker-icapserver/src/main/resources/configuration.properties,365,definition
parentalcontrol.filtered.devices.file.path,eblocker-icapserver/src/main/resources/configuration.properties,366,definition
parentalcontrol.usage.minimumTime,eblocker-icapserver/src/main/resources/configuration.properties,367,definition
parentalcontrol.usage.timeOutAutoOff,eblocker-icapserver/src/main/resources/configuration.properties,368,definition
parentalControl.searchEngineConfig.path,eblocker-icapserver/src/main/resources/configuration.properties,369,definition
parentalControl.standardUser.translation,eblocker-icapserver/src/main/resources/configuration.properties,370,definition
tor.port,eblocker-icapserver/src/main/resources/configuration.properties,372,definition
tor.telnet.control.port,eblocker-icapserver/src/main/resources/configuration.properties,373,definition
tor.connection.check.delay,eblocker-icapserver/src/main/resources/configuration.properties,374,definition
tor.config.file.path,eblocker-icapserver/src/main/resources/configuration.properties,375,definition
tor.config.template.file.path,eblocker-icapserver/src/main/resources/configuration.properties,376,definition
tor.dns.port,eblocker-icapserver/src/main/resources/configuration.properties,377,definition
tor.mark,eblocker-icapserver/src/main/resources/configuration.properties,378,definition
arp.spoof.healing.packets,eblocker-icapserver/src/main/resources/configuration.properties,380,definition
arp.spoof.online.threshold,eblocker-icapserver/src/main/resources/configuration.properties,381,definition
arp.spoof.suspend.period,eblocker-icapserver/src/main/resources/configuration.properties,382,definition
arp.ip.grace.period.seconds,eblocker-icapserver/src/main/resources/configuration.properties,384,definition
arp.sweep.max.size,eblocker-icapserver/src/main/resources/configuration.properties,386,definition
posix.timezone.strings.json.file,eblocker-icapserver/src/main/resources/configuration.properties,388,definition
message.dailyNews.file,eblocker-icapserver/src/main/resources/configuration.properties,391,definition
message.filterlists.outdated.days,eblocker-icapserver/src/main/resources/configuration.properties,392,definition
diagnostics.report.command,eblocker-icapserver/src/main/resources/configuration.properties,394,definition
diagnostics.report.file,eblocker-icapserver/src/main/resources/configuration.properties,395,definition
diagnostics.logfile.system,eblocker-icapserver/src/main/resources/configuration.properties,396,definition
write.startup.status.file.command,eblocker-icapserver/src/main/resources/configuration.properties,398,definition
appmodules.file.path,eblocker-icapserver/src/main/resources/configuration.properties,400,definition
appmodules.id.temp,eblocker-icapserver/src/main/resources/configuration.properties,401,definition
appmodules.id.user,eblocker-icapserver/src/main/resources/configuration.properties,402,definition
appmodules.id.autotrust,eblocker-icapserver/src/main/resources/configuration.properties,403,definition
appmodules.id.custom.min,eblocker-icapserver/src/main/resources/configuration.properties,404,definition
authentication.token.user.validity.seconds,eblocker-icapserver/src/main/resources/configuration.properties,406,definition
authentication.token.squid.validity.seconds,eblocker-icapserver/src/main/resources/configuration.properties,407,definition
authentication.token.system.validity.seconds,eblocker-icapserver/src/main/resources/configuration.properties,408,definition
authentication.token.dashboard.validity.seconds,eblocker-icapserver/src/main/resources/configuration.properties,409,definition
authentication.passwordReset.validity.seconds,eblocker-icapserver/src/main/resources/configuration.properties,410,definition
authentication.passwordReset.gracePeriod.seconds,eblocker-icapserver/src/main/resources/configuration.properties,411,definition
authentication.passwordFailed.maxPenalty.seconds,eblocker-icapserver/src/main/resources/configuration.properties,412,definition
authentication.passwordFailed.penaltyIncrement.seconds,eblocker-icapserver/src/main/resources/configuration.properties,413,definition
openvpn.configuration.options.blacklist,eblocker-icapserver/src/main/resources/configuration.properties,415,definition
openvpn.configuration.options.whitelist,eblocker-icapserver/src/main/resources/configuration.properties,416,definition
openvpn.configuration.options.file,eblocker-icapserver/src/main/resources/configuration.properties,417,definition
openvpn.configuration.options.group,eblocker-icapserver/src/main/resources/configuration.properties,418,definition
openvpn.configuration.default-options,eblocker-icapserver/src/main/resources/configuration.properties,419,definition
openvpn.profiles.folder.path,eblocker-icapserver/src/main/resources/configuration.properties,420,definition
start.openvpn.instance.command,eblocker-icapserver/src/main/resources/configuration.properties,421,definition
killall.openvpn.command,eblocker-icapserver/src/main/resources/configuration.properties,422,definition
vpn.set.client.route,eblocker-icapserver/src/main/resources/configuration.properties,423,definition
vpn.set.client.route.ip6,eblocker-icapserver/src/main/resources/configuration.properties,424,definition
vpn.clear.client.route,eblocker-icapserver/src/main/resources/configuration.properties,425,definition
vpn.reconfigure.policy,eblocker-icapserver/src/main/resources/configuration.properties,426,definition
vpn.reconfigure.routing.tables.command,eblocker-icapserver/src/main/resources/configuration.properties,427,definition
vpn.iproute2.rttables.file.path,eblocker-icapserver/src/main/resources/configuration.properties,428,definition
vpn.iproute2.rttables.temp.result.file.path,eblocker-icapserver/src/main/resources/configuration.properties,429,definition
vpn.iproute2.rttables.name.prefix,eblocker-icapserver/src/main/resources/configuration.properties,430,definition
vpn.iproute2.rttables.offset,eblocker-icapserver/src/main/resources/configuration.properties,431,definition
vpn.iproute2.rttables.route.min,eblocker-icapserver/src/main/resources/configuration.properties,432,definition
vpn.iproute2.rttables.route.max,eblocker-icapserver/src/main/resources/configuration.properties,433,definition
vpn.keepalive.ping.target,eblocker-icapserver/src/main/resources/configuration.properties,434,definition
vpn.keepalive.ping.interval,eblocker-icapserver/src/main/resources/configuration.properties,435,definition
vpn.keepalive.ping.noAnswerThreshold,eblocker-icapserver/src/main/resources/configuration.properties,436,definition
openvpn.profile.password.mask,eblocker-icapserver/src/main/resources/configuration.properties,437,definition
openvpn.cache.stoppedClientTimeout,eblocker-icapserver/src/main/resources/configuration.properties,438,definition
openvpn.server.command,eblocker-icapserver/src/main/resources/configuration.properties,439,definition
openvpn.server.path,eblocker-icapserver/src/main/resources/configuration.properties,440,definition
openvpn.server.ca.path,eblocker-icapserver/src/main/resources/configuration.properties,441,definition
openvpn.server.client.unix-template,eblocker-icapserver/src/main/resources/configuration.properties,442,definition
openvpn.server.client.windows-template,eblocker-icapserver/src/main/resources/configuration.properties,443,definition
openvpn.server.client.macos-template,eblocker-icapserver/src/main/resources/configuration.properties,444,definition
openvpn.server.port,eblocker-icapserver/src/main/resources/configuration.properties,445,definition
openvpn.server.portforwarding.duration.connectiontest,eblocker-icapserver/src/main/resources/configuration.properties,446,definition
openvpn.server.portforwarding.duration.initial,eblocker-icapserver/src/main/resources/configuration.properties,447,definition
openvpn.server.portforwarding.duration.use,eblocker-icapserver/src/main/resources/configuration.properties,448,definition
openvpn.server.portforwarding.description,eblocker-icapserver/src/main/resources/configuration.properties,449,definition
openvpn.server.portforwarding.upnp.discovery.max.steps,eblocker-icapserver/src/main/resources/configuration.properties,450,definition
openvpn.server.portforwarding.upnp.discovery.waiting.time,eblocker-icapserver/src/main/resources/configuration.properties,451,definition
transactionRecorder.default.size,eblocker-icapserver/src/main/resources/configuration.properties,453,definition
transactionRecorder.default.time,eblocker-icapserver/src/main/resources/configuration.properties,454,definition
transactionRecorder.max.size,eblocker-icapserver/src/main/resources/configuration.properties,455,definition
transactionRecorder.max.time,eblocker-icapserver/src/main/resources/configuration.properties,456,definition
license.expiration.warning.threshold.week,eblocker-icapserver/src/main/resources/configuration.properties,458,definition
license.expiration.warning.threshold.day,eblocker-icapserver/src/main/resources/configuration.properties,459,definition
license.expiration.warning.threshold.first.reminder,eblocker-icapserver/src/main/resources/configuration.properties,460,definition
license.expiration.warning.nextOffset.min,eblocker-icapserver/src/main/resources/configuration.properties,461,definition
license.expiration.warning.nextOffset.max,eblocker-icapserver/src/main/resources/configuration.properties,462,definition
executor.startupTask.startupDelay,eblocker-icapserver/src/main/resources/configuration.properties,463,definition
update.seconds.between.requests,eblocker-icapserver/src/main/resources/configuration.properties,465,definition
factory.reset.command,eblocker-icapserver/src/main/resources/configuration.properties,467,definition
baseurl.apt,eblocker-icapserver/src/main/resources/configuration.properties,469,definition
baseurl.api,eblocker-icapserver/src/main/resources/configuration.properties,470,definition
baseurl.my,eblocker-icapserver/src/main/resources/configuration.properties,471,definition
dyndns.ip.update.path,eblocker-icapserver/src/main/resources/configuration.properties,473,definition
filter.stats.days,eblocker-icapserver/src/main/resources/configuration.properties,475,definition
filter.stats.domains.db.path,eblocker-icapserver/src/main/resources/configuration.properties,476,definition
filter.stats.domains.heap.size,eblocker-icapserver/src/main/resources/configuration.properties,477,definition
filter.stats.ignore.first.party,eblocker-icapserver/src/main/resources/configuration.properties,478,definition
ssl.certificate.friendlyname.length,eblocker-icapserver/src/main/resources/configuration.properties,480,definition
ssl.certificate.friendlyname.fallback,eblocker-icapserver/src/main/resources/configuration.properties,481,definition
features.enable.ip6,eblocker-icapserver/src/main/resources/configuration.properties,483,definition
connection.test.patternblocker.url,eblocker-icapserver/src/main/resources/configuration.properties,485,definition
connection.test.routingtest.url,eblocker-icapserver/src/main/resources/configuration.properties,486,definition
blocker.localStorage.path,eblocker-icapserver/src/main/resources/configuration.properties,488,definition
domainRecorder.binLengthInSeconds,eblocker-icapserver/src/main/resources/configuration.properties,490,definition
domainRecorder.binLifetimeInSeconds,eblocker-icapserver/src/main/resources/configuration.properties,491,definition
captivePortal.simulate,eblocker-icapserver/src/main/resources/configuration.properties,493,definition
system.requirement.heap_size_mb,eblocker-icapserver/src/main/resources/configuration.properties,495,definition
system.requirement.total_memory,eblocker-icapserver/src/main/resources/configuration.properties,496,definition
list.block-devices.command,eblocker-icapserver/src/main/resources/configuration.properties,498,definition
external.disk.backup.filename,eblocker-icapserver/src/main/resources/configuration.properties,499,definition
external.disk.mountpoint,eblocker-icapserver/src/main/resources/configuration.properties,500,definition
external.disk.mountpoint_wait.command,eblocker-icapserver/src/main/resources/configuration.properties,501,definition
external.disk.mountpoint_wait.timeout_ms,eblocker-icapserver/src/main/resources/configuration.properties,502,definition
document.contentTypes,eblocker-icapserver/src/main/resources/content-matcher.properties,1,definition
document.suffixes,eblocker-icapserver/src/main/resources/content-matcher.properties,2,definition
image.contentTypes,eblocker-icapserver/src/main/resources/content-matcher.properties,4,definition
image.suffixes,eblocker-icapserver/src/main/resources/content-matcher.properties,5,definition
script.contentTypes,eblocker-icapserver/src/main/resources/content-matcher.properties,7,definition
script.suffixes,eblocker-icapserver/src/main/resources/content-matcher.properties,8,definition
stylesheet.contentTypes,eblocker-icapserver/src/main/resources/content-matcher.properties,10,definition
stylesheet.suffixes,eblocker-icapserver/src/main/resources/content-matcher.properties,11,definition
subDocument.contentTypes,eblocker-icapserver/src/main/resources/content-matcher.properties,13,definition
subDocument.suffixes,eblocker-icapserver/src/main/resources/content-matcher.properties,14,definition
device.arch,eblocker-icapserver/src/test/resources/device-sample-1.properties,1,definition
device.board,eblocker-icapserver/src/test/resources/device-sample-1.properties,2,definition
device.case,eblocker-icapserver/src/test/resources/device-sample-1.properties,3,definition
device.serialnumber.available,eblocker-icapserver/src/test/resources/device-sample-1.properties,4,definition
device.serialnumber.pattern,eblocker-icapserver/src/test/resources/device-sample-1.properties,5,definition
device.wifi.available,eblocker-icapserver/src/test/resources/device-sample-1.properties,6,definition
device.arch,eblocker-icapserver/src/test/resources/device-sample-2.properties,1,definition
device.board,eblocker-icapserver/src/test/resources/device-sample-2.properties,2,definition
device.case,eblocker-icapserver/src/test/resources/device-sample-2.properties,3,definition
device.serialnumber.available,eblocker-icapserver/src/test/resources/device-sample-2.properties,4,definition
device.wifi.available,eblocker-icapserver/src/test/resources/device-sample-2.properties,6,definition
device.arch,eblocker-icapserver/src/test/resources/device-with-led.properties,1,definition
device.board,eblocker-icapserver/src/test/resources/device-with-led.properties,2,definition
device.case,eblocker-icapserver/src/test/resources/device-with-led.properties,3,definition
device.serialnumber.available,eblocker-icapserver/src/test/resources/device-with-led.properties,4,definition
device.serialnumber.pattern,eblocker-icapserver/src/test/resources/device-with-led.properties,5,definition
device.serialnumber.example,eblocker-icapserver/src/test/resources/device-with-led.properties,6,definition
device.wifi.available,eblocker-icapserver/src/test/resources/device-with-led.properties,7,definition
device.led.rgb.available,eblocker-icapserver/src/test/resources/device-with-led.properties,8,definition
device.arch,eblocker-icapserver/src/test/resources/device-without-led.properties,1,definition
device.board,eblocker-icapserver/src/test/resources/device-without-led.properties,2,definition
device.case,eblocker-icapserver/src/test/resources/device-without-led.properties,3,definition
device.serialnumber.available,eblocker-icapserver/src/test/resources/device-without-led.properties,4,definition
device.serialnumber.pattern,eblocker-icapserver/src/test/resources/device-without-led.properties,5,definition
device.serialnumber.example,eblocker-icapserver/src/test/resources/device-without-led.properties,6,definition
device.wifi.available,eblocker-icapserver/src/test/resources/device-without-led.properties,7,definition
device.led.rgb.available,eblocker-icapserver/src/test/resources/device-without-led.properties,8,definition
