source_path,git_blob,owner,disposition,replacement_phase,removal_gate
.editorconfig,a9949c3f90e64d20665b89f976a1fa5dda246088,root,"retain until replacement parity; inventoried, not semantically certified",R8 feature migration,contract + feature + upgrade tests; no deletion before evidence
.github/workflows/deployPackage.yml,865b33731866b986c2f2680aaf2afce97a46e2a0,.github,"retain until replacement parity; inventoried, not semantically certified",R8 feature migration,contract + feature + upgrade tests; no deletion before evidence
.github/workflows/verify.yml,cc6cb3a4e8e8da43c23abf2c2f7f16bfff6fb6b8,.github,"retain until replacement parity; inventoried, not semantically certified",R8 feature migration,contract + feature + upgrade tests; no deletion before evidence
.gitignore,ae4198907b1ec028ef5bc87db0ed49e127252dec,root,"retain until replacement parity; inventoried, not semantically certified",R8 feature migration,contract + feature + upgrade tests; no deletion before evidence
.idea/codeStyles/Project.xml,73dfe99baf9f841b50f1159a13fc50dee3cf2968,.idea,"retain until replacement parity; inventoried, not semantically certified",R8 feature migration,contract + feature + upgrade tests; no deletion before evidence
.idea/codeStyles/codeStyleConfig.xml,79ee123c2b23e069e35ed634d687e17f731cc702,.idea,"retain until replacement parity; inventoried, not semantically certified",R8 feature migration,contract + feature + upgrade tests; no deletion before evidence
.mvn/maven.config,b79df8ca66d6673b96abf51fc5bf33de14f67cb2,.mvn,"retain until replacement parity; inventoried, not semantically certified",R8 feature migration,contract + feature + upgrade tests; no deletion before evidence
.run/EblockerStart.run.xml,beffa63f226927021ff898a7f392460ffaba1292,.run,"retain until replacement parity; inventoried, not semantically certified",R8 feature migration,contract + feature + upgrade tests; no deletion before evidence
.vscode/settings.json,cc8e476eb58fcdf9423ce3f8f4c45ac66576ae41,.vscode,"retain until replacement parity; inventoried, not semantically certified",R8 feature migration,contract + feature + upgrade tests; no deletion before evidence
LICENSE.md,b605841ba34743006a82bf3df026d4528bfcd27f,root,"retain until replacement parity; inventoried, not semantically certified",R8 feature migration,contract + feature + upgrade tests; no deletion before evidence
README.md,8551a608887e4a5eca272bc0e2955dd285472702,root,"retain until replacement parity; inventoried, not semantically certified",R8 feature migration,contract + feature + upgrade tests; no deletion before evidence
eblocker-baseconfig/.gitignore,b83d22266ac8aa2f8df2edef68082c789727841d,eblocker-baseconfig,"retain until replacement parity; inventoried, not semantically certified",R8 feature migration,contract + feature + upgrade tests; no deletion before evidence
eblocker-baseconfig/pom.xml,7f22a94e0cf69b7d75db70bcecd2d7d0d2ddecf3,eblocker-baseconfig,"retain until replacement parity; inventoried, not semantically certified",R2 build then R13 legacy removal,contract + feature + upgrade tests; no deletion before evidence
eblocker-baseconfig/src/deb/control/control,2037e85d25631218cbb347495ebac7abb76a5fdc,eblocker-baseconfig,"retain until replacement parity; inventoried, not semantically certified",R8 feature migration,contract + feature + upgrade tests; no deletion before evidence
eblocker-baseconfig/src/deb/control/postinst,021f8387651c8d1be6f0c0a2b9863d0d725e3473,eblocker-baseconfig,"retain until replacement parity; inventoried, not semantically certified",R8 feature migration,contract + feature + upgrade tests; no deletion before evidence
eblocker-baseconfig/src/deb/control/prerm,64c2e179456583104582d8e8ce8f40cbd020b462,eblocker-baseconfig,"retain until replacement parity; inventoried, not semantically certified",R8 feature migration,contract + feature + upgrade tests; no deletion before evidence
eblocker-baseconfig/src/main/setup/etc/dhcp/dhclient-enter-hooks.d/eblocker-no-dhcp-nameservers-updates,28b8247666d97e76fb6da1a2709e041cee3b533d,eblocker-baseconfig,"retain until replacement parity; inventoried, not semantically certified",R8 feature migration,contract + feature + upgrade tests; no deletion before evidence
eblocker-baseconfig/src/main/setup/etc/dhcp/dhclient-exit-hooks.d/updateIP,921eac6f35bbfd00a43f512acea6a8c682408456,eblocker-baseconfig,"retain until replacement parity; inventoried, not semantically certified",R8 feature migration,contract + feature + upgrade tests; no deletion before evidence
eblocker-baseconfig/src/main/setup/etc/issue.eblocker,4992655b8963743b9ebf9906106f6b5850c81c1f,eblocker-baseconfig,"retain until replacement parity; inventoried, not semantically certified",R8 feature migration,contract + feature + upgrade tests; no deletion before evidence
eblocker-baseconfig/src/main/setup/etc/network/if-up.d/ipforward,41612a6b73bcd6dbe80d65cab69615ace6492821,eblocker-baseconfig,"retain until replacement parity; inventoried, not semantically certified",R7 network agent and R11 packaging,contract + feature + upgrade tests; no deletion before evidence
eblocker-baseconfig/src/main/setup/etc/tor/torrc,f309398c11e880a7c93962c08c91137781f07d36,eblocker-baseconfig,"retain until replacement parity; inventoried, not semantically certified",R8 feature migration,contract + feature + upgrade tests; no deletion before evidence
eblocker-baseconfig/src/main/squid-errors/ERR_ICAP_FAILURE,e9114813444490f1b98d209a2a5738c5c7f7ed85,eblocker-baseconfig,"retain until replacement parity; inventoried, not semantically certified",R8 feature migration,contract + feature + upgrade tests; no deletion before evidence
eblocker-baseconfig/src/main/squid-errors/ERR_SECURE_CONNECT_FAIL,22516e7ecfff4186f600895f35f7cc899c0636a3,eblocker-baseconfig,"retain until replacement parity; inventoried, not semantically certified",R8 feature migration,contract + feature + upgrade tests; no deletion before evidence
eblocker-baseconfig/src/main/squid-errors/REDIRECT_TO_EBLOCKER,a0e9b5067d033ffb940f5079d426b84172aaa08e,eblocker-baseconfig,"retain until replacement parity; inventoried, not semantically certified",R8 feature migration,contract + feature + upgrade tests; no deletion before evidence
eblocker-baseconfig/src/main/squid-errors/error-details.txt,b88c89e88800cf3232677413fef1384dddb5376b,eblocker-baseconfig,"retain until replacement parity; inventoried, not semantically certified",R8 feature migration,contract + feature + upgrade tests; no deletion before evidence
eblocker-certificate-validator/pom.xml,c147167c41c68d7e61e2ae76812936821d0317d5,eblocker-certificate-validator,"retain until replacement parity; inventoried, not semantically certified",R10 PKI and proxy,contract + feature + upgrade tests; no deletion before evidence
eblocker-certificate-validator/src/deb/control/control,4450f4840a92afec58229ddaf276e1fcda382fd9,eblocker-certificate-validator,"retain until replacement parity; inventoried, not semantically certified",R10 PKI and proxy,contract + feature + upgrade tests; no deletion before evidence
eblocker-certificate-validator/src/deb/control/postinst,472451db509feb7462280e2a92d92b5332d12280,eblocker-certificate-validator,"retain until replacement parity; inventoried, not semantically certified",R10 PKI and proxy,contract + feature + upgrade tests; no deletion before evidence
eblocker-certificate-validator/src/deb/control/postrm,aed4d93878e77f6303f3b0626ef1aebfb18227ef,eblocker-certificate-validator,"retain until replacement parity; inventoried, not semantically certified",R10 PKI and proxy,contract + feature + upgrade tests; no deletion before evidence
eblocker-certificate-validator/src/deb/control/preinst,21672bed3614e459b875881ec1c822ba0717d2a7,eblocker-certificate-validator,"retain until replacement parity; inventoried, not semantically certified",R10 PKI and proxy,contract + feature + upgrade tests; no deletion before evidence
eblocker-certificate-validator/src/deb/control/prerm,56ec800bc458e957769e68cc2977d4c81ba4b7a9,eblocker-certificate-validator,"retain until replacement parity; inventoried, not semantically certified",R10 PKI and proxy,contract + feature + upgrade tests; no deletion before evidence
eblocker-certificate-validator/src/main/java/org/eblocker/certificate/validator/http/DefaultHttpUrlConnectionBuilder.java,a2bc03c9dafbcde392a1271e495fffa2fbf06846,eblocker-certificate-validator,"retain until replacement parity; inventoried, not semantically certified",R10 PKI and proxy,contract + feature + upgrade tests; no deletion before evidence
eblocker-certificate-validator/src/main/java/org/eblocker/certificate/validator/http/DefaultHttpUrlConnectionBuilderFactory.java,2d8f353e2f5130e41f2fc2177c126f989c4ed87c,eblocker-certificate-validator,"retain until replacement parity; inventoried, not semantically certified",R10 PKI and proxy,contract + feature + upgrade tests; no deletion before evidence
eblocker-certificate-validator/src/main/java/org/eblocker/certificate/validator/http/HttpUrlConnectionBuilder.java,1f2ed9f5c7cf8d01767306c34391af5e5087f1a1,eblocker-certificate-validator,"retain until replacement parity; inventoried, not semantically certified",R10 PKI and proxy,contract + feature + upgrade tests; no deletion before evidence
eblocker-certificate-validator/src/main/java/org/eblocker/certificate/validator/http/HttpUrlConnectionBuilderFactory.java,0ebd0aa2e47d01ad5e40e7ae9ab41167f3a292a0,eblocker-certificate-validator,"retain until replacement parity; inventoried, not semantically certified",R10 PKI and proxy,contract + feature + upgrade tests; no deletion before evidence
eblocker-certificate-validator/src/main/java/org/eblocker/certificate/validator/squid/CachingValidator.java,477ffc85cc24a3fa811bd9d8d7b0ec30c0836b62,eblocker-certificate-validator,"retain until replacement parity; inventoried, not semantically certified",R10 PKI and proxy,contract + feature + upgrade tests; no deletion before evidence
eblocker-certificate-validator/src/main/java/org/eblocker/certificate/validator/squid/CertificateValidationMessage.java,9d0c9cce456fdce11926a276b20a265f4c3712aa,eblocker-certificate-validator,"retain until replacement parity; inventoried, not semantically certified",R10 PKI and proxy,contract + feature + upgrade tests; no deletion before evidence
eblocker-certificate-validator/src/main/java/org/eblocker/certificate/validator/squid/CertificateValidationMessageReader.java,cad6f3b682fa58b84b2382bd43d00810e4da0615,eblocker-certificate-validator,"retain until replacement parity; inventoried, not semantically certified",R10 PKI and proxy,contract + feature + upgrade tests; no deletion before evidence
eblocker-certificate-validator/src/main/java/org/eblocker/certificate/validator/squid/CertificateValidationRequest.java,e679cbcc62a6e3798569b55710c85a1bb780265b,eblocker-certificate-validator,"retain until replacement parity; inventoried, not semantically certified",R10 PKI and proxy,contract + feature + upgrade tests; no deletion before evidence
eblocker-certificate-validator/src/main/java/org/eblocker/certificate/validator/squid/CertificateValidationRequestReader.java,dd75f765f2f14fd58ce91b7b55ce7c17da2dbfed,eblocker-certificate-validator,"retain until replacement parity; inventoried, not semantically certified",R10 PKI and proxy,contract + feature + upgrade tests; no deletion before evidence
eblocker-certificate-validator/src/main/java/org/eblocker/certificate/validator/squid/CertificateValidationResponse.java,c025e74e825458c55a09dd18900656beab9e87d1,eblocker-certificate-validator,"retain until replacement parity; inventoried, not semantically certified",R10 PKI and proxy,contract + feature + upgrade tests; no deletion before evidence
eblocker-certificate-validator/src/main/java/org/eblocker/certificate/validator/squid/CertificateValidationResponseReader.java,274d01f4981b270bb266808701021cb8decb25d0,eblocker-certificate-validator,"retain until replacement parity; inventoried, not semantically certified",R10 PKI and proxy,contract + feature + upgrade tests; no deletion before evidence
eblocker-certificate-validator/src/main/java/org/eblocker/certificate/validator/squid/CertificateValidator.java,213f8c558d819eab979a82455d128b0eaa34df94,eblocker-certificate-validator,"retain until replacement parity; inventoried, not semantically certified",R10 PKI and proxy,contract + feature + upgrade tests; no deletion before evidence
eblocker-certificate-validator/src/main/java/org/eblocker/certificate/validator/squid/CertificateValidatorApp.java,d97302a24208dc5bbd98275ba057d3ec38734e8a,eblocker-certificate-validator,"retain until replacement parity; inventoried, not semantically certified",R10 PKI and proxy,contract + feature + upgrade tests; no deletion before evidence
eblocker-certificate-validator/src/main/java/org/eblocker/certificate/validator/squid/CertificateValidatorProvider.java,be3d5a4ba9bf9a12f27c847e3f76385a7f11577f,eblocker-certificate-validator,"retain until replacement parity; inventoried, not semantically certified",R10 PKI and proxy,contract + feature + upgrade tests; no deletion before evidence
eblocker-certificate-validator/src/main/java/org/eblocker/certificate/validator/squid/CrlCache.java,63a6df1cefbe1e699e49be01a4da5c34392404f0,eblocker-certificate-validator,"retain until replacement parity; inventoried, not semantically certified",R10 PKI and proxy,contract + feature + upgrade tests; no deletion before evidence
eblocker-certificate-validator/src/main/java/org/eblocker/certificate/validator/squid/CrlCacheCertStore.java,faa0ecec4028c03d3fadfc103d20d670b1da351e,eblocker-certificate-validator,"retain until replacement parity; inventoried, not semantically certified",R10 PKI and proxy,contract + feature + upgrade tests; no deletion before evidence
eblocker-certificate-validator/src/main/java/org/eblocker/certificate/validator/squid/IntermediateCertificatesStore.java,36e6c8c71184e93a85e580cb34383d6f586a1df4,eblocker-certificate-validator,"retain until replacement parity; inventoried, not semantically certified",R10 PKI and proxy,contract + feature + upgrade tests; no deletion before evidence
eblocker-certificate-validator/src/main/java/org/eblocker/certificate/validator/squid/IntermediateProvidingValidator.java,6cf338e9ad6995c64812b3fbc76e196b2a0e9ca2,eblocker-certificate-validator,"retain until replacement parity; inventoried, not semantically certified",R10 PKI and proxy,contract + feature + upgrade tests; no deletion before evidence
eblocker-certificate-validator/src/main/java/org/eblocker/certificate/validator/squid/OcspCache.java,f76ed811e4d2e673c321ce83d6408c867ac18b3a,eblocker-certificate-validator,"retain until replacement parity; inventoried, not semantically certified",R10 PKI and proxy,contract + feature + upgrade tests; no deletion before evidence
eblocker-certificate-validator/src/main/java/org/eblocker/certificate/validator/squid/PinnedCertificateValidator.java,968b6557ce64534ecbd6e2f130782ca6a62e4880,eblocker-certificate-validator,"retain until replacement parity; inventoried, not semantically certified",R10 PKI and proxy,contract + feature + upgrade tests; no deletion before evidence
eblocker-certificate-validator/src/main/java/org/eblocker/certificate/validator/squid/PinnedCertificatesStore.java,291f473354a49c3f7d5ad16a801b413976f74be5,eblocker-certificate-validator,"retain until replacement parity; inventoried, not semantically certified",R10 PKI and proxy,contract + feature + upgrade tests; no deletion before evidence
eblocker-certificate-validator/src/main/java/org/eblocker/certificate/validator/squid/SunCertificateValidator.java,cfc642a5dae086318468de67152270280b145c9e,eblocker-certificate-validator,"retain until replacement parity; inventoried, not semantically certified",R10 PKI and proxy,contract + feature + upgrade tests; no deletion before evidence
eblocker-certificate-validator/src/main/package/bin/certificate-validator-log4j2.xml,4f28fe67a0adaed0a53f5115e946fa7dd77d8265,eblocker-certificate-validator,"retain until replacement parity; inventoried, not semantically certified",R7 network agent and R11 packaging,contract + feature + upgrade tests; no deletion before evidence
eblocker-certificate-validator/src/main/package/bin/certificate-validator.sh,9eadc84dee437fc891805bef59b7014d09adf862,eblocker-certificate-validator,"retain until replacement parity; inventoried, not semantically certified",R7 network agent and R11 packaging,contract + feature + upgrade tests; no deletion before evidence
eblocker-certificate-validator/src/main/package/bin/squid-certificate-validator.sh,f14308bd74e057c6ac615fe33a5d019fff3af1a4,eblocker-certificate-validator,"retain until replacement parity; inventoried, not semantically certified",R7 network agent and R11 packaging,contract + feature + upgrade tests; no deletion before evidence
eblocker-certificate-validator/src/main/package/systemd/certvalidator.service,d529f9a8253f68c6cb798d298e791ad9730aad4e,eblocker-certificate-validator,"retain until replacement parity; inventoried, not semantically certified",R7 network agent and R11 packaging,contract + feature + upgrade tests; no deletion before evidence
eblocker-certificate-validator/src/main/resources/certificate-validator.properties,0bf69ed9dc33220bfb711df2b192aab1a1f9c1e0,eblocker-certificate-validator,"retain until replacement parity; inventoried, not semantically certified",R10 PKI and proxy,contract + feature + upgrade tests; no deletion before evidence
eblocker-certificate-validator/src/main/resources/log4j2.xml,58b5b70a38fe28176099e0bbd6609576a11848ac,eblocker-certificate-validator,"retain until replacement parity; inventoried, not semantically certified",R10 PKI and proxy,contract + feature + upgrade tests; no deletion before evidence
eblocker-certificate-validator/src/test/java/org/eblocker/certificate/validator/http/DefaultHttpUrlConnectionBuilderTest.java,b8faa43b92dddfe9d1123bce1fb7d08eaa796080,eblocker-certificate-validator,"retain until replacement parity; inventoried, not semantically certified",R10 PKI and proxy,contract + feature + upgrade tests; no deletion before evidence
eblocker-certificate-validator/src/test/java/org/eblocker/certificate/validator/http/HttpTestUtils.java,0886bf9ba9180542b0291879476446d54e5f9b78,eblocker-certificate-validator,"retain until replacement parity; inventoried, not semantically certified",R10 PKI and proxy,contract + feature + upgrade tests; no deletion before evidence
eblocker-certificate-validator/src/test/java/org/eblocker/certificate/validator/squid/CachingValidatorTest.java,883c86ce4032a982588efe3d41a8b9bed268085a,eblocker-certificate-validator,"retain until replacement parity; inventoried, not semantically certified",R10 PKI and proxy,contract + feature + upgrade tests; no deletion before evidence
eblocker-certificate-validator/src/test/java/org/eblocker/certificate/validator/squid/CertificateMessageReaderTest.java,719f7bb82d45e9e1d09ee930a5478bfedc5bee27,eblocker-certificate-validator,"retain until replacement parity; inventoried, not semantically certified",R10 PKI and proxy,contract + feature + upgrade tests; no deletion before evidence
eblocker-certificate-validator/src/test/java/org/eblocker/certificate/validator/squid/CertificateValidatorAppTest.java,6ba6e115bf1ab5a330da7164915dea08c6633a37,eblocker-certificate-validator,"retain until replacement parity; inventoried, not semantically certified",R10 PKI and proxy,contract + feature + upgrade tests; no deletion before evidence
eblocker-certificate-validator/src/test/java/org/eblocker/certificate/validator/squid/CertificateValidatorProviderTest.java,0001737abb9a6efb5aa9b051e5ffe04eab91a614,eblocker-certificate-validator,"retain until replacement parity; inventoried, not semantically certified",R10 PKI and proxy,contract + feature + upgrade tests; no deletion before evidence
eblocker-certificate-validator/src/test/java/org/eblocker/certificate/validator/squid/CertificateValidatorTestUtil.java,2df265c6dabd84eb30ebcf30021b3eeca60ee950,eblocker-certificate-validator,"retain until replacement parity; inventoried, not semantically certified",R10 PKI and proxy,contract + feature + upgrade tests; no deletion before evidence
eblocker-certificate-validator/src/test/java/org/eblocker/certificate/validator/squid/ConcurrentValidatorAppTest.java,a604ce6a615fb2efab0a172985766ea01985347d,eblocker-certificate-validator,"retain until replacement parity; inventoried, not semantically certified",R10 PKI and proxy,contract + feature + upgrade tests; no deletion before evidence
eblocker-certificate-validator/src/test/java/org/eblocker/certificate/validator/squid/CrlCacheCertStoreTest.java,1d244621b8cb480bc77f2093d27ef123ec1854df,eblocker-certificate-validator,"retain until replacement parity; inventoried, not semantically certified",R10 PKI and proxy,contract + feature + upgrade tests; no deletion before evidence
eblocker-certificate-validator/src/test/java/org/eblocker/certificate/validator/squid/CrlCacheTest.java,36309d0c57595283cce557a6cbd045fd077b94af,eblocker-certificate-validator,"retain until replacement parity; inventoried, not semantically certified",R10 PKI and proxy,contract + feature + upgrade tests; no deletion before evidence
eblocker-certificate-validator/src/test/java/org/eblocker/certificate/validator/squid/IntermediateCertificatesStoreTest.java,d25959421eb44603ddfd514863364475b3478f2f,eblocker-certificate-validator,"retain until replacement parity; inventoried, not semantically certified",R10 PKI and proxy,contract + feature + upgrade tests; no deletion before evidence
eblocker-certificate-validator/src/test/java/org/eblocker/certificate/validator/squid/IntermediateProvidingValidatorTest.java,f3f57d3dbbcd79b0a75d537713db84b2bb2b8414,eblocker-certificate-validator,"retain until replacement parity; inventoried, not semantically certified",R10 PKI and proxy,contract + feature + upgrade tests; no deletion before evidence
eblocker-certificate-validator/src/test/java/org/eblocker/certificate/validator/squid/OcspCacheTest.java,7b36aa1be5c1f8289210b9958ebe3427bcd7b00f,eblocker-certificate-validator,"retain until replacement parity; inventoried, not semantically certified",R10 PKI and proxy,contract + feature + upgrade tests; no deletion before evidence
eblocker-certificate-validator/src/test/java/org/eblocker/certificate/validator/squid/PinnedCertificateValidatorTest.java,b860895129dfc2ee5aefc646430fcc3ec37cf1f0,eblocker-certificate-validator,"retain until replacement parity; inventoried, not semantically certified",R10 PKI and proxy,contract + feature + upgrade tests; no deletion before evidence
eblocker-certificate-validator/src/test/java/org/eblocker/certificate/validator/squid/PinnedCertificatesStoreTest.java,739a4958b092df8511da7418a0027e79d84a456f,eblocker-certificate-validator,"retain until replacement parity; inventoried, not semantically certified",R10 PKI and proxy,contract + feature + upgrade tests; no deletion before evidence
eblocker-certificate-validator/src/test/java/org/eblocker/certificate/validator/squid/SunCertificateValidatorTest.java,b2ad01661dee0f9ddfbe150db12f0db435d7c9a6,eblocker-certificate-validator,"retain until replacement parity; inventoried, not semantically certified",R10 PKI and proxy,contract + feature + upgrade tests; no deletion before evidence
eblocker-certificate-validator/src/test/java/org/eblocker/certificate/validator/squid/TestClock.java,518b5e301a9ece8f95cd7e7c9a4244bf03d9166d,eblocker-certificate-validator,"retain until replacement parity; inventoried, not semantically certified",R10 PKI and proxy,contract + feature + upgrade tests; no deletion before evidence
eblocker-certificate-validator/src/test/java/org/eblocker/certificate/validator/squid/TestProperties.java,8766ac282e4603bc5ae267645445aaf3ac1e5788,eblocker-certificate-validator,"retain until replacement parity; inventoried, not semantically certified",R10 PKI and proxy,contract + feature + upgrade tests; no deletion before evidence
eblocker-certificate-validator/src/test/resources/ca-certificates.crt,928698ae72e193d13d95d4fe84d5b86378be711e,eblocker-certificate-validator,"retain until replacement parity; inventoried, not semantically certified",R10 PKI and proxy,contract + feature + upgrade tests; no deletion before evidence
eblocker-certificate-validator/src/test/resources/certificate-validator.properties,d7f59706f222de395c4480ecb075bcaa91d9697e,eblocker-certificate-validator,"retain until replacement parity; inventoried, not semantically certified",R10 PKI and proxy,contract + feature + upgrade tests; no deletion before evidence
eblocker-certificate-validator/src/test/resources/intermediate-certificates.pem,03fe84baa1a4ab9f696dbb47f6022ab1a3095650,eblocker-certificate-validator,"retain until replacement parity; inventoried, not semantically certified",R10 PKI and proxy,contract + feature + upgrade tests; no deletion before evidence
eblocker-certificate-validator/src/test/resources/sample-certs/AmazonServerCa1b-2017-10-11.crl,71c480d2ec3ff6ac2b46c659a88d5561ab120c8a,eblocker-certificate-validator,"retain until replacement parity; inventoried, not semantically certified",R10 PKI and proxy,contract + feature + upgrade tests; no deletion before evidence
eblocker-certificate-validator/src/test/resources/sample-certs/AmazonServerCa1b-2017-10-17.crl,ff3bcf0dcbdd85dc25539f29e1b8ae89d661a29c,eblocker-certificate-validator,"retain until replacement parity; inventoried, not semantically certified",R10 PKI and proxy,contract + feature + upgrade tests; no deletion before evidence
eblocker-certificate-validator/src/test/resources/sample-certs/DigiCertSHA2SecureServerCA.cert,70b86dfd71b9c7cf811e49f9d1bb933df68200ad,eblocker-certificate-validator,"retain until replacement parity; inventoried, not semantically certified",R10 PKI and proxy,contract + feature + upgrade tests; no deletion before evidence
eblocker-certificate-validator/src/test/resources/sample-certs/MicrosoftAzureTLSIssuingCA04.cert,0bc65afdd912f7fd329a27f9d17e4ce61f70fdf2,eblocker-certificate-validator,"retain until replacement parity; inventoried, not semantically certified",R10 PKI and proxy,contract + feature + upgrade tests; no deletion before evidence
eblocker-certificate-validator/src/test/resources/sample-certs/SymantecClass3SecureServerCA-G4.cert,bc1667940847fccfbc459d0cf258c74d272ec4b2,eblocker-certificate-validator,"retain until replacement parity; inventoried, not semantically certified",R10 PKI and proxy,contract + feature + upgrade tests; no deletion before evidence
eblocker-certificate-validator/src/test/resources/sample-certs/Verisign_Class_3_EV_SSL_CA.cert,6858e2a5f103f8d694805b385413395878c2923d,eblocker-certificate-validator,"retain until replacement parity; inventoried, not semantically certified",R10 PKI and proxy,contract + feature + upgrade tests; no deletion before evidence
eblocker-certificate-validator/src/test/resources/sample-certs/Verisign_Revoked.cert,7d85fd94a24053b672072d82d354acd6d6ba0233,eblocker-certificate-validator,"retain until replacement parity; inventoried, not semantically certified",R10 PKI and proxy,contract + feature + upgrade tests; no deletion before evidence
eblocker-certificate-validator/src/test/resources/sample-certs/expired.badssl.com.cert,4ef5abecbe8c6b681bf7ad456f3e0466d22a17f1,eblocker-certificate-validator,"retain until replacement parity; inventoried, not semantically certified",R10 PKI and proxy,contract + feature + upgrade tests; no deletion before evidence
eblocker-certificate-validator/src/test/resources/sample-certs/ocsp-response-fail.der,d6ea065987600ab39440742a3c06d4e01528f677,eblocker-certificate-validator,"retain until replacement parity; inventoried, not semantically certified",R10 PKI and proxy,contract + feature + upgrade tests; no deletion before evidence
eblocker-certificate-validator/src/test/resources/sample-certs/ocsp-response-good.der,2a61de240a887efe848702c40465c734fc4b5420,eblocker-certificate-validator,"retain until replacement parity; inventoried, not semantically certified",R10 PKI and proxy,contract + feature + upgrade tests; no deletion before evidence
eblocker-certificate-validator/src/test/resources/sample-certs/ocsp-response-revoked.der,d4734c1a17ae7600494f5b514892e8a2bf01001a,eblocker-certificate-validator,"retain until replacement parity; inventoried, not semantically certified",R10 PKI and proxy,contract + feature + upgrade tests; no deletion before evidence
eblocker-certificate-validator/src/test/resources/sample-certs/revoked.badssl.com.cert,5a68fe93c080b16a59d88d650aa024b1295dd223,eblocker-certificate-validator,"retain until replacement parity; inventoried, not semantically certified",R10 PKI and proxy,contract + feature + upgrade tests; no deletion before evidence
eblocker-certificate-validator/src/test/resources/sample-certs/www.microsoft.com.cert,016c97afeec318f9be4dfd38ab605cf3a7e2126f,eblocker-certificate-validator,"retain until replacement parity; inventoried, not semantically certified",R10 PKI and proxy,contract + feature + upgrade tests; no deletion before evidence
eblocker-certificate-validator/src/test/resources/sample-certs/xkcd.org.cert,94ed7d7ab44936f4ba9f4166654d8127a9722433,eblocker-certificate-validator,"retain until replacement parity; inventoried, not semantically certified",R10 PKI and proxy,contract + feature + upgrade tests; no deletion before evidence
eblocker-certificate-validator/src/test/resources/squid-validation/squid_cert_validator_key_pairs_bad.txt,02edd8d1179bf9632844ae542a774687a1212270,eblocker-certificate-validator,"retain until replacement parity; inventoried, not semantically certified",R10 PKI and proxy,contract + feature + upgrade tests; no deletion before evidence
eblocker-certificate-validator/src/test/resources/squid-validation/squid_cert_validator_key_pairs_good.txt,787d8b06f14308b9f05fd7c6792398250024836a,eblocker-certificate-validator,"retain until replacement parity; inventoried, not semantically certified",R10 PKI and proxy,contract + feature + upgrade tests; no deletion before evidence
eblocker-icapserver/.gitignore,b512c09d476623ff4bf8d0d63c29b784925dbdf8,eblocker-icapserver,"retain until replacement parity; inventoried, not semantically certified",R8 feature migration,contract + feature + upgrade tests; no deletion before evidence
eblocker-icapserver/.jscsrc,2c63c0851048d8f7bff41ecf0f8cee05f52fd120,eblocker-icapserver,"retain until replacement parity; inventoried, not semantically certified",R8 feature migration,contract + feature + upgrade tests; no deletion before evidence
eblocker-icapserver/.jshintrc,1c19c39065aee2aaba010e75670777dbbb2c9e4d,eblocker-icapserver,"retain until replacement parity; inventoried, not semantically certified",R8 feature migration,contract + feature + upgrade tests; no deletion before evidence
eblocker-icapserver/pom.xml,f23fd08923b37af3964228d49388e6af9fabae84,eblocker-icapserver,"retain until replacement parity; inventoried, not semantically certified",R2 build then R13 legacy removal,contract + feature + upgrade tests; no deletion before evidence
eblocker-icapserver/readme.md,af45a5c52bb32ec742d8ce514baa1eaa751eadfc,eblocker-icapserver,"retain until replacement parity; inventoried, not semantically certified",R8 feature migration,contract + feature + upgrade tests; no deletion before evidence
eblocker-icapserver/src/deb/control/control,718dee1744b780787088f9fc35bc082e65b5aebf,eblocker-icapserver,"retain until replacement parity; inventoried, not semantically certified",R8 feature migration,contract + feature + upgrade tests; no deletion before evidence
eblocker-icapserver/src/deb/control/postinst,050ce08e0a9f85ebddc1cf036aa2552ee3abbd5e,eblocker-icapserver,"retain until replacement parity; inventoried, not semantically certified",R8 feature migration,contract + feature + upgrade tests; no deletion before evidence
eblocker-icapserver/src/deb/control/postrm,1ec7d81cfbc6774ba643da83dfec7e29996f69ab,eblocker-icapserver,"retain until replacement parity; inventoried, not semantically certified",R8 feature migration,contract + feature + upgrade tests; no deletion before evidence
eblocker-icapserver/src/deb/control/prerm,33ec14d729dcc15b36920a324c925e3459de26f1,eblocker-icapserver,"retain until replacement parity; inventoried, not semantically certified",R8 feature migration,contract + feature + upgrade tests; no deletion before evidence
eblocker-icapserver/src/main/java/META-INF/MANIFEST.MF,fefd50391f34c2b592a3b658d9a6497322f96f21,eblocker-icapserver,"retain until replacement parity; inventoried, not semantically certified",R8 feature migration,contract + feature + upgrade tests; no deletion before evidence
eblocker-icapserver/src/main/java/META-INF/beans.xml,9d649687f43aff515a910df62cc89d77391b3624,eblocker-icapserver,"retain until replacement parity; inventoried, not semantically certified",R8 feature migration,contract + feature + upgrade tests; no deletion before evidence
eblocker-icapserver/src/main/java/org/eblocker/server/app/BackgroundServices.java,8a08c5b89636cee731b47bcfc4bff8ff367c74c5,eblocker-icapserver,"retain until replacement parity; inventoried, not semantically certified",R8 feature migration,contract + feature + upgrade tests; no deletion before evidence
eblocker-icapserver/src/main/java/org/eblocker/server/app/DeviceProperties.java,c1d6ce291c418702c497c95a04fbb1cd6ca92060,eblocker-icapserver,"retain until replacement parity; inventoried, not semantically certified",R8 feature migration,contract + feature + upgrade tests; no deletion before evidence
eblocker-icapserver/src/main/java/org/eblocker/server/app/EblockerServerApp.java,c624c8fd15944ac7bb486780e97c559ce22c790e,eblocker-icapserver,"retain until replacement parity; inventoried, not semantically certified",R8 feature migration,contract + feature + upgrade tests; no deletion before evidence
eblocker-icapserver/src/main/java/org/eblocker/server/app/NetworkConfigImportApp.java,dc65873da30664a63e48e3f15c3e5a98ddbe5898,eblocker-icapserver,"retain until replacement parity; inventoried, not semantically certified",R8 feature migration,contract + feature + upgrade tests; no deletion before evidence
eblocker-icapserver/src/main/java/org/eblocker/server/common/BaseModule.java,bae205b5c2239b047107b7190cae142f7320185e,eblocker-icapserver,"retain until replacement parity; inventoried, not semantically certified",R8 feature migration,contract + feature + upgrade tests; no deletion before evidence
eblocker-icapserver/src/main/java/org/eblocker/server/common/ConfigurableModule.java,2e11d12511fdecc7904393b31dd05ba4f322aeaf,eblocker-icapserver,"retain until replacement parity; inventoried, not semantically certified",R8 feature migration,contract + feature + upgrade tests; no deletion before evidence
eblocker-icapserver/src/main/java/org/eblocker/server/common/EblockerModule.java,b697fb1d5c0fe1b0861565605f13a0bb09f017bd,eblocker-icapserver,"retain until replacement parity; inventoried, not semantically certified",R8 feature migration,contract + feature + upgrade tests; no deletion before evidence
eblocker-icapserver/src/main/java/org/eblocker/server/common/Environment.java,e5145b41d7e26f56b7835668f74d020b705b3ba9,eblocker-icapserver,"retain until replacement parity; inventoried, not semantically certified",R8 feature migration,contract + feature + upgrade tests; no deletion before evidence
eblocker-icapserver/src/main/java/org/eblocker/server/common/JedisPoolProvider.java,fb6ba63393d99630a1f426b744b8274da483fb4e,eblocker-icapserver,"retain until replacement parity; inventoried, not semantically certified",R8 feature migration,contract + feature + upgrade tests; no deletion before evidence
eblocker-icapserver/src/main/java/org/eblocker/server/common/ObjectMapperProvider.java,d670f7247e335f5d8a929598d7d200d79066b60c,eblocker-icapserver,"retain until replacement parity; inventoried, not semantically certified",R8 feature migration,contract + feature + upgrade tests; no deletion before evidence
eblocker-icapserver/src/main/java/org/eblocker/server/common/PauseDeviceController.java,f45a01e3559e19f3065f6d35df5320489bbd2ae8,eblocker-icapserver,"retain until replacement parity; inventoried, not semantically certified",R8 feature migration,contract + feature + upgrade tests; no deletion before evidence
eblocker-icapserver/src/main/java/org/eblocker/server/common/RequireFeature.java,0ebf04a6494a81d683afcb9ff812912bd8defc8f,eblocker-icapserver,"retain until replacement parity; inventoried, not semantically certified",R8 feature migration,contract + feature + upgrade tests; no deletion before evidence
eblocker-icapserver/src/main/java/org/eblocker/server/common/blacklist/BlacklistCompiler.java,6dc995fe67cb3fee555d44f2c035e45f04a8a691,eblocker-icapserver,"retain until replacement parity; inventoried, not semantically certified",R8 feature migration,contract + feature + upgrade tests; no deletion before evidence
eblocker-icapserver/src/main/java/org/eblocker/server/common/blacklist/BlockedDomainLog.java,c534ed7b6429ec47609db62d4a9e31517d7d2bdf,eblocker-icapserver,"retain until replacement parity; inventoried, not semantically certified",R8 feature migration,contract + feature + upgrade tests; no deletion before evidence
eblocker-icapserver/src/main/java/org/eblocker/server/common/blacklist/BloomDomainFilter.java,187be3aa6082c8566efc1c0994fbb709b52e65fa,eblocker-icapserver,"retain until replacement parity; inventoried, not semantically certified",R8 feature migration,contract + feature + upgrade tests; no deletion before evidence
eblocker-icapserver/src/main/java/org/eblocker/server/common/blacklist/Cache.java,bb357710887de73d4baaba2b7056128b5df20ff2,eblocker-icapserver,"retain until replacement parity; inventoried, not semantically certified",R8 feature migration,contract + feature + upgrade tests; no deletion before evidence
eblocker-icapserver/src/main/java/org/eblocker/server/common/blacklist/CacheIndex.java,2b80fec3b9acce047c18aa0870578531cafe495c,eblocker-icapserver,"retain until replacement parity; inventoried, not semantically certified",R8 feature migration,contract + feature + upgrade tests; no deletion before evidence
eblocker-icapserver/src/main/java/org/eblocker/server/common/blacklist/CacheIndexRepository.java,7f0393790ba0b5c6efdc62e58d9f79247162f28e,eblocker-icapserver,"retain until replacement parity; inventoried, not semantically certified",R8 feature migration,contract + feature + upgrade tests; no deletion before evidence
eblocker-icapserver/src/main/java/org/eblocker/server/common/blacklist/CachedFileFilter.java,643a038a3a4dd6ca37865e544036eabcdfd14774,eblocker-icapserver,"retain until replacement parity; inventoried, not semantically certified",R8 feature migration,contract + feature + upgrade tests; no deletion before evidence
eblocker-icapserver/src/main/java/org/eblocker/server/common/blacklist/CachedFilterKey.java,65f99570427fa41885c1c26ffe5cbba5e5e2a67a,eblocker-icapserver,"retain until replacement parity; inventoried, not semantically certified",R8 feature migration,contract + feature + upgrade tests; no deletion before evidence
eblocker-icapserver/src/main/java/org/eblocker/server/common/blacklist/CachingFilter.java,35126c3ea11b6137263386c9fc788a935c95ba7f,eblocker-icapserver,"retain until replacement parity; inventoried, not semantically certified",R8 feature migration,contract + feature + upgrade tests; no deletion before evidence
eblocker-icapserver/src/main/java/org/eblocker/server/common/blacklist/DomainBlacklistService.java,e83bded853311b5ecd485648a370260bb5735156,eblocker-icapserver,"retain until replacement parity; inventoried, not semantically certified",R8 feature migration,contract + feature + upgrade tests; no deletion before evidence
eblocker-icapserver/src/main/java/org/eblocker/server/common/blacklist/DomainBlockingNetworkService.java,d1416f4289173a3b13a1b2000663042e9a237d39,eblocker-icapserver,"retain until replacement parity; inventoried, not semantically certified",R8 feature migration,contract + feature + upgrade tests; no deletion before evidence
eblocker-icapserver/src/main/java/org/eblocker/server/common/blacklist/DomainBlockingService.java,4ccd9822fdfc15b937d48bccfa7b88c50a7a18fc,eblocker-icapserver,"retain until replacement parity; inventoried, not semantically certified",R8 feature migration,contract + feature + upgrade tests; no deletion before evidence
eblocker-icapserver/src/main/java/org/eblocker/server/common/blacklist/DomainFilter.java,00c3381b8469280c3e7e7db5eb0bd1551921cc77,eblocker-icapserver,"retain until replacement parity; inventoried, not semantically certified",R8 feature migration,contract + feature + upgrade tests; no deletion before evidence
eblocker-icapserver/src/main/java/org/eblocker/server/common/blacklist/DomainFilterAnd.java,2bbe7c7dc2c73d5f2d4b0d4b25d4e20922ac86ac,eblocker-icapserver,"retain until replacement parity; inventoried, not semantically certified",R8 feature migration,contract + feature + upgrade tests; no deletion before evidence
eblocker-icapserver/src/main/java/org/eblocker/server/common/blacklist/DomainFilterLoader.java,596b4561cd2f4a8ad979dbcbc44669ed1b50e3d4,eblocker-icapserver,"retain until replacement parity; inventoried, not semantically certified",R8 feature migration,contract + feature + upgrade tests; no deletion before evidence
eblocker-icapserver/src/main/java/org/eblocker/server/common/blacklist/DomainFilterNot.java,3b232f4d70a4b6c38633aacc3bd9d49e65b6845c,eblocker-icapserver,"retain until replacement parity; inventoried, not semantically certified",R8 feature migration,contract + feature + upgrade tests; no deletion before evidence
eblocker-icapserver/src/main/java/org/eblocker/server/common/blacklist/DomainFilterOr.java,9b5a020d3068734c5cc7344fc1e8d5bd82cd7a08,eblocker-icapserver,"retain until replacement parity; inventoried, not semantically certified",R8 feature migration,contract + feature + upgrade tests; no deletion before evidence
eblocker-icapserver/src/main/java/org/eblocker/server/common/blacklist/DomainReplaceFilter.java,65024cc5e2a56c54bc8fac6579f251befce2d210,eblocker-icapserver,"retain until replacement parity; inventoried, not semantically certified",R8 feature migration,contract + feature + upgrade tests; no deletion before evidence
eblocker-icapserver/src/main/java/org/eblocker/server/common/blacklist/FilterDecision.java,5a9c0a971d3343f7891a72ddf3702fa5e11c6b31,eblocker-icapserver,"retain until replacement parity; inventoried, not semantically certified",R8 feature migration,contract + feature + upgrade tests; no deletion before evidence
eblocker-icapserver/src/main/java/org/eblocker/server/common/blacklist/Filters.java,394b7d0eccecaf30fcc1a75d10d9967905760923,eblocker-icapserver,"retain until replacement parity; inventoried, not semantically certified",R8 feature migration,contract + feature + upgrade tests; no deletion before evidence
eblocker-icapserver/src/main/java/org/eblocker/server/common/blacklist/HashFileFilter.java,45a0ce4f0ddaf15881a8e6fb3d827dedf5b40769,eblocker-icapserver,"retain until replacement parity; inventoried, not semantically certified",R8 feature migration,contract + feature + upgrade tests; no deletion before evidence
eblocker-icapserver/src/main/java/org/eblocker/server/common/blacklist/HashingFilter.java,9018cd8f903e34291b93141ad3998c45a2db5c07,eblocker-icapserver,"retain until replacement parity; inventoried, not semantically certified",R8 feature migration,contract + feature + upgrade tests; no deletion before evidence
eblocker-icapserver/src/main/java/org/eblocker/server/common/blacklist/HostnameFilter.java,25ffb3b70f3636f48c48bab69e1acd81e43e66c1,eblocker-icapserver,"retain until replacement parity; inventoried, not semantically certified",R8 feature migration,contract + feature + upgrade tests; no deletion before evidence
eblocker-icapserver/src/main/java/org/eblocker/server/common/blacklist/RequestHandler.java,9eacc543c1848cf599af39f41e5e6d91351123a0,eblocker-icapserver,"retain until replacement parity; inventoried, not semantically certified",R8 feature migration,contract + feature + upgrade tests; no deletion before evidence
eblocker-icapserver/src/main/java/org/eblocker/server/common/blacklist/SingleFileFilter.java,81bf636105189bfc784fe4f3abca26c4ee43e70c,eblocker-icapserver,"retain until replacement parity; inventoried, not semantically certified",R8 feature migration,contract + feature + upgrade tests; no deletion before evidence
eblocker-icapserver/src/main/java/org/eblocker/server/common/blacklist/StaticFilter.java,05d2b3df8df80743e04272dbfbcbbfdc6a3378e3,eblocker-icapserver,"retain until replacement parity; inventoried, not semantically certified",R8 feature migration,contract + feature + upgrade tests; no deletion before evidence
eblocker-icapserver/src/main/java/org/eblocker/server/common/blacklist/StringFunnel.java,1f83c080ee57722646b6532b2556a0c4fc96bd4a,eblocker-icapserver,"retain until replacement parity; inventoried, not semantically certified",R8 feature migration,contract + feature + upgrade tests; no deletion before evidence
eblocker-icapserver/src/main/java/org/eblocker/server/common/blocker/Blocker.java,dd9053e04f589a6a1a8eb26505332dae1ec48102,eblocker-icapserver,"retain until replacement parity; inventoried, not semantically certified",R8 feature migration,contract + feature + upgrade tests; no deletion before evidence
eblocker-icapserver/src/main/java/org/eblocker/server/common/blocker/BlockerIdTypeIdCache.java,8a44d3cadfe5750c9d80673a2e59bacd09441095,eblocker-icapserver,"retain until replacement parity; inventoried, not semantically certified",R8 feature migration,contract + feature + upgrade tests; no deletion before evidence
eblocker-icapserver/src/main/java/org/eblocker/server/common/blocker/BlockerService.java,e3f29d0981f80d9c007464d6d5ff46605c769b3c,eblocker-icapserver,"retain until replacement parity; inventoried, not semantically certified",R8 feature migration,contract + feature + upgrade tests; no deletion before evidence
eblocker-icapserver/src/main/java/org/eblocker/server/common/blocker/BlockerType.java,fb856fe0e24345a4c8c1e95398cda3f7d8a91171,eblocker-icapserver,"retain until replacement parity; inventoried, not semantically certified",R8 feature migration,contract + feature + upgrade tests; no deletion before evidence
eblocker-icapserver/src/main/java/org/eblocker/server/common/blocker/BlockerUtils.java,2c9a6fa8d3434cf22f2b36e638919ee20102f3c3,eblocker-icapserver,"retain until replacement parity; inventoried, not semantically certified",R8 feature migration,contract + feature + upgrade tests; no deletion before evidence
eblocker-icapserver/src/main/java/org/eblocker/server/common/blocker/Category.java,ca28d32ae2d5b7173fe20a3377a30a48f860f609,eblocker-icapserver,"retain until replacement parity; inventoried, not semantically certified",R8 feature migration,contract + feature + upgrade tests; no deletion before evidence
eblocker-icapserver/src/main/java/org/eblocker/server/common/blocker/DomainBlockerService.java,dfbc4b27732fb9ad31f5bbac58a77aefd8a74cde,eblocker-icapserver,"retain until replacement parity; inventoried, not semantically certified",R8 feature migration,contract + feature + upgrade tests; no deletion before evidence
eblocker-icapserver/src/main/java/org/eblocker/server/common/blocker/ExternalDefinition.java,dfadbee2b8bd11a2b400d256da985bb60ef21394,eblocker-icapserver,"retain until replacement parity; inventoried, not semantically certified",R8 feature migration,contract + feature + upgrade tests; no deletion before evidence
eblocker-icapserver/src/main/java/org/eblocker/server/common/blocker/Format.java,7295fcb648fb15579cc69a3876281411f2f5d4be,eblocker-icapserver,"retain until replacement parity; inventoried, not semantically certified",R8 feature migration,contract + feature + upgrade tests; no deletion before evidence
eblocker-icapserver/src/main/java/org/eblocker/server/common/blocker/PatternBlockerService.java,1e5852bca04419da899e353baa60d6cda64fa4c8,eblocker-icapserver,"retain until replacement parity; inventoried, not semantically certified",R8 feature migration,contract + feature + upgrade tests; no deletion before evidence
eblocker-icapserver/src/main/java/org/eblocker/server/common/blocker/Type.java,6af29330fbb2b16dbbeb8bd5db03cf37874ec77f,eblocker-icapserver,"retain until replacement parity; inventoried, not semantically certified",R8 feature migration,contract + feature + upgrade tests; no deletion before evidence
eblocker-icapserver/src/main/java/org/eblocker/server/common/blocker/TypeId.java,8926d0072d3817184ff7e03cf37e2867905c44fe,eblocker-icapserver,"retain until replacement parity; inventoried, not semantically certified",R8 feature migration,contract + feature + upgrade tests; no deletion before evidence
eblocker-icapserver/src/main/java/org/eblocker/server/common/blocker/UpdateInterval.java,2678ec2e5ac0349753844a7bc8f8fc5063924616,eblocker-icapserver,"retain until replacement parity; inventoried, not semantically certified",R8 feature migration,contract + feature + upgrade tests; no deletion before evidence
eblocker-icapserver/src/main/java/org/eblocker/server/common/blocker/UpdateStatus.java,d607b9de98b5b05749e35fcd25b04d2842d0f916,eblocker-icapserver,"retain until replacement parity; inventoried, not semantically certified",R8 feature migration,contract + feature + upgrade tests; no deletion before evidence
eblocker-icapserver/src/main/java/org/eblocker/server/common/blocker/UpdateTask.java,e498054ed0704f4a1fd353d0b8b092f0d88bc6cf,eblocker-icapserver,"retain until replacement parity; inventoried, not semantically certified",R8 feature migration,contract + feature + upgrade tests; no deletion before evidence
eblocker-icapserver/src/main/java/org/eblocker/server/common/blocker/UpdateTaskFactory.java,528a098ae3ac69713283c4841736c51371894748,eblocker-icapserver,"retain until replacement parity; inventoried, not semantically certified",R8 feature migration,contract + feature + upgrade tests; no deletion before evidence
eblocker-icapserver/src/main/java/org/eblocker/server/common/blocker/parser/DomainParser.java,71f76e0d98e3d4e980ceb72fe52e02792194ec8f,eblocker-icapserver,"retain until replacement parity; inventoried, not semantically certified",R8 feature migration,contract + feature + upgrade tests; no deletion before evidence
eblocker-icapserver/src/main/java/org/eblocker/server/common/blocker/parser/EtcHostsParser.java,7cd525e3d3acbce314f861cf780acece8d666724,eblocker-icapserver,"retain until replacement parity; inventoried, not semantically certified",R8 feature migration,contract + feature + upgrade tests; no deletion before evidence
eblocker-icapserver/src/main/java/org/eblocker/server/common/blocker/parser/SquidAclParser.java,2f523211f1b072871753a6a5e9bd5c9c2fd8a201,eblocker-icapserver,"retain until replacement parity; inventoried, not semantically certified",R8 feature migration,contract + feature + upgrade tests; no deletion before evidence
eblocker-icapserver/src/main/java/org/eblocker/server/common/collections/ConcurrentFixedSizeCache.java,13d0a517ce65ce70d9dd22b0e4c1617b2d60ea34,eblocker-icapserver,"retain until replacement parity; inventoried, not semantically certified",R8 feature migration,contract + feature + upgrade tests; no deletion before evidence
eblocker-icapserver/src/main/java/org/eblocker/server/common/data/AccessRestriction.java,f31ef0d5a756c40870551b963ebc22260337e1fb,eblocker-icapserver,"retain until replacement parity; inventoried, not semantically certified",R6 data migration,contract + feature + upgrade tests; no deletion before evidence
eblocker-icapserver/src/main/java/org/eblocker/server/common/data/BlockDevice.java,e00f0880e76e3e56cc29ff33ecb700784530a832,eblocker-icapserver,"retain until replacement parity; inventoried, not semantically certified",R6 data migration,contract + feature + upgrade tests; no deletion before evidence
eblocker-icapserver/src/main/java/org/eblocker/server/common/data/BlockDevicesList.java,535d4507f5afc1cf546c0fe0325c3c8ffc216b5b,eblocker-icapserver,"retain until replacement parity; inventoried, not semantically certified",R6 data migration,contract + feature + upgrade tests; no deletion before evidence
eblocker-icapserver/src/main/java/org/eblocker/server/common/data/BlockedDomainsStats.java,a42b455df9a9a7964a62d17dc3601d3f57fd1639,eblocker-icapserver,"retain until replacement parity; inventoried, not semantically certified",R6 data migration,contract + feature + upgrade tests; no deletion before evidence
eblocker-icapserver/src/main/java/org/eblocker/server/common/data/BonusTimeUsage.java,1e27fe1916536119022192484f581995c12003e9,eblocker-icapserver,"retain until replacement parity; inventoried, not semantically certified",R6 data migration,contract + feature + upgrade tests; no deletion before evidence
eblocker-icapserver/src/main/java/org/eblocker/server/common/data/CaOptions.java,c07dad6dda8054e749f918c57f8a0c7f3d79db0f,eblocker-icapserver,"retain until replacement parity; inventoried, not semantically certified",R6 data migration,contract + feature + upgrade tests; no deletion before evidence
eblocker-icapserver/src/main/java/org/eblocker/server/common/data/Certificate.java,da40f220756cafe87799e443a0306e7df6354b28,eblocker-icapserver,"retain until replacement parity; inventoried, not semantically certified",R6 data migration,contract + feature + upgrade tests; no deletion before evidence
eblocker-icapserver/src/main/java/org/eblocker/server/common/data/CloakedUserAgentConfig.java,4f9ee537dd47ed177fdd88a56adcac7d017c820d,eblocker-icapserver,"retain until replacement parity; inventoried, not semantically certified",R6 data migration,contract + feature + upgrade tests; no deletion before evidence
eblocker-icapserver/src/main/java/org/eblocker/server/common/data/CloakedUserAgentKey.java,2739859942063d85b05a58d94404001437c8682e,eblocker-icapserver,"retain until replacement parity; inventoried, not semantically certified",R6 data migration,contract + feature + upgrade tests; no deletion before evidence
eblocker-icapserver/src/main/java/org/eblocker/server/common/data/CloakedUserAgentKeyDeserializer.java,1f544618e96992dfb540be84f5a9df868d387c7b,eblocker-icapserver,"retain until replacement parity; inventoried, not semantically certified",R6 data migration,contract + feature + upgrade tests; no deletion before evidence
eblocker-icapserver/src/main/java/org/eblocker/server/common/data/CloakedUserAgentModule.java,97f0aca7adf2cafaeedb93f32de4a28d694ae3a9,eblocker-icapserver,"retain until replacement parity; inventoried, not semantically certified",R6 data migration,contract + feature + upgrade tests; no deletion before evidence
eblocker-icapserver/src/main/java/org/eblocker/server/common/data/CompressionMode.java,0cdc9017e4720d5dc8c7a98fe66d2c530f3a6538,eblocker-icapserver,"retain until replacement parity; inventoried, not semantically certified",R6 data migration,contract + feature + upgrade tests; no deletion before evidence
eblocker-icapserver/src/main/java/org/eblocker/server/common/data/ContentSecurityPolicy.java,df9cd3f194edceea0e5421e2dcd88f13a416e802,eblocker-icapserver,"retain until replacement parity; inventoried, not semantically certified",R6 data migration,contract + feature + upgrade tests; no deletion before evidence
eblocker-icapserver/src/main/java/org/eblocker/server/common/data/DashboardSslStatus.java,1812037db10bd6a1df88e440341ba2e4ec664f21,eblocker-icapserver,"retain until replacement parity; inventoried, not semantically certified",R6 data migration,contract + feature + upgrade tests; no deletion before evidence
eblocker-icapserver/src/main/java/org/eblocker/server/common/data/DataSource.java,cc6c3c5542221d6e29b4e7935aa94b67e1db2764,eblocker-icapserver,"retain until replacement parity; inventoried, not semantically certified",R6 data migration,contract + feature + upgrade tests; no deletion before evidence
eblocker-icapserver/src/main/java/org/eblocker/server/common/data/DateTuple.java,a39e0cc224bf689a0e107ee2e29c05514b1b6f5f,eblocker-icapserver,"retain until replacement parity; inventoried, not semantically certified",R6 data migration,contract + feature + upgrade tests; no deletion before evidence
eblocker-icapserver/src/main/java/org/eblocker/server/common/data/Device.java,8e984375aed64d2b50135b37777a9a8414efa4c4,eblocker-icapserver,"retain until replacement parity; inventoried, not semantically certified",R6 data migration,contract + feature + upgrade tests; no deletion before evidence
eblocker-icapserver/src/main/java/org/eblocker/server/common/data/DeviceFactory.java,5638ada944987d7e18b66a23b6b458d1da95637d,eblocker-icapserver,"retain until replacement parity; inventoried, not semantically certified",R6 data migration,contract + feature + upgrade tests; no deletion before evidence
eblocker-icapserver/src/main/java/org/eblocker/server/common/data/DeviceRegistrationParameters.java,5b82f4c38b7e42d137d7ce732e70fbec87e639d9,eblocker-icapserver,"retain until replacement parity; inventoried, not semantically certified",R6 data migration,contract + feature + upgrade tests; no deletion before evidence
eblocker-icapserver/src/main/java/org/eblocker/server/common/data/DhcpRange.java,e607a47ffe04bb78ead6a00d96022ca0b6f02b8a,eblocker-icapserver,"retain until replacement parity; inventoried, not semantically certified",R6 data migration,contract + feature + upgrade tests; no deletion before evidence
eblocker-icapserver/src/main/java/org/eblocker/server/common/data/DisplayIconMode.java,f0651cb825a38d0614971115a168b9045a2922b2,eblocker-icapserver,"retain until replacement parity; inventoried, not semantically certified",R6 data migration,contract + feature + upgrade tests; no deletion before evidence
eblocker-icapserver/src/main/java/org/eblocker/server/common/data/DistinguishedName.java,23a45983dda52533ec295060243e396132ec100d,eblocker-icapserver,"retain until replacement parity; inventoried, not semantically certified",R6 data migration,contract + feature + upgrade tests; no deletion before evidence
eblocker-icapserver/src/main/java/org/eblocker/server/common/data/DoctorDiagnosisResult.java,aad7b033aaae4fc7916972b9398d4993bde5111b,eblocker-icapserver,"retain until replacement parity; inventoried, not semantically certified",R6 data migration,contract + feature + upgrade tests; no deletion before evidence
eblocker-icapserver/src/main/java/org/eblocker/server/common/data/DomainRecordingDataSource.java,65ae361f74882cf561c0e7a4fa647e521f52d125,eblocker-icapserver,"retain until replacement parity; inventoried, not semantically certified",R6 data migration,contract + feature + upgrade tests; no deletion before evidence
eblocker-icapserver/src/main/java/org/eblocker/server/common/data/DynDnsConfig.java,506be72357143c834d1eabb34a6e87d024297f8c,eblocker-icapserver,"retain until replacement parity; inventoried, not semantically certified",R6 data migration,contract + feature + upgrade tests; no deletion before evidence
eblocker-icapserver/src/main/java/org/eblocker/server/common/data/ExitNodeCountry.java,1a91fdd2d98f5c56f2e323841b89a759018e4664,eblocker-icapserver,"retain until replacement parity; inventoried, not semantically certified",R6 data migration,contract + feature + upgrade tests; no deletion before evidence
eblocker-icapserver/src/main/java/org/eblocker/server/common/data/ExpirationDate.java,b2f000d46f1cd43029d6453ba561ec6408a2c315,eblocker-icapserver,"retain until replacement parity; inventoried, not semantically certified",R6 data migration,contract + feature + upgrade tests; no deletion before evidence
eblocker-icapserver/src/main/java/org/eblocker/server/common/data/FilterMode.java,50ff2067208abef39bb33670e53009e1e9eb4018,eblocker-icapserver,"retain until replacement parity; inventoried, not semantically certified",R6 data migration,contract + feature + upgrade tests; no deletion before evidence
eblocker-icapserver/src/main/java/org/eblocker/server/common/data/FilterStats.java,fab6d5293e6d8f2253eb2e44947372d9801f77b4,eblocker-icapserver,"retain until replacement parity; inventoried, not semantically certified",R6 data migration,contract + feature + upgrade tests; no deletion before evidence
eblocker-icapserver/src/main/java/org/eblocker/server/common/data/IconSettings.java,cf5faba313d2a37415112198f937c3aa9066786c,eblocker-icapserver,"retain until replacement parity; inventoried, not semantically certified",R6 data migration,contract + feature + upgrade tests; no deletion before evidence
eblocker-icapserver/src/main/java/org/eblocker/server/common/data/InternetAccessContingent.java,4a9a8f352fdfbe27bbc6515fc28c4bcc336bb20f,eblocker-icapserver,"retain until replacement parity; inventoried, not semantically certified",R6 data migration,contract + feature + upgrade tests; no deletion before evidence
eblocker-icapserver/src/main/java/org/eblocker/server/common/data/Ip4Address.java,7304229b8b36b37de2a1a923c3bb2bf2b415317b,eblocker-icapserver,"retain until replacement parity; inventoried, not semantically certified",R6 data migration,contract + feature + upgrade tests; no deletion before evidence
eblocker-icapserver/src/main/java/org/eblocker/server/common/data/Ip6Address.java,8a24692394e0f479eb5d21b8fcef2cb0407459cc,eblocker-icapserver,"retain until replacement parity; inventoried, not semantically certified",R6 data migration,contract + feature + upgrade tests; no deletion before evidence
eblocker-icapserver/src/main/java/org/eblocker/server/common/data/IpAddress.java,20f5c5579681f87bcd0d5359859b993814eeacac,eblocker-icapserver,"retain until replacement parity; inventoried, not semantically certified",R6 data migration,contract + feature + upgrade tests; no deletion before evidence
eblocker-icapserver/src/main/java/org/eblocker/server/common/data/IpAddressDeserializer.java,af479f565bf6f4b091d12c8def500f1d7e9734be,eblocker-icapserver,"retain until replacement parity; inventoried, not semantically certified",R6 data migration,contract + feature + upgrade tests; no deletion before evidence
eblocker-icapserver/src/main/java/org/eblocker/server/common/data/IpAddressModule.java,442ded2f5e7b5c1cdb35349828ed2e1246eddbd0,eblocker-icapserver,"retain until replacement parity; inventoried, not semantically certified",R6 data migration,contract + feature + upgrade tests; no deletion before evidence
eblocker-icapserver/src/main/java/org/eblocker/server/common/data/IpAddressSerializer.java,f5d4ec8686c12423e5f87b4999c146a7aef8ce98,eblocker-icapserver,"retain until replacement parity; inventoried, not semantically certified",R6 data migration,contract + feature + upgrade tests; no deletion before evidence
eblocker-icapserver/src/main/java/org/eblocker/server/common/data/JedisConsistencyCheck.java,26cb1085d50cb110649af94c5f335d72032837d3,eblocker-icapserver,"retain until replacement parity; inventoried, not semantically certified",R6 data migration,contract + feature + upgrade tests; no deletion before evidence
eblocker-icapserver/src/main/java/org/eblocker/server/common/data/JedisDataSource.java,926bbf19491cb63d9cc909529b8c221ca2c8cb43,eblocker-icapserver,"retain until replacement parity; inventoried, not semantically certified",R6 data migration,contract + feature + upgrade tests; no deletion before evidence
eblocker-icapserver/src/main/java/org/eblocker/server/common/data/JedisDomainRecordingDataSource.java,eed9ed091ec27282cb8ab0563e4d2b24d077d91e,eblocker-icapserver,"retain until replacement parity; inventoried, not semantically certified",R6 data migration,contract + feature + upgrade tests; no deletion before evidence
eblocker-icapserver/src/main/java/org/eblocker/server/common/data/JedisUtils.java,cb07d9a25442783117fb363c5b10bf7202be9a85,eblocker-icapserver,"retain until replacement parity; inventoried, not semantically certified",R6 data migration,contract + feature + upgrade tests; no deletion before evidence
eblocker-icapserver/src/main/java/org/eblocker/server/common/data/Language.java,a110a198196a3d28ec3ca38877c42a3987e2a9f5,eblocker-icapserver,"retain until replacement parity; inventoried, not semantically certified",R6 data migration,contract + feature + upgrade tests; no deletion before evidence
eblocker-icapserver/src/main/java/org/eblocker/server/common/data/LocalTimestamp.java,5f107285cc121d1fd4ceb3e3a85d96895d8a8c8f,eblocker-icapserver,"retain until replacement parity; inventoried, not semantically certified",R6 data migration,contract + feature + upgrade tests; no deletion before evidence
eblocker-icapserver/src/main/java/org/eblocker/server/common/data/LocaleSettings.java,55dcd09b0a39a0942d6872ebca3610384462dcc9,eblocker-icapserver,"retain until replacement parity; inventoried, not semantically certified",R6 data migration,contract + feature + upgrade tests; no deletion before evidence
eblocker-icapserver/src/main/java/org/eblocker/server/common/data/MacPrefix.java,9417cdb78219801aab3dfd638404b2748457b14b,eblocker-icapserver,"retain until replacement parity; inventoried, not semantically certified",R6 data migration,contract + feature + upgrade tests; no deletion before evidence
eblocker-icapserver/src/main/java/org/eblocker/server/common/data/ModelObject.java,693298e9495d0f9d3bb9ef489ef36341031ef173,eblocker-icapserver,"retain until replacement parity; inventoried, not semantically certified",R6 data migration,contract + feature + upgrade tests; no deletion before evidence
eblocker-icapserver/src/main/java/org/eblocker/server/common/data/NetworkConfiguration.java,073b408e9a2f11f11407753c3e212ce6e9a0b52e,eblocker-icapserver,"retain until replacement parity; inventoried, not semantically certified",R6 data migration,contract + feature + upgrade tests; no deletion before evidence
eblocker-icapserver/src/main/java/org/eblocker/server/common/data/NetworkIp6Configuration.java,6a6c431bfad21248ddd04ca8566c4101b6f87171,eblocker-icapserver,"retain until replacement parity; inventoried, not semantically certified",R6 data migration,contract + feature + upgrade tests; no deletion before evidence
eblocker-icapserver/src/main/java/org/eblocker/server/common/data/NetworkStateId.java,a0f39e86d4f16946896ad51a462c614422559766,eblocker-icapserver,"retain until replacement parity; inventoried, not semantically certified",R6 data migration,contract + feature + upgrade tests; no deletion before evidence
eblocker-icapserver/src/main/java/org/eblocker/server/common/data/NextReminderSelection.java,75e4bd619552f409c2cd8907565168d6668822d7,eblocker-icapserver,"retain until replacement parity; inventoried, not semantically certified",R6 data migration,contract + feature + upgrade tests; no deletion before evidence
eblocker-icapserver/src/main/java/org/eblocker/server/common/data/OperatingSystemType.java,2df5d11702d357911030118416e6d0a1e8c1b04c,eblocker-icapserver,"retain until replacement parity; inventoried, not semantically certified",R6 data migration,contract + feature + upgrade tests; no deletion before evidence
eblocker-icapserver/src/main/java/org/eblocker/server/common/data/PacketLoggingStatus.java,fd10a15983a4c55a510fbd3f68ee4b7a138cb925,eblocker-icapserver,"retain until replacement parity; inventoried, not semantically certified",R6 data migration,contract + feature + upgrade tests; no deletion before evidence
eblocker-icapserver/src/main/java/org/eblocker/server/common/data/RecordedSSLAppData.java,d0d4cf09586d6913b10e795a4c0720c9fd2e41de,eblocker-icapserver,"retain until replacement parity; inventoried, not semantically certified",R6 data migration,contract + feature + upgrade tests; no deletion before evidence
eblocker-icapserver/src/main/java/org/eblocker/server/common/data/RecordedSSLHandshake.java,8626f70afd7b882c2a1b8c242f65c0bddcfd9d5d,eblocker-icapserver,"retain until replacement parity; inventoried, not semantically certified",R6 data migration,contract + feature + upgrade tests; no deletion before evidence
eblocker-icapserver/src/main/java/org/eblocker/server/common/data/RecordedUrl.java,9c50969a9bcfa20a15cf27da1f22c41ff7fa16f7,eblocker-icapserver,"retain until replacement parity; inventoried, not semantically certified",R6 data migration,contract + feature + upgrade tests; no deletion before evidence
eblocker-icapserver/src/main/java/org/eblocker/server/common/data/RedisBackupService.java,4d75e0035e54079db5dacdbf0373778f04544eb9,eblocker-icapserver,"retain until replacement parity; inventoried, not semantically certified",R6 data migration,contract + feature + upgrade tests; no deletion before evidence
eblocker-icapserver/src/main/java/org/eblocker/server/common/data/SSLWhitelistUrl.java,1cd3af8d57f16d1782a4d73eede572220ccebe33,eblocker-icapserver,"retain until replacement parity; inventoried, not semantically certified",R6 data migration,contract + feature + upgrade tests; no deletion before evidence
eblocker-icapserver/src/main/java/org/eblocker/server/common/data/SetupPageNetworkInfo.java,8772344be5589265e6206aa727507370a3a566cb,eblocker-icapserver,"retain until replacement parity; inventoried, not semantically certified",R6 data migration,contract + feature + upgrade tests; no deletion before evidence
eblocker-icapserver/src/main/java/org/eblocker/server/common/data/SetupWizardInfo.java,a22e793263833d63917c42321e3c638be0505a9b,eblocker-icapserver,"retain until replacement parity; inventoried, not semantically certified",R6 data migration,contract + feature + upgrade tests; no deletion before evidence
eblocker-icapserver/src/main/java/org/eblocker/server/common/data/ShowWelcomeFlags.java,50ba2aac2c1c62b368b13450887dc4310c62d43e,eblocker-icapserver,"retain until replacement parity; inventoried, not semantically certified",R6 data migration,contract + feature + upgrade tests; no deletion before evidence
eblocker-icapserver/src/main/java/org/eblocker/server/common/data/TasksViewConfig.java,c8b26680574da676045f6a163eb85f3ba9b92c9e,eblocker-icapserver,"retain until replacement parity; inventoried, not semantically certified",R6 data migration,contract + feature + upgrade tests; no deletion before evidence
eblocker-icapserver/src/main/java/org/eblocker/server/common/data/TrafficAccount.java,2988328f6d014e941af046905fd8ddaa7598d73c,eblocker-icapserver,"retain until replacement parity; inventoried, not semantically certified",R6 data migration,contract + feature + upgrade tests; no deletion before evidence
eblocker-icapserver/src/main/java/org/eblocker/server/common/data/UpdatingStatus.java,9d93c6800e6c2b1da6b6b7586f3aebfadca9fc20,eblocker-icapserver,"retain until replacement parity; inventoried, not semantically certified",R6 data migration,contract + feature + upgrade tests; no deletion before evidence
eblocker-icapserver/src/main/java/org/eblocker/server/common/data/UsageAccount.java,4894f7ccd43c1404aae5d46c8a783eaa06df9fe7,eblocker-icapserver,"retain until replacement parity; inventoried, not semantically certified",R6 data migration,contract + feature + upgrade tests; no deletion before evidence
eblocker-icapserver/src/main/java/org/eblocker/server/common/data/UsageChangeEvent.java,6d671fa84617f7177ceb997d37c4a0ccea0e5899,eblocker-icapserver,"retain until replacement parity; inventoried, not semantically certified",R6 data migration,contract + feature + upgrade tests; no deletion before evidence
eblocker-icapserver/src/main/java/org/eblocker/server/common/data/UsageChangeEvents.java,48da7d2d49af7886325ddab9fa82f6cf68c04e2a,eblocker-icapserver,"retain until replacement parity; inventoried, not semantically certified",R6 data migration,contract + feature + upgrade tests; no deletion before evidence
eblocker-icapserver/src/main/java/org/eblocker/server/common/data/User.java,d14f3885761c8982276f2f7f05a9a4180737e56b,eblocker-icapserver,"retain until replacement parity; inventoried, not semantically certified",R6 data migration,contract + feature + upgrade tests; no deletion before evidence
eblocker-icapserver/src/main/java/org/eblocker/server/common/data/UserAgent.java,db90b8eadcd62b2382a3426f79b96eedb601baa6,eblocker-icapserver,"retain until replacement parity; inventoried, not semantically certified",R6 data migration,contract + feature + upgrade tests; no deletion before evidence
eblocker-icapserver/src/main/java/org/eblocker/server/common/data/UserAgentWrapper.java,a6ec9e13ad61985e9613ca7175100983c315f2bd,eblocker-icapserver,"retain until replacement parity; inventoried, not semantically certified",R6 data migration,contract + feature + upgrade tests; no deletion before evidence
eblocker-icapserver/src/main/java/org/eblocker/server/common/data/UserModule.java,84beb862178846456e868caf1d34b4f24cc9dbf8,eblocker-icapserver,"retain until replacement parity; inventoried, not semantically certified",R6 data migration,contract + feature + upgrade tests; no deletion before evidence
eblocker-icapserver/src/main/java/org/eblocker/server/common/data/UserModuleOld.java,5526917b98911780aa4082e5394314bc49aa348a,eblocker-icapserver,"retain until replacement parity; inventoried, not semantically certified",R6 data migration,contract + feature + upgrade tests; no deletion before evidence
eblocker-icapserver/src/main/java/org/eblocker/server/common/data/UserModuleTransport.java,a7c3edcaaf56c50077435b8847bbaf6abb2b691c,eblocker-icapserver,"retain until replacement parity; inventoried, not semantically certified",R6 data migration,contract + feature + upgrade tests; no deletion before evidence
eblocker-icapserver/src/main/java/org/eblocker/server/common/data/UserProfileModule.java,a7db435e54e4493857651b5baf26c232f7e6450f,eblocker-icapserver,"retain until replacement parity; inventoried, not semantically certified",R6 data migration,contract + feature + upgrade tests; no deletion before evidence
eblocker-icapserver/src/main/java/org/eblocker/server/common/data/UserRole.java,b756c727a4f2c838b5b0b6acf73c0a96871e261d,eblocker-icapserver,"retain until replacement parity; inventoried, not semantically certified",R6 data migration,contract + feature + upgrade tests; no deletion before evidence
eblocker-icapserver/src/main/java/org/eblocker/server/common/data/VersionInfo.java,6a686cde24bc47e192070149a3d2c2cd1f93be7e,eblocker-icapserver,"retain until replacement parity; inventoried, not semantically certified",R6 data migration,contract + feature + upgrade tests; no deletion before evidence
eblocker-icapserver/src/main/java/org/eblocker/server/common/data/WhiteListConfig.java,b4b6d94e7a47d49e75c8c6d23e89bed95035b8d5,eblocker-icapserver,"retain until replacement parity; inventoried, not semantically certified",R6 data migration,contract + feature + upgrade tests; no deletion before evidence
eblocker-icapserver/src/main/java/org/eblocker/server/common/data/WhiteListConfigDto.java,d710be43115f31dcfcffc3adc8e1f70177aae985,eblocker-icapserver,"retain until replacement parity; inventoried, not semantically certified",R6 data migration,contract + feature + upgrade tests; no deletion before evidence
eblocker-icapserver/src/main/java/org/eblocker/server/common/data/backup/BackupWarning.java,39238cd807bd2d9acf8f3c1f41cb83bc001b5f74,eblocker-icapserver,"retain until replacement parity; inventoried, not semantically certified",R6 data migration,contract + feature + upgrade tests; no deletion before evidence
eblocker-icapserver/src/main/java/org/eblocker/server/common/data/backup/ConfigBackupExportResult.java,4537a3f97ed71601fc0f95cf9c9647d3369a04a4,eblocker-icapserver,"retain until replacement parity; inventoried, not semantically certified",R6 data migration,contract + feature + upgrade tests; no deletion before evidence
eblocker-icapserver/src/main/java/org/eblocker/server/common/data/backup/ConfigBackupImportResult.java,26d2becb37bb84e981065c9e0be8ddac0ce2b118,eblocker-icapserver,"retain until replacement parity; inventoried, not semantically certified",R6 data migration,contract + feature + upgrade tests; no deletion before evidence
eblocker-icapserver/src/main/java/org/eblocker/server/common/data/backup/ConfigBackupReference.java,784df2b6db3b418998e5c6bc033de65f0f4297f2,eblocker-icapserver,"retain until replacement parity; inventoried, not semantically certified",R6 data migration,contract + feature + upgrade tests; no deletion before evidence
eblocker-icapserver/src/main/java/org/eblocker/server/common/data/backup/ConfigBackupResult.java,6f92b6131c7f1d0b09c0590d762b8494de85f879,eblocker-icapserver,"retain until replacement parity; inventoried, not semantically certified",R6 data migration,contract + feature + upgrade tests; no deletion before evidence
eblocker-icapserver/src/main/java/org/eblocker/server/common/data/dashboard/AccessRight.java,7c1f6bba41e77875367563c3f307e839125768ce,eblocker-icapserver,"retain until replacement parity; inventoried, not semantically certified",R6 data migration,contract + feature + upgrade tests; no deletion before evidence
eblocker-icapserver/src/main/java/org/eblocker/server/common/data/dashboard/DashboardCard.java,5fb079a2eec8b0931ad62a8adc56983e31eddaaa,eblocker-icapserver,"retain until replacement parity; inventoried, not semantically certified",R6 data migration,contract + feature + upgrade tests; no deletion before evidence
eblocker-icapserver/src/main/java/org/eblocker/server/common/data/dashboard/DashboardCardPosition.java,042c13690bfcb060910ea83d914e109218f948e6,eblocker-icapserver,"retain until replacement parity; inventoried, not semantically certified",R6 data migration,contract + feature + upgrade tests; no deletion before evidence
eblocker-icapserver/src/main/java/org/eblocker/server/common/data/dashboard/DashboardColumnsView.java,a9c77553bd651be2a7112a76abe61a77c7a2f19b,eblocker-icapserver,"retain until replacement parity; inventoried, not semantically certified",R6 data migration,contract + feature + upgrade tests; no deletion before evidence
eblocker-icapserver/src/main/java/org/eblocker/server/common/data/dashboard/ParentalControlCard.java,ca9ed85b45a77217b73423d07a42285d32a16476,eblocker-icapserver,"retain until replacement parity; inventoried, not semantically certified",R6 data migration,contract + feature + upgrade tests; no deletion before evidence
eblocker-icapserver/src/main/java/org/eblocker/server/common/data/dashboard/UiCard.java,2f2076a9f916405cf41d0ba023c3b1e4daf1cba4,eblocker-icapserver,"retain until replacement parity; inventoried, not semantically certified",R6 data migration,contract + feature + upgrade tests; no deletion before evidence
eblocker-icapserver/src/main/java/org/eblocker/server/common/data/dashboard/UiCardColumnPosition.java,ad27fc438df7f879c303b2767a768130530028ba,eblocker-icapserver,"retain until replacement parity; inventoried, not semantically certified",R6 data migration,contract + feature + upgrade tests; no deletion before evidence
eblocker-icapserver/src/main/java/org/eblocker/server/common/data/dashboard/UiCardDefaultPositionMapping.java,ad36d4ff3895ab527a7b262be82452becc4fb2a1,eblocker-icapserver,"retain until replacement parity; inventoried, not semantically certified",R6 data migration,contract + feature + upgrade tests; no deletion before evidence
eblocker-icapserver/src/main/java/org/eblocker/server/common/data/dns/DnsCheckDone.java,f0324e041dbea2f3bb047a41abac9de6603350ca,eblocker-icapserver,"retain until replacement parity; inventoried, not semantically certified",R6 data migration,contract + feature + upgrade tests; no deletion before evidence
eblocker-icapserver/src/main/java/org/eblocker/server/common/data/dns/DnsDataSource.java,5c85ae15d6e7ae7f615a86788bd999c7bc6444bf,eblocker-icapserver,"retain until replacement parity; inventoried, not semantically certified",R6 data migration,contract + feature + upgrade tests; no deletion before evidence
eblocker-icapserver/src/main/java/org/eblocker/server/common/data/dns/DnsDataSourceDnsResponse.java,ccb8550b03c6092396c8ef15a61f4fd4e633b5c7,eblocker-icapserver,"retain until replacement parity; inventoried, not semantically certified",R6 data migration,contract + feature + upgrade tests; no deletion before evidence
eblocker-icapserver/src/main/java/org/eblocker/server/common/data/dns/DnsQuery.java,62a9f2390360072bb27670e7261174bbee06b820,eblocker-icapserver,"retain until replacement parity; inventoried, not semantically certified",R6 data migration,contract + feature + upgrade tests; no deletion before evidence
eblocker-icapserver/src/main/java/org/eblocker/server/common/data/dns/DnsRating.java,221ad37862e6cd7c9d4d33fbc9bc7adedb903b8a,eblocker-icapserver,"retain until replacement parity; inventoried, not semantically certified",R6 data migration,contract + feature + upgrade tests; no deletion before evidence
eblocker-icapserver/src/main/java/org/eblocker/server/common/data/dns/DnsReliabilityRating.java,56000bf1bf03ec6a4635ceaa89e1631788d521b8,eblocker-icapserver,"retain until replacement parity; inventoried, not semantically certified",R6 data migration,contract + feature + upgrade tests; no deletion before evidence
eblocker-icapserver/src/main/java/org/eblocker/server/common/data/dns/DnsResolvers.java,0d4b17ea3247ae2222bf18d11e59923baf675bab,eblocker-icapserver,"retain until replacement parity; inventoried, not semantically certified",R6 data migration,contract + feature + upgrade tests; no deletion before evidence
eblocker-icapserver/src/main/java/org/eblocker/server/common/data/dns/DnsResponse.java,33e25238a6e7742c8a244572b6b95ebdd2a7e48d,eblocker-icapserver,"retain until replacement parity; inventoried, not semantically certified",R6 data migration,contract + feature + upgrade tests; no deletion before evidence
eblocker-icapserver/src/main/java/org/eblocker/server/common/data/dns/DnsResponseTimeRating.java,976e311fa7fadfdcca605bf71184f159f1e87606,eblocker-icapserver,"retain until replacement parity; inventoried, not semantically certified",R6 data migration,contract + feature + upgrade tests; no deletion before evidence
eblocker-icapserver/src/main/java/org/eblocker/server/common/data/dns/DnsServerConfig.java,53ad0a592cd975ad1e376fa5715208a20aa4fd1e,eblocker-icapserver,"retain until replacement parity; inventoried, not semantically certified",R6 data migration,contract + feature + upgrade tests; no deletion before evidence
eblocker-icapserver/src/main/java/org/eblocker/server/common/data/dns/EblockerDnsServerState.java,938075f8e1c4cbe9730b1e87496ba2d154312ec3,eblocker-icapserver,"retain until replacement parity; inventoried, not semantically certified",R6 data migration,contract + feature + upgrade tests; no deletion before evidence
eblocker-icapserver/src/main/java/org/eblocker/server/common/data/dns/JedisDnsDataSource.java,6653efa5a8a8c4fb98e46dfbf5b70a7b9b86b274,eblocker-icapserver,"retain until replacement parity; inventoried, not semantically certified",R6 data migration,contract + feature + upgrade tests; no deletion before evidence
eblocker-icapserver/src/main/java/org/eblocker/server/common/data/dns/LocalDnsRecord.java,8438986ad1e8bbfd0c4dd3bcc0bfc228aa62c06a,eblocker-icapserver,"retain until replacement parity; inventoried, not semantically certified",R6 data migration,contract + feature + upgrade tests; no deletion before evidence
eblocker-icapserver/src/main/java/org/eblocker/server/common/data/dns/NameServer.java,843c98e75d14b83d801e97d90b72675c1eacca9c,eblocker-icapserver,"retain until replacement parity; inventoried, not semantically certified",R6 data migration,contract + feature + upgrade tests; no deletion before evidence
eblocker-icapserver/src/main/java/org/eblocker/server/common/data/dns/NameServerStats.java,6ec45f417b35faf6f5d4274573f0edf0568c8566,eblocker-icapserver,"retain until replacement parity; inventoried, not semantically certified",R6 data migration,contract + feature + upgrade tests; no deletion before evidence
eblocker-icapserver/src/main/java/org/eblocker/server/common/data/dns/ResolverConfig.java,0c2f62c511b6f306723530b3b18b1aa1ba30f293,eblocker-icapserver,"retain until replacement parity; inventoried, not semantically certified",R6 data migration,contract + feature + upgrade tests; no deletion before evidence
eblocker-icapserver/src/main/java/org/eblocker/server/common/data/dns/ResolverEvent.java,cc5f67846507a2c3bb68931bacb8b6d9ad0aaa85,eblocker-icapserver,"retain until replacement parity; inventoried, not semantically certified",R6 data migration,contract + feature + upgrade tests; no deletion before evidence
eblocker-icapserver/src/main/java/org/eblocker/server/common/data/dns/ResolverStats.java,04faf6728b0a6a9bb57cd4bf6c3c9fe3b32cc434,eblocker-icapserver,"retain until replacement parity; inventoried, not semantically certified",R6 data migration,contract + feature + upgrade tests; no deletion before evidence
eblocker-icapserver/src/main/java/org/eblocker/server/common/data/events/DataSourceEventLogger.java,f0b7b04d42b8e85f7f295f1beac499a2d98013fe,eblocker-icapserver,"retain until replacement parity; inventoried, not semantically certified",R6 data migration,contract + feature + upgrade tests; no deletion before evidence
eblocker-icapserver/src/main/java/org/eblocker/server/common/data/events/Event.java,b6b4abeff9e49eba57253cdb3ad6df2fbb93bf23,eblocker-icapserver,"retain until replacement parity; inventoried, not semantically certified",R6 data migration,contract + feature + upgrade tests; no deletion before evidence
eblocker-icapserver/src/main/java/org/eblocker/server/common/data/events/EventDataSource.java,5b0b3fc1fa7ca265956253b73ef7807b45142983,eblocker-icapserver,"retain until replacement parity; inventoried, not semantically certified",R6 data migration,contract + feature + upgrade tests; no deletion before evidence
eblocker-icapserver/src/main/java/org/eblocker/server/common/data/events/EventLogger.java,d63f6cd86108ae3ef8c355af60538a73119108d5,eblocker-icapserver,"retain until replacement parity; inventoried, not semantically certified",R6 data migration,contract + feature + upgrade tests; no deletion before evidence
eblocker-icapserver/src/main/java/org/eblocker/server/common/data/events/EventType.java,9806074fbe85eed74888a5a40a8c31d1a56067ff,eblocker-icapserver,"retain until replacement parity; inventoried, not semantically certified",R6 data migration,contract + feature + upgrade tests; no deletion before evidence
eblocker-icapserver/src/main/java/org/eblocker/server/common/data/events/Events.java,8da686d5243302e69f195562280f50c1a771e46e,eblocker-icapserver,"retain until replacement parity; inventoried, not semantically certified",R6 data migration,contract + feature + upgrade tests; no deletion before evidence
eblocker-icapserver/src/main/java/org/eblocker/server/common/data/events/JedisEventDataSource.java,a91a87b10abc7ca23d6e0c4044909160cccbf11b,eblocker-icapserver,"retain until replacement parity; inventoried, not semantically certified",R6 data migration,contract + feature + upgrade tests; no deletion before evidence
eblocker-icapserver/src/main/java/org/eblocker/server/common/data/messagecenter/IconState.java,fb78c807f3d1aa30f2af47b4243c73d16bd7fea3,eblocker-icapserver,"retain until replacement parity; inventoried, not semantically certified",R6 data migration,contract + feature + upgrade tests; no deletion before evidence
eblocker-icapserver/src/main/java/org/eblocker/server/common/data/messagecenter/MessageCenterMessage.java,a8dcefd5b7930856fc85f1c875162c4d3e2c22f0,eblocker-icapserver,"retain until replacement parity; inventoried, not semantically certified",R6 data migration,contract + feature + upgrade tests; no deletion before evidence
eblocker-icapserver/src/main/java/org/eblocker/server/common/data/messagecenter/MessageContainer.java,e41f74281c1ef5256838d7e916e651039c049da3,eblocker-icapserver,"retain until replacement parity; inventoried, not semantically certified",R6 data migration,contract + feature + upgrade tests; no deletion before evidence
eblocker-icapserver/src/main/java/org/eblocker/server/common/data/messagecenter/MessageFactory.java,f7065e9f86a9e4dc4029dde7c54c373a682991d1,eblocker-icapserver,"retain until replacement parity; inventoried, not semantically certified",R6 data migration,contract + feature + upgrade tests; no deletion before evidence
eblocker-icapserver/src/main/java/org/eblocker/server/common/data/messagecenter/MessageProvider.java,3197a064c51b36f2aa442fda069cdf2044e36b72,eblocker-icapserver,"retain until replacement parity; inventoried, not semantically certified",R6 data migration,contract + feature + upgrade tests; no deletion before evidence
eblocker-icapserver/src/main/java/org/eblocker/server/common/data/messagecenter/MessageSeverity.java,bb52ddb0455a5d92bb2d294eebdb7976486ae351,eblocker-icapserver,"retain until replacement parity; inventoried, not semantically certified",R6 data migration,contract + feature + upgrade tests; no deletion before evidence
eblocker-icapserver/src/main/java/org/eblocker/server/common/data/messagecenter/MessageVisibility.java,766a2e5e6b2552741d5377f04f778a76f918fd64,eblocker-icapserver,"retain until replacement parity; inventoried, not semantically certified",R6 data migration,contract + feature + upgrade tests; no deletion before evidence
eblocker-icapserver/src/main/java/org/eblocker/server/common/data/messagecenter/provider/AbstractMessageProvider.java,0ac8cfa1f91e7a28f6e3f3c1fdd0c9765c6e5c35,eblocker-icapserver,"retain until replacement parity; inventoried, not semantically certified",R6 data migration,contract + feature + upgrade tests; no deletion before evidence
eblocker-icapserver/src/main/java/org/eblocker/server/common/data/messagecenter/provider/AppModuleRemovalMessageProvider.java,59000caeb280f888c3ecd64ab8cc1783401ff8b3,eblocker-icapserver,"retain until replacement parity; inventoried, not semantically certified",R6 data migration,contract + feature + upgrade tests; no deletion before evidence
eblocker-icapserver/src/main/java/org/eblocker/server/common/data/messagecenter/provider/CertificateExpirationMessageProvider.java,37c3fa99c409fb78801d2b7d1622c86bc47e3c26,eblocker-icapserver,"retain until replacement parity; inventoried, not semantically certified",R6 data migration,contract + feature + upgrade tests; no deletion before evidence
eblocker-icapserver/src/main/java/org/eblocker/server/common/data/messagecenter/provider/CertificateUntrustedMessageProvider.java,827a435344987fb92a6ab05c0261aa58648ec18c,eblocker-icapserver,"retain until replacement parity; inventoried, not semantically certified",R6 data migration,contract + feature + upgrade tests; no deletion before evidence
eblocker-icapserver/src/main/java/org/eblocker/server/common/data/messagecenter/provider/DailyNewsMessageProvider.java,c8c1a3bc0488fc6c1a3e6950e7a8e9425495326f,eblocker-icapserver,"retain until replacement parity; inventoried, not semantically certified",R6 data migration,contract + feature + upgrade tests; no deletion before evidence
eblocker-icapserver/src/main/java/org/eblocker/server/common/data/messagecenter/provider/EventMessageProvider.java,d0f923cd8a6bec6764b3679f5a70ccacfe8e3633,eblocker-icapserver,"retain until replacement parity; inventoried, not semantically certified",R6 data migration,contract + feature + upgrade tests; no deletion before evidence
eblocker-icapserver/src/main/java/org/eblocker/server/common/data/messagecenter/provider/FilterListsOutdatedMessageProvider.java,af002b4ce4a8c57fbbde6fa5f840675b8bd614cf,eblocker-icapserver,"retain until replacement parity; inventoried, not semantically certified",R6 data migration,contract + feature + upgrade tests; no deletion before evidence
eblocker-icapserver/src/main/java/org/eblocker/server/common/data/messagecenter/provider/LicenseExpirationMessageProvider.java,eb2ddfe9724f402a1816f259f6abb3dc37a591ad,eblocker-icapserver,"retain until replacement parity; inventoried, not semantically certified",R6 data migration,contract + feature + upgrade tests; no deletion before evidence
eblocker-icapserver/src/main/java/org/eblocker/server/common/data/messagecenter/provider/LocalDnsIsNotGatewayMessageProvider.java,faf2e0456a94652c9cc95261ebf1c0b9080bf306,eblocker-icapserver,"retain until replacement parity; inventoried, not semantically certified",R6 data migration,contract + feature + upgrade tests; no deletion before evidence
eblocker-icapserver/src/main/java/org/eblocker/server/common/data/messagecenter/provider/MessageProviderMessageId.java,643710d4f505be6af563c386f200d9449c133c0f,eblocker-icapserver,"retain until replacement parity; inventoried, not semantically certified",R6 data migration,contract + feature + upgrade tests; no deletion before evidence
eblocker-icapserver/src/main/java/org/eblocker/server/common/data/messagecenter/provider/ReleaseNotesMessageProvider.java,ad55ef9baa5bb3eb52b6c29b19b9ed39b999926c,eblocker-icapserver,"retain until replacement parity; inventoried, not semantically certified",R6 data migration,contract + feature + upgrade tests; no deletion before evidence
eblocker-icapserver/src/main/java/org/eblocker/server/common/data/messagecenter/provider/RouterCompatibilityMessageProvider.java,4d76a261ab84df335ae2a163815639aa1f34cac4,eblocker-icapserver,"retain until replacement parity; inventoried, not semantically certified",R6 data migration,contract + feature + upgrade tests; no deletion before evidence
eblocker-icapserver/src/main/java/org/eblocker/server/common/data/messagecenter/provider/SslSupportMessageProvider.java,cf0209002ee55a9abc979c597ad7951784fdbc61,eblocker-icapserver,"retain until replacement parity; inventoried, not semantically certified",R6 data migration,contract + feature + upgrade tests; no deletion before evidence
eblocker-icapserver/src/main/java/org/eblocker/server/common/data/messagecenter/provider/UnreliableDnsServerMessageProvider.java,3f4e318d87340cd2480ca33a70cd52887cd7f5f7,eblocker-icapserver,"retain until replacement parity; inventoried, not semantically certified",R6 data migration,contract + feature + upgrade tests; no deletion before evidence
eblocker-icapserver/src/main/java/org/eblocker/server/common/data/migrations/DefaultEntities.java,e99fe03cea54300586c649ffbb74950fa725cafe,eblocker-icapserver,"retain until replacement parity; inventoried, not semantically certified",R6 data migration,contract + feature + upgrade tests; no deletion before evidence
eblocker-icapserver/src/main/java/org/eblocker/server/common/data/migrations/Migrations.java,63d3209c044949f2e2efee2e3878f74036838e2b,eblocker-icapserver,"retain until replacement parity; inventoried, not semantically certified",R6 data migration,contract + feature + upgrade tests; no deletion before evidence
eblocker-icapserver/src/main/java/org/eblocker/server/common/data/migrations/SchemaMigration.java,bd70cfa1c4f09f239e347fb15a671bce1ccf13ea,eblocker-icapserver,"retain until replacement parity; inventoried, not semantically certified",R6 data migration,contract + feature + upgrade tests; no deletion before evidence
eblocker-icapserver/src/main/java/org/eblocker/server/common/data/migrations/SchemaMigrationVersion1.java,49e1846542544fcbedf4e890f789fb3238f0b2da,eblocker-icapserver,"retain until replacement parity; inventoried, not semantically certified",R6 data migration,contract + feature + upgrade tests; no deletion before evidence
eblocker-icapserver/src/main/java/org/eblocker/server/common/data/migrations/SchemaMigrationVersion10.java,37cb7697c59c5824bc78e817663c9a772c31a021,eblocker-icapserver,"retain until replacement parity; inventoried, not semantically certified",R6 data migration,contract + feature + upgrade tests; no deletion before evidence
eblocker-icapserver/src/main/java/org/eblocker/server/common/data/migrations/SchemaMigrationVersion11.java,2e5a1b4543adc29801c946d815ba4b5bdaefe387,eblocker-icapserver,"retain until replacement parity; inventoried, not semantically certified",R6 data migration,contract + feature + upgrade tests; no deletion before evidence
eblocker-icapserver/src/main/java/org/eblocker/server/common/data/migrations/SchemaMigrationVersion12.java,22ef98978284589345f7dabd6f1ada2bf9346f98,eblocker-icapserver,"retain until replacement parity; inventoried, not semantically certified",R6 data migration,contract + feature + upgrade tests; no deletion before evidence
eblocker-icapserver/src/main/java/org/eblocker/server/common/data/migrations/SchemaMigrationVersion13.java,acd2888d6f8fd1a633fc806ae1f556fbe4423f8e,eblocker-icapserver,"retain until replacement parity; inventoried, not semantically certified",R6 data migration,contract + feature + upgrade tests; no deletion before evidence
eblocker-icapserver/src/main/java/org/eblocker/server/common/data/migrations/SchemaMigrationVersion14.java,b10b2a5e3a25bd2565abff441dc2124cf38c57e1,eblocker-icapserver,"retain until replacement parity; inventoried, not semantically certified",R6 data migration,contract + feature + upgrade tests; no deletion before evidence
eblocker-icapserver/src/main/java/org/eblocker/server/common/data/migrations/SchemaMigrationVersion15.java,ecde0135a66303d9486f0534b5fd122b0ac95971,eblocker-icapserver,"retain until replacement parity; inventoried, not semantically certified",R6 data migration,contract + feature + upgrade tests; no deletion before evidence
eblocker-icapserver/src/main/java/org/eblocker/server/common/data/migrations/SchemaMigrationVersion16.java,67cbfd801003895e9491cd7733d4d4d2c74bcefe,eblocker-icapserver,"retain until replacement parity; inventoried, not semantically certified",R6 data migration,contract + feature + upgrade tests; no deletion before evidence
eblocker-icapserver/src/main/java/org/eblocker/server/common/data/migrations/SchemaMigrationVersion17.java,9bfb89be6c6bcfe0bbbbca4a1c41674184015523,eblocker-icapserver,"retain until replacement parity; inventoried, not semantically certified",R6 data migration,contract + feature + upgrade tests; no deletion before evidence
eblocker-icapserver/src/main/java/org/eblocker/server/common/data/migrations/SchemaMigrationVersion18.java,618dfc6ec53af99463ea3caefe3a2349bf0554e6,eblocker-icapserver,"retain until replacement parity; inventoried, not semantically certified",R6 data migration,contract + feature + upgrade tests; no deletion before evidence
eblocker-icapserver/src/main/java/org/eblocker/server/common/data/migrations/SchemaMigrationVersion19.java,2c6c04a511d7ce8993eaddf456be6724e5e58722,eblocker-icapserver,"retain until replacement parity; inventoried, not semantically certified",R6 data migration,contract + feature + upgrade tests; no deletion before evidence
eblocker-icapserver/src/main/java/org/eblocker/server/common/data/migrations/SchemaMigrationVersion2.java,b78887b9af73c5ddc33fc78316de7103f6ce73f3,eblocker-icapserver,"retain until replacement parity; inventoried, not semantically certified",R6 data migration,contract + feature + upgrade tests; no deletion before evidence
eblocker-icapserver/src/main/java/org/eblocker/server/common/data/migrations/SchemaMigrationVersion20.java,22f9caf03fc4e6a228084a9e09573f3ba2b5f209,eblocker-icapserver,"retain until replacement parity; inventoried, not semantically certified",R6 data migration,contract + feature + upgrade tests; no deletion before evidence
eblocker-icapserver/src/main/java/org/eblocker/server/common/data/migrations/SchemaMigrationVersion21.java,4a3be3605df035cb403a2667d2c32805df29db01,eblocker-icapserver,"retain until replacement parity; inventoried, not semantically certified",R6 data migration,contract + feature + upgrade tests; no deletion before evidence
eblocker-icapserver/src/main/java/org/eblocker/server/common/data/migrations/SchemaMigrationVersion22.java,57066d2a985ea8280a37a3bb6ec52336f5fe92c6,eblocker-icapserver,"retain until replacement parity; inventoried, not semantically certified",R6 data migration,contract + feature + upgrade tests; no deletion before evidence
eblocker-icapserver/src/main/java/org/eblocker/server/common/data/migrations/SchemaMigrationVersion23.java,5ecb556a00965b1f63b828e6221bec8ed236804c,eblocker-icapserver,"retain until replacement parity; inventoried, not semantically certified",R6 data migration,contract + feature + upgrade tests; no deletion before evidence
eblocker-icapserver/src/main/java/org/eblocker/server/common/data/migrations/SchemaMigrationVersion24.java,43fd13d5349b2976fd25d8230a87c03997449248,eblocker-icapserver,"retain until replacement parity; inventoried, not semantically certified",R6 data migration,contract + feature + upgrade tests; no deletion before evidence
eblocker-icapserver/src/main/java/org/eblocker/server/common/data/migrations/SchemaMigrationVersion25.java,def81f235c9fb0620c71a0590ec48cb7e5ec4ace,eblocker-icapserver,"retain until replacement parity; inventoried, not semantically certified",R6 data migration,contract + feature + upgrade tests; no deletion before evidence
eblocker-icapserver/src/main/java/org/eblocker/server/common/data/migrations/SchemaMigrationVersion26.java,e19ca55fcaa8ebb5526eb720288295637ecbf402,eblocker-icapserver,"retain until replacement parity; inventoried, not semantically certified",R6 data migration,contract + feature + upgrade tests; no deletion before evidence
eblocker-icapserver/src/main/java/org/eblocker/server/common/data/migrations/SchemaMigrationVersion27.java,7f91c50785456d75645acd739835986d1d788286,eblocker-icapserver,"retain until replacement parity; inventoried, not semantically certified",R6 data migration,contract + feature + upgrade tests; no deletion before evidence
eblocker-icapserver/src/main/java/org/eblocker/server/common/data/migrations/SchemaMigrationVersion28.java,809898557ca0ce181911ae0c42a38d4ad387e053,eblocker-icapserver,"retain until replacement parity; inventoried, not semantically certified",R6 data migration,contract + feature + upgrade tests; no deletion before evidence
eblocker-icapserver/src/main/java/org/eblocker/server/common/data/migrations/SchemaMigrationVersion29.java,95caab36a697d6cd0819c223c1c1a114f15ef143,eblocker-icapserver,"retain until replacement parity; inventoried, not semantically certified",R6 data migration,contract + feature + upgrade tests; no deletion before evidence
eblocker-icapserver/src/main/java/org/eblocker/server/common/data/migrations/SchemaMigrationVersion3.java,d5188fafd9121caab3a8deabd8d6176df820252b,eblocker-icapserver,"retain until replacement parity; inventoried, not semantically certified",R6 data migration,contract + feature + upgrade tests; no deletion before evidence
eblocker-icapserver/src/main/java/org/eblocker/server/common/data/migrations/SchemaMigrationVersion30.java,63cde9022b00c753cfb61432bab3c1010a61abd5,eblocker-icapserver,"retain until replacement parity; inventoried, not semantically certified",R6 data migration,contract + feature + upgrade tests; no deletion before evidence
eblocker-icapserver/src/main/java/org/eblocker/server/common/data/migrations/SchemaMigrationVersion31.java,068c99462809f296cb504197c39ffa38b8c30f80,eblocker-icapserver,"retain until replacement parity; inventoried, not semantically certified",R6 data migration,contract + feature + upgrade tests; no deletion before evidence
eblocker-icapserver/src/main/java/org/eblocker/server/common/data/migrations/SchemaMigrationVersion32.java,af41f8c769b4461c0b25fb51ef22f91ba0d553b9,eblocker-icapserver,"retain until replacement parity; inventoried, not semantically certified",R6 data migration,contract + feature + upgrade tests; no deletion before evidence
eblocker-icapserver/src/main/java/org/eblocker/server/common/data/migrations/SchemaMigrationVersion33.java,f47f13ea458f4dab0f7f1dc2cc3a3665c554cea1,eblocker-icapserver,"retain until replacement parity; inventoried, not semantically certified",R6 data migration,contract + feature + upgrade tests; no deletion before evidence
eblocker-icapserver/src/main/java/org/eblocker/server/common/data/migrations/SchemaMigrationVersion34.java,495d1551217d62792322f7d3612f05f4765814a8,eblocker-icapserver,"retain until replacement parity; inventoried, not semantically certified",R6 data migration,contract + feature + upgrade tests; no deletion before evidence
eblocker-icapserver/src/main/java/org/eblocker/server/common/data/migrations/SchemaMigrationVersion35.java,d0eaba077e85c6b86309a7549628b5e7ec56268e,eblocker-icapserver,"retain until replacement parity; inventoried, not semantically certified",R6 data migration,contract + feature + upgrade tests; no deletion before evidence
eblocker-icapserver/src/main/java/org/eblocker/server/common/data/migrations/SchemaMigrationVersion36.java,ea70cb16e63ca57be14a81fafd76f5443da0c98e,eblocker-icapserver,"retain until replacement parity; inventoried, not semantically certified",R6 data migration,contract + feature + upgrade tests; no deletion before evidence
eblocker-icapserver/src/main/java/org/eblocker/server/common/data/migrations/SchemaMigrationVersion37.java,f15f16c204809f9dd9aef906f8fcef6bd4430a70,eblocker-icapserver,"retain until replacement parity; inventoried, not semantically certified",R6 data migration,contract + feature + upgrade tests; no deletion before evidence
eblocker-icapserver/src/main/java/org/eblocker/server/common/data/migrations/SchemaMigrationVersion38.java,ea63b06132d43b2db1541e7e53d01e180782c862,eblocker-icapserver,"retain until replacement parity; inventoried, not semantically certified",R6 data migration,contract + feature + upgrade tests; no deletion before evidence
eblocker-icapserver/src/main/java/org/eblocker/server/common/data/migrations/SchemaMigrationVersion39.java,4036eac850bf934346398dbe4e732f0d54ebb6c3,eblocker-icapserver,"retain until replacement parity; inventoried, not semantically certified",R6 data migration,contract + feature + upgrade tests; no deletion before evidence
eblocker-icapserver/src/main/java/org/eblocker/server/common/data/migrations/SchemaMigrationVersion4.java,b01d40268e62e5bea0f577348f13f16d83621c7c,eblocker-icapserver,"retain until replacement parity; inventoried, not semantically certified",R6 data migration,contract + feature + upgrade tests; no deletion before evidence
eblocker-icapserver/src/main/java/org/eblocker/server/common/data/migrations/SchemaMigrationVersion40.java,89d2c9b21ac486e3ebea2d2e930d2b04819ed2d4,eblocker-icapserver,"retain until replacement parity; inventoried, not semantically certified",R6 data migration,contract + feature + upgrade tests; no deletion before evidence
eblocker-icapserver/src/main/java/org/eblocker/server/common/data/migrations/SchemaMigrationVersion41.java,b62d99df6324baf8b578eb17ff4ab72c1e71ee93,eblocker-icapserver,"retain until replacement parity; inventoried, not semantically certified",R6 data migration,contract + feature + upgrade tests; no deletion before evidence
eblocker-icapserver/src/main/java/org/eblocker/server/common/data/migrations/SchemaMigrationVersion42.java,f51aac5c110c0a18478fd5c29d148b71ba68d606,eblocker-icapserver,"retain until replacement parity; inventoried, not semantically certified",R6 data migration,contract + feature + upgrade tests; no deletion before evidence
eblocker-icapserver/src/main/java/org/eblocker/server/common/data/migrations/SchemaMigrationVersion43.java,c7feb4f3588cfb0eb2bb6d33057eb130504f1184,eblocker-icapserver,"retain until replacement parity; inventoried, not semantically certified",R6 data migration,contract + feature + upgrade tests; no deletion before evidence
eblocker-icapserver/src/main/java/org/eblocker/server/common/data/migrations/SchemaMigrationVersion44.java,dfdf7ef5af11e860ea702bd4e8df8d1595ee9981,eblocker-icapserver,"retain until replacement parity; inventoried, not semantically certified",R6 data migration,contract + feature + upgrade tests; no deletion before evidence
eblocker-icapserver/src/main/java/org/eblocker/server/common/data/migrations/SchemaMigrationVersion45.java,e050abd7f66d9f99071bfe09378456aa187677db,eblocker-icapserver,"retain until replacement parity; inventoried, not semantically certified",R6 data migration,contract + feature + upgrade tests; no deletion before evidence
eblocker-icapserver/src/main/java/org/eblocker/server/common/data/migrations/SchemaMigrationVersion46.java,d8f55441e8ef700c06af28d746dbe8586f043354,eblocker-icapserver,"retain until replacement parity; inventoried, not semantically certified",R6 data migration,contract + feature + upgrade tests; no deletion before evidence
eblocker-icapserver/src/main/java/org/eblocker/server/common/data/migrations/SchemaMigrationVersion47.java,066720e01d37c3364b157a0cd37c029888b57de1,eblocker-icapserver,"retain until replacement parity; inventoried, not semantically certified",R6 data migration,contract + feature + upgrade tests; no deletion before evidence
eblocker-icapserver/src/main/java/org/eblocker/server/common/data/migrations/SchemaMigrationVersion48.java,cdac51796d992fa3658780dac738a55cebae856c,eblocker-icapserver,"retain until replacement parity; inventoried, not semantically certified",R6 data migration,contract + feature + upgrade tests; no deletion before evidence
eblocker-icapserver/src/main/java/org/eblocker/server/common/data/migrations/SchemaMigrationVersion5.java,ee089f851d283ab7a127afab10c2c202a4540486,eblocker-icapserver,"retain until replacement parity; inventoried, not semantically certified",R6 data migration,contract + feature + upgrade tests; no deletion before evidence
eblocker-icapserver/src/main/java/org/eblocker/server/common/data/migrations/SchemaMigrationVersion6.java,2db01ba60a7c39553d52e21fe58c33ae3e2450e1,eblocker-icapserver,"retain until replacement parity; inventoried, not semantically certified",R6 data migration,contract + feature + upgrade tests; no deletion before evidence
eblocker-icapserver/src/main/java/org/eblocker/server/common/data/migrations/SchemaMigrationVersion7.java,3afab04de3e9cb8fc7e058af5e34635c73865475,eblocker-icapserver,"retain until replacement parity; inventoried, not semantically certified",R6 data migration,contract + feature + upgrade tests; no deletion before evidence
eblocker-icapserver/src/main/java/org/eblocker/server/common/data/migrations/SchemaMigrationVersion8.java,74cb78b720151f02f38134d15901703ed623a72e,eblocker-icapserver,"retain until replacement parity; inventoried, not semantically certified",R6 data migration,contract + feature + upgrade tests; no deletion before evidence
eblocker-icapserver/src/main/java/org/eblocker/server/common/data/migrations/SchemaMigrationVersion9.java,97d7958bda81f6026edc34f91806917bbd19e86a,eblocker-icapserver,"retain until replacement parity; inventoried, not semantically certified",R6 data migration,contract + feature + upgrade tests; no deletion before evidence
eblocker-icapserver/src/main/java/org/eblocker/server/common/data/migrations/UserMigrationService.java,96ae2e1af8b3615789c98304c5a98c44f1fe167a,eblocker-icapserver,"retain until replacement parity; inventoried, not semantically certified",R6 data migration,contract + feature + upgrade tests; no deletion before evidence
eblocker-icapserver/src/main/java/org/eblocker/server/common/data/openvpn/ExternalAddressType.java,088f29f0ff4d215e3ab49c445b06b3b9bf475338,eblocker-icapserver,"retain until replacement parity; inventoried, not semantically certified",R9 native VPN platform,contract + feature + upgrade tests; no deletion before evidence
eblocker-icapserver/src/main/java/org/eblocker/server/common/data/openvpn/KeepAliveMode.java,efebeb569caa0550b0ee7aaf601cbfbf9d5f3ea7,eblocker-icapserver,"retain until replacement parity; inventoried, not semantically certified",R9 native VPN platform,contract + feature + upgrade tests; no deletion before evidence
eblocker-icapserver/src/main/java/org/eblocker/server/common/data/openvpn/OpenVpnClientState.java,be559887dffac8167d6a54f03eae43380311f047,eblocker-icapserver,"retain until replacement parity; inventoried, not semantically certified",R9 native VPN platform,contract + feature + upgrade tests; no deletion before evidence
eblocker-icapserver/src/main/java/org/eblocker/server/common/data/openvpn/OpenVpnConfigurationViewModel.java,222f586545d63c83227b6b4af7ffaaaa14e19ab9,eblocker-icapserver,"retain until replacement parity; inventoried, not semantically certified",R9 native VPN platform,contract + feature + upgrade tests; no deletion before evidence
eblocker-icapserver/src/main/java/org/eblocker/server/common/data/openvpn/OpenVpnProfile.java,fcf9f06cb0bc9dbf2606c1b06eec6d84dda1b816,eblocker-icapserver,"retain until replacement parity; inventoried, not semantically certified",R9 native VPN platform,contract + feature + upgrade tests; no deletion before evidence
eblocker-icapserver/src/main/java/org/eblocker/server/common/data/openvpn/OpenVpnServerCaKeys.java,263caf3082bd33e145be0d127c55c9c9808ce85e,eblocker-icapserver,"retain until replacement parity; inventoried, not semantically certified",R9 native VPN platform,contract + feature + upgrade tests; no deletion before evidence
eblocker-icapserver/src/main/java/org/eblocker/server/common/data/openvpn/OpenVpnServerDeviceKeys.java,cba882c0d7bb98538714b5107f93012794b2bc86,eblocker-icapserver,"retain until replacement parity; inventoried, not semantically certified",R9 native VPN platform,contract + feature + upgrade tests; no deletion before evidence
eblocker-icapserver/src/main/java/org/eblocker/server/common/data/openvpn/PortForwardingMode.java,daee2d9c961adf74d4a29587ba0015045512c1c1,eblocker-icapserver,"retain until replacement parity; inventoried, not semantically certified",R9 native VPN platform,contract + feature + upgrade tests; no deletion before evidence
eblocker-icapserver/src/main/java/org/eblocker/server/common/data/openvpn/VpnLoginCredentials.java,ee5d37dd24c1e15716ed9f419059e7a1b81c56d6,eblocker-icapserver,"retain until replacement parity; inventoried, not semantically certified",R9 native VPN platform,contract + feature + upgrade tests; no deletion before evidence
eblocker-icapserver/src/main/java/org/eblocker/server/common/data/openvpn/VpnProfile.java,ee50c2231beffbae89c3353a779bf02b1293f4a0,eblocker-icapserver,"retain until replacement parity; inventoried, not semantically certified",R9 native VPN platform,contract + feature + upgrade tests; no deletion before evidence
eblocker-icapserver/src/main/java/org/eblocker/server/common/data/openvpn/VpnStatus.java,6dbf16978a8bab80f6d39d68569337566de7e8db,eblocker-icapserver,"retain until replacement parity; inventoried, not semantically certified",R9 native VPN platform,contract + feature + upgrade tests; no deletion before evidence
eblocker-icapserver/src/main/java/org/eblocker/server/common/data/parentalcontrol/BlockedDomainLogEntry.java,e23e987936a4e9bc098da53ef0b6e25dd7b91bcf,eblocker-icapserver,"retain until replacement parity; inventoried, not semantically certified",R6 data migration,contract + feature + upgrade tests; no deletion before evidence
eblocker-icapserver/src/main/java/org/eblocker/server/common/data/parentalcontrol/Category.java,7d6024522fd4aff7436b7430c04e9e5d71f5d6b6,eblocker-icapserver,"retain until replacement parity; inventoried, not semantically certified",R6 data migration,contract + feature + upgrade tests; no deletion before evidence
eblocker-icapserver/src/main/java/org/eblocker/server/common/data/parentalcontrol/ParentalControlFilterMetaData.java,715bad1bdc6bc718c054633d9d62e6a32b5f3cc4,eblocker-icapserver,"retain until replacement parity; inventoried, not semantically certified",R6 data migration,contract + feature + upgrade tests; no deletion before evidence
eblocker-icapserver/src/main/java/org/eblocker/server/common/data/parentalcontrol/ParentalControlFilterSummaryData.java,e8ab4b9fe3152efe65997c1da1cd099a373a041d,eblocker-icapserver,"retain until replacement parity; inventoried, not semantically certified",R6 data migration,contract + feature + upgrade tests; no deletion before evidence
eblocker-icapserver/src/main/java/org/eblocker/server/common/data/parentalcontrol/QueryTransformation.java,f841739da85e13fcbd5e446c790483724f74a6f0,eblocker-icapserver,"retain until replacement parity; inventoried, not semantically certified",R6 data migration,contract + feature + upgrade tests; no deletion before evidence
eblocker-icapserver/src/main/java/org/eblocker/server/common/data/parentalcontrol/SearchEngineConfiguration.java,595bd78739e24f9caec8b7d87d86f67aac949bb0,eblocker-icapserver,"retain until replacement parity; inventoried, not semantically certified",R6 data migration,contract + feature + upgrade tests; no deletion before evidence
eblocker-icapserver/src/main/java/org/eblocker/server/common/data/statistic/BlockedDomainStatisticsDatabaseLoader.java,bdebd32e234487a51ee7abd6a398fe2c13ad5a9a,eblocker-icapserver,"retain until replacement parity; inventoried, not semantically certified",R6 data migration,contract + feature + upgrade tests; no deletion before evidence
eblocker-icapserver/src/main/java/org/eblocker/server/common/data/statistic/BlockedDomainsStatisticService.java,56c36d614779a9a138f00c2051872a7219998e6d,eblocker-icapserver,"retain until replacement parity; inventoried, not semantically certified",R6 data migration,contract + feature + upgrade tests; no deletion before evidence
eblocker-icapserver/src/main/java/org/eblocker/server/common/data/statistic/Entry.java,b7e3f95b3e792d99a6f34eafefc3187d5a94b1f8,eblocker-icapserver,"retain until replacement parity; inventoried, not semantically certified",R6 data migration,contract + feature + upgrade tests; no deletion before evidence
eblocker-icapserver/src/main/java/org/eblocker/server/common/data/statistic/FilterStatisticsDataSource.java,bbfb4aa628fc5850ded2b31979f1749495a4f9ed,eblocker-icapserver,"retain until replacement parity; inventoried, not semantically certified",R6 data migration,contract + feature + upgrade tests; no deletion before evidence
eblocker-icapserver/src/main/java/org/eblocker/server/common/data/statistic/JedisFilterStatisticsDataSource.java,dae9b91ef1e557703cfca6aabb3ab408252e6478,eblocker-icapserver,"retain until replacement parity; inventoried, not semantically certified",R6 data migration,contract + feature + upgrade tests; no deletion before evidence
eblocker-icapserver/src/main/java/org/eblocker/server/common/data/statistic/StatisticsCounter.java,2470e8d1695ab35f709c3b3fa79a059c8dbe176c,eblocker-icapserver,"retain until replacement parity; inventoried, not semantically certified",R6 data migration,contract + feature + upgrade tests; no deletion before evidence
eblocker-icapserver/src/main/java/org/eblocker/server/common/data/statistic/TotalCounter.java,d8d8ae81d58948470034b27792911695598f40c9,eblocker-icapserver,"retain until replacement parity; inventoried, not semantically certified",R6 data migration,contract + feature + upgrade tests; no deletion before evidence
eblocker-icapserver/src/main/java/org/eblocker/server/common/data/systemstatus/ExecutionState.java,dde2daf61b33ccdd7f1797023f3ff982feca1b0c,eblocker-icapserver,"retain until replacement parity; inventoried, not semantically certified",R6 data migration,contract + feature + upgrade tests; no deletion before evidence
eblocker-icapserver/src/main/java/org/eblocker/server/common/data/systemstatus/SubSystem.java,a780d715fe5c93835d6f5bcf6a2e5db074ecbcea,eblocker-icapserver,"retain until replacement parity; inventoried, not semantically certified",R6 data migration,contract + feature + upgrade tests; no deletion before evidence
eblocker-icapserver/src/main/java/org/eblocker/server/common/data/systemstatus/SubSystemDetails.java,c30fbd8b90af338ea66390ee73ce6247810b59cc,eblocker-icapserver,"retain until replacement parity; inventoried, not semantically certified",R6 data migration,contract + feature + upgrade tests; no deletion before evidence
eblocker-icapserver/src/main/java/org/eblocker/server/common/data/systemstatus/SubSystemStatus.java,a68047781cc93b71d434aa86b816f087e5486fbd,eblocker-icapserver,"retain until replacement parity; inventoried, not semantically certified",R6 data migration,contract + feature + upgrade tests; no deletion before evidence
eblocker-icapserver/src/main/java/org/eblocker/server/common/data/systemstatus/SystemStatusDetails.java,158c1b43efd177e38c2945cc56434361f062d2d5,eblocker-icapserver,"retain until replacement parity; inventoried, not semantically certified",R6 data migration,contract + feature + upgrade tests; no deletion before evidence
eblocker-icapserver/src/main/java/org/eblocker/server/common/data/validation/NetworkConfigurationValidator.java,c4be2d3133721834344d869774d917af3e9cb57a,eblocker-icapserver,"retain until replacement parity; inventoried, not semantically certified",R6 data migration,contract + feature + upgrade tests; no deletion before evidence
eblocker-icapserver/src/main/java/org/eblocker/server/common/exceptions/DhcpDiscoveryException.java,b84bacabca3f30b6e8d5d4c3d2d4c055c70147a6,eblocker-icapserver,"retain until replacement parity; inventoried, not semantically certified",R8 feature migration,contract + feature + upgrade tests; no deletion before evidence
eblocker-icapserver/src/main/java/org/eblocker/server/common/exceptions/EblockerException.java,52392b41bc1c65aa94419cbfffc09c467b738624,eblocker-icapserver,"retain until replacement parity; inventoried, not semantically certified",R8 feature migration,contract + feature + upgrade tests; no deletion before evidence
eblocker-icapserver/src/main/java/org/eblocker/server/common/exceptions/NetworkConnectionException.java,ea54cc39b3f21d536da98aa21dc993bd09dc66a7,eblocker-icapserver,"retain until replacement parity; inventoried, not semantically certified",R8 feature migration,contract + feature + upgrade tests; no deletion before evidence
eblocker-icapserver/src/main/java/org/eblocker/server/common/exceptions/ServiceNotAvailableException.java,768491a576a228c22ae7e89b96dbe85c847ecf5c,eblocker-icapserver,"retain until replacement parity; inventoried, not semantically certified",R8 feature migration,contract + feature + upgrade tests; no deletion before evidence
eblocker-icapserver/src/main/java/org/eblocker/server/common/exceptions/UpnpPortForwardingException.java,d76a7c8114f4b8bb7ea1c3ac003a92363fee2da8,eblocker-icapserver,"retain until replacement parity; inventoried, not semantically certified",R8 feature migration,contract + feature + upgrade tests; no deletion before evidence
eblocker-icapserver/src/main/java/org/eblocker/server/common/executor/LogEntry.java,8b818c094b8047d277bdfa00d857656799a5c0d2,eblocker-icapserver,"retain until replacement parity; inventoried, not semantically certified",R8 feature migration,contract + feature + upgrade tests; no deletion before evidence
eblocker-icapserver/src/main/java/org/eblocker/server/common/executor/LoggingExecutorService.java,ea3f184f6b648098b984c501cd341e65307eb775,eblocker-icapserver,"retain until replacement parity; inventoried, not semantically certified",R8 feature migration,contract + feature + upgrade tests; no deletion before evidence
eblocker-icapserver/src/main/java/org/eblocker/server/common/executor/NamedCallable.java,10f58f6e15d7eda638ea91f1819135322ec1adeb,eblocker-icapserver,"retain until replacement parity; inventoried, not semantically certified",R8 feature migration,contract + feature + upgrade tests; no deletion before evidence
eblocker-icapserver/src/main/java/org/eblocker/server/common/executor/NamedRunnable.java,5a8efd730f56f4383d2b498ba0a3d12fd0585972,eblocker-icapserver,"retain until replacement parity; inventoried, not semantically certified",R8 feature migration,contract + feature + upgrade tests; no deletion before evidence
eblocker-icapserver/src/main/java/org/eblocker/server/common/executor/PoolStats.java,3113a695779c75e491ede04eb18ebccdeb85c3cb,eblocker-icapserver,"retain until replacement parity; inventoried, not semantically certified",R8 feature migration,contract + feature + upgrade tests; no deletion before evidence
eblocker-icapserver/src/main/java/org/eblocker/server/common/executor/RetryingRunnable.java,59655637b38e9070a3c63c1f9d1bc0846dd89f91,eblocker-icapserver,"retain until replacement parity; inventoried, not semantically certified",R8 feature migration,contract + feature + upgrade tests; no deletion before evidence
eblocker-icapserver/src/main/java/org/eblocker/server/common/executor/Schedule.java,056614f3fa71dba788f5d53703379e154082658a,eblocker-icapserver,"retain until replacement parity; inventoried, not semantically certified",R8 feature migration,contract + feature + upgrade tests; no deletion before evidence
eblocker-icapserver/src/main/java/org/eblocker/server/common/malware/MalwareEntry.java,fd1239d04f8d5c569e849dfaa0a3797d15af926d,eblocker-icapserver,"retain until replacement parity; inventoried, not semantically certified",R8 feature migration,contract + feature + upgrade tests; no deletion before evidence
eblocker-icapserver/src/main/java/org/eblocker/server/common/malware/MalwareFilterService.java,2ed1c8c0a731483fdcf5407b022dc0d2f0f6f8b2,eblocker-icapserver,"retain until replacement parity; inventoried, not semantically certified",R8 feature migration,contract + feature + upgrade tests; no deletion before evidence
eblocker-icapserver/src/main/java/org/eblocker/server/common/malware/MalwareUtils.java,cdfeb87bae4e78e1e463e29f01ac4ec02fe1d1d9,eblocker-icapserver,"retain until replacement parity; inventoried, not semantically certified",R8 feature migration,contract + feature + upgrade tests; no deletion before evidence
eblocker-icapserver/src/main/java/org/eblocker/server/common/network/ArpListener.java,c9b439d7b97c37038773d1d4bdae376998106435,eblocker-icapserver,"retain until replacement parity; inventoried, not semantically certified",R7 network agent and R11 packaging,contract + feature + upgrade tests; no deletion before evidence
eblocker-icapserver/src/main/java/org/eblocker/server/common/network/ArpMessage.java,8aed3bf6858ec1c2c32a917fc2ede3b7e43bc746,eblocker-icapserver,"retain until replacement parity; inventoried, not semantically certified",R7 network agent and R11 packaging,contract + feature + upgrade tests; no deletion before evidence
eblocker-icapserver/src/main/java/org/eblocker/server/common/network/ArpMessageParsingException.java,08f779f87da23659d357a2c57bc18a3d867a9932,eblocker-icapserver,"retain until replacement parity; inventoried, not semantically certified",R7 network agent and R11 packaging,contract + feature + upgrade tests; no deletion before evidence
eblocker-icapserver/src/main/java/org/eblocker/server/common/network/ArpMessageType.java,9938982286a45b66e691cfc6b577a76633968851,eblocker-icapserver,"retain until replacement parity; inventoried, not semantically certified",R7 network agent and R11 packaging,contract + feature + upgrade tests; no deletion before evidence
eblocker-icapserver/src/main/java/org/eblocker/server/common/network/ArpSpoofer.java,80c5fc92711b57889cdedb6ffd1861b6531b17e4,eblocker-icapserver,"retain until replacement parity; inventoried, not semantically certified",R7 network agent and R11 packaging,contract + feature + upgrade tests; no deletion before evidence
eblocker-icapserver/src/main/java/org/eblocker/server/common/network/ArpSweeper.java,55493619cea3c8cba88df92945442730a4a74090,eblocker-icapserver,"retain until replacement parity; inventoried, not semantically certified",R7 network agent and R11 packaging,contract + feature + upgrade tests; no deletion before evidence
eblocker-icapserver/src/main/java/org/eblocker/server/common/network/BaseURLs.java,214b4d21930038433885ffa920c8dac1e4d542b5,eblocker-icapserver,"retain until replacement parity; inventoried, not semantically certified",R7 network agent and R11 packaging,contract + feature + upgrade tests; no deletion before evidence
eblocker-icapserver/src/main/java/org/eblocker/server/common/network/DeviceIpUpdater.java,0661c2cb86b00c47d68e3b996ab42e88ae163094,eblocker-icapserver,"retain until replacement parity; inventoried, not semantically certified",R7 network agent and R11 packaging,contract + feature + upgrade tests; no deletion before evidence
eblocker-icapserver/src/main/java/org/eblocker/server/common/network/DhcpBindListener.java,2a63c22dd5a17fde6e6ff2700c81d853d8cacf70,eblocker-icapserver,"retain until replacement parity; inventoried, not semantically certified",R7 network agent and R11 packaging,contract + feature + upgrade tests; no deletion before evidence
eblocker-icapserver/src/main/java/org/eblocker/server/common/network/DhcpListener.java,f0f213865f1ba3ca228ac28110c32e310eab6bc0,eblocker-icapserver,"retain until replacement parity; inventoried, not semantically certified",R7 network agent and R11 packaging,contract + feature + upgrade tests; no deletion before evidence
eblocker-icapserver/src/main/java/org/eblocker/server/common/network/DhcpServer.java,0b00348f506aedc8c0de99e1cb2e0913f998b5b8,eblocker-icapserver,"retain until replacement parity; inventoried, not semantically certified",R7 network agent and R11 packaging,contract + feature + upgrade tests; no deletion before evidence
eblocker-icapserver/src/main/java/org/eblocker/server/common/network/DhcpServerConfiguration.java,e3d15f707596231c6f22b1ca85f732e3b484b4bc,eblocker-icapserver,"retain until replacement parity; inventoried, not semantically certified",R7 network agent and R11 packaging,contract + feature + upgrade tests; no deletion before evidence
eblocker-icapserver/src/main/java/org/eblocker/server/common/network/DhcpUtils.java,c97e54df179015ee4a126d57a0e8fa1084b3b4a1,eblocker-icapserver,"retain until replacement parity; inventoried, not semantically certified",R7 network agent and R11 packaging,contract + feature + upgrade tests; no deletion before evidence
eblocker-icapserver/src/main/java/org/eblocker/server/common/network/InetAddressWrapper.java,a1834f03253c926b76ebb479441be9c5c83dfbda,eblocker-icapserver,"retain until replacement parity; inventoried, not semantically certified",R7 network agent and R11 packaging,contract + feature + upgrade tests; no deletion before evidence
eblocker-icapserver/src/main/java/org/eblocker/server/common/network/Ip6AddressDelayedValidator.java,3c94022b68395fcbe3d62ec40d5395df30788775,eblocker-icapserver,"retain until replacement parity; inventoried, not semantically certified",R7 network agent and R11 packaging,contract + feature + upgrade tests; no deletion before evidence
eblocker-icapserver/src/main/java/org/eblocker/server/common/network/Ip6AddressMonitor.java,86181a49a9799222798a53e10516be87d5fd5283,eblocker-icapserver,"retain until replacement parity; inventoried, not semantically certified",R7 network agent and R11 packaging,contract + feature + upgrade tests; no deletion before evidence
eblocker-icapserver/src/main/java/org/eblocker/server/common/network/Ip6MulticastPing.java,d64c20b72d8d84fc249fd2bbe6fa05b5527ee95f,eblocker-icapserver,"retain until replacement parity; inventoried, not semantically certified",R7 network agent and R11 packaging,contract + feature + upgrade tests; no deletion before evidence
eblocker-icapserver/src/main/java/org/eblocker/server/common/network/Ip6PrefixMonitor.java,072e5582e77bc6e9e2a3eda597711a81f43de65e,eblocker-icapserver,"retain until replacement parity; inventoried, not semantically certified",R7 network agent and R11 packaging,contract + feature + upgrade tests; no deletion before evidence
eblocker-icapserver/src/main/java/org/eblocker/server/common/network/Ip6RouterAdvertiser.java,4a3c8acbd084f551b23e16f92ff6130dc4007c43,eblocker-icapserver,"retain until replacement parity; inventoried, not semantically certified",R7 network agent and R11 packaging,contract + feature + upgrade tests; no deletion before evidence
eblocker-icapserver/src/main/java/org/eblocker/server/common/network/IpAddressValidator.java,9837097d7ff9b6c6c814a3d20087f6912422d2a0,eblocker-icapserver,"retain until replacement parity; inventoried, not semantically certified",R7 network agent and R11 packaging,contract + feature + upgrade tests; no deletion before evidence
eblocker-icapserver/src/main/java/org/eblocker/server/common/network/IpResponseTable.java,da5b5ac6ed34010c1be6a2a6562910350ed2b717,eblocker-icapserver,"retain until replacement parity; inventoried, not semantically certified",R7 network agent and R11 packaging,contract + feature + upgrade tests; no deletion before evidence
eblocker-icapserver/src/main/java/org/eblocker/server/common/network/NeighborDiscoveryListener.java,ba674f1ec001396d64d7d5df4f5ef0a922b4b1e2,eblocker-icapserver,"retain until replacement parity; inventoried, not semantically certified",R7 network agent and R11 packaging,contract + feature + upgrade tests; no deletion before evidence
eblocker-icapserver/src/main/java/org/eblocker/server/common/network/NetworkChangeListener.java,8f4bd318e449a5aa5364e8df025871b3be3a51a7,eblocker-icapserver,"retain until replacement parity; inventoried, not semantically certified",R7 network agent and R11 packaging,contract + feature + upgrade tests; no deletion before evidence
eblocker-icapserver/src/main/java/org/eblocker/server/common/network/NetworkInterface.java,70ace94c6b54d79bbaf8039c2e669bb00a5c3ebe,eblocker-icapserver,"retain until replacement parity; inventoried, not semantically certified",R7 network agent and R11 packaging,contract + feature + upgrade tests; no deletion before evidence
eblocker-icapserver/src/main/java/org/eblocker/server/common/network/NetworkInterfaceFactory.java,d9bcda7ae72d53f62321c32f17c5eac72c865413,eblocker-icapserver,"retain until replacement parity; inventoried, not semantically certified",R7 network agent and R11 packaging,contract + feature + upgrade tests; no deletion before evidence
eblocker-icapserver/src/main/java/org/eblocker/server/common/network/NetworkInterfaceWatchdog.java,f0038c8f118e3091fac746bfb8e18e4601aa3c06,eblocker-icapserver,"retain until replacement parity; inventoried, not semantically certified",R7 network agent and R11 packaging,contract + feature + upgrade tests; no deletion before evidence
eblocker-icapserver/src/main/java/org/eblocker/server/common/network/NetworkInterfaceWrapper.java,6ea4623a0b356631343419874f582c9fa03899e6,eblocker-icapserver,"retain until replacement parity; inventoried, not semantically certified",R7 network agent and R11 packaging,contract + feature + upgrade tests; no deletion before evidence
eblocker-icapserver/src/main/java/org/eblocker/server/common/network/NetworkServices.java,6d49f171de46e0d8daf1569ef214f0a831b75351,eblocker-icapserver,"retain until replacement parity; inventoried, not semantically certified",R7 network agent and R11 packaging,contract + feature + upgrade tests; no deletion before evidence
eblocker-icapserver/src/main/java/org/eblocker/server/common/network/NetworkServicesBase.java,61765e264fda6dc9004b0ece98ec8cf05d9feada,eblocker-icapserver,"retain until replacement parity; inventoried, not semantically certified",R7 network agent and R11 packaging,contract + feature + upgrade tests; no deletion before evidence
eblocker-icapserver/src/main/java/org/eblocker/server/common/network/NetworkState.java,30fb3a03e6193758c9a7db9c0741c27bfee4f5f8,eblocker-icapserver,"retain until replacement parity; inventoried, not semantically certified",R7 network agent and R11 packaging,contract + feature + upgrade tests; no deletion before evidence
eblocker-icapserver/src/main/java/org/eblocker/server/common/network/NetworkStateExternalDhcp.java,6df9ba16a2631632471245244b2bd6baf84f92d6,eblocker-icapserver,"retain until replacement parity; inventoried, not semantically certified",R7 network agent and R11 packaging,contract + feature + upgrade tests; no deletion before evidence
eblocker-icapserver/src/main/java/org/eblocker/server/common/network/NetworkStateLocalDhcp.java,743e061c46fdd5f567d8ab76da6dcbc7a5af427a,eblocker-icapserver,"retain until replacement parity; inventoried, not semantically certified",R7 network agent and R11 packaging,contract + feature + upgrade tests; no deletion before evidence
eblocker-icapserver/src/main/java/org/eblocker/server/common/network/NetworkStateMachine.java,b0b1c527e6405bdea32fb329c7f851e7c5573cec,eblocker-icapserver,"retain until replacement parity; inventoried, not semantically certified",R7 network agent and R11 packaging,contract + feature + upgrade tests; no deletion before evidence
eblocker-icapserver/src/main/java/org/eblocker/server/common/network/NetworkStatePlugAndPlay.java,888ac97ba12df917962757efb64783857a986759,eblocker-icapserver,"retain until replacement parity; inventoried, not semantically certified",R7 network agent and R11 packaging,contract + feature + upgrade tests; no deletion before evidence
eblocker-icapserver/src/main/java/org/eblocker/server/common/network/NetworkUtils.java,7473b42dbaa4757ed468dd4e737da6341706e475,eblocker-icapserver,"retain until replacement parity; inventoried, not semantically certified",R7 network agent and R11 packaging,contract + feature + upgrade tests; no deletion before evidence
eblocker-icapserver/src/main/java/org/eblocker/server/common/network/ProblematicRouterDetection.java,12364166ec53a4f0e9ef23137a6df473436e22eb,eblocker-icapserver,"retain until replacement parity; inventoried, not semantically certified",R7 network agent and R11 packaging,contract + feature + upgrade tests; no deletion before evidence
eblocker-icapserver/src/main/java/org/eblocker/server/common/network/RouterAdvertisementCache.java,c72c23d9226312fe896f549453a44bce688b78eb,eblocker-icapserver,"retain until replacement parity; inventoried, not semantically certified",R7 network agent and R11 packaging,contract + feature + upgrade tests; no deletion before evidence
eblocker-icapserver/src/main/java/org/eblocker/server/common/network/TelnetConnection.java,0c46a98131b3ce94e9f83f7486068f22ec7910b8,eblocker-icapserver,"retain until replacement parity; inventoried, not semantically certified",R7 network agent and R11 packaging,contract + feature + upgrade tests; no deletion before evidence
eblocker-icapserver/src/main/java/org/eblocker/server/common/network/TelnetConnectionImpl.java,7433dc4341731a5675fd97648adb801b4fd5bff7,eblocker-icapserver,"retain until replacement parity; inventoried, not semantically certified",R7 network agent and R11 packaging,contract + feature + upgrade tests; no deletion before evidence
eblocker-icapserver/src/main/java/org/eblocker/server/common/network/TorConfiguration.java,e3d54de27e76dc3ba26c26a770576f6a6cb69167,eblocker-icapserver,"retain until replacement parity; inventoried, not semantically certified",R7 network agent and R11 packaging,contract + feature + upgrade tests; no deletion before evidence
eblocker-icapserver/src/main/java/org/eblocker/server/common/network/TorController.java,5b62f78f003d0a2dde3260210e2a293b6a18636f,eblocker-icapserver,"retain until replacement parity; inventoried, not semantically certified",R7 network agent and R11 packaging,contract + feature + upgrade tests; no deletion before evidence
eblocker-icapserver/src/main/java/org/eblocker/server/common/network/TorExitNodeCountries.java,3692f80d69c2ff203e0c36512cf4355680c1c389,eblocker-icapserver,"retain until replacement parity; inventoried, not semantically certified",R7 network agent and R11 packaging,contract + feature + upgrade tests; no deletion before evidence
eblocker-icapserver/src/main/java/org/eblocker/server/common/network/TrafficAccounter.java,7b2039c7edaaca5e20c54533bbfef8eff7304765,eblocker-icapserver,"retain until replacement parity; inventoried, not semantically certified",R7 network agent and R11 packaging,contract + feature + upgrade tests; no deletion before evidence
eblocker-icapserver/src/main/java/org/eblocker/server/common/network/ZeroconfRegistrationService.java,051bc8f975bb83e4206ce49a4e6728147428ba3b,eblocker-icapserver,"retain until replacement parity; inventoried, not semantically certified",R7 network agent and R11 packaging,contract + feature + upgrade tests; no deletion before evidence
eblocker-icapserver/src/main/java/org/eblocker/server/common/network/icmpv6/EchoRequest.java,bd8679a90541a34a6ae19386ba32ff3043483b14,eblocker-icapserver,"retain until replacement parity; inventoried, not semantically certified",R7 network agent and R11 packaging,contract + feature + upgrade tests; no deletion before evidence
eblocker-icapserver/src/main/java/org/eblocker/server/common/network/icmpv6/Icmp6Message.java,11171c0aac39df4dd32d71e10517039778c8516e,eblocker-icapserver,"retain until replacement parity; inventoried, not semantically certified",R7 network agent and R11 packaging,contract + feature + upgrade tests; no deletion before evidence
eblocker-icapserver/src/main/java/org/eblocker/server/common/network/icmpv6/LinkLayerAddressOption.java,8801cc5abb80f87a92b35057c45593111cf45d11,eblocker-icapserver,"retain until replacement parity; inventoried, not semantically certified",R7 network agent and R11 packaging,contract + feature + upgrade tests; no deletion before evidence
eblocker-icapserver/src/main/java/org/eblocker/server/common/network/icmpv6/MtuOption.java,e5efe61c7a9d2b0d50fe97f010f392542aab9462,eblocker-icapserver,"retain until replacement parity; inventoried, not semantically certified",R7 network agent and R11 packaging,contract + feature + upgrade tests; no deletion before evidence
eblocker-icapserver/src/main/java/org/eblocker/server/common/network/icmpv6/NeighborAdvertisement.java,cf078a0beb76dbbb7666287fa7871ff2c2ded950,eblocker-icapserver,"retain until replacement parity; inventoried, not semantically certified",R7 network agent and R11 packaging,contract + feature + upgrade tests; no deletion before evidence
eblocker-icapserver/src/main/java/org/eblocker/server/common/network/icmpv6/NeighborDiscoveryMessage.java,400451dc3e45ba5b1622d2a39ed268e6a6f563cf,eblocker-icapserver,"retain until replacement parity; inventoried, not semantically certified",R7 network agent and R11 packaging,contract + feature + upgrade tests; no deletion before evidence
eblocker-icapserver/src/main/java/org/eblocker/server/common/network/icmpv6/NeighborSolicitation.java,6c5a6cd06879218ca6044eec7110d46acf90f283,eblocker-icapserver,"retain until replacement parity; inventoried, not semantically certified",R7 network agent and R11 packaging,contract + feature + upgrade tests; no deletion before evidence
eblocker-icapserver/src/main/java/org/eblocker/server/common/network/icmpv6/Option.java,b8361b203d99f53199b913be4d8ff0b52bd66f42,eblocker-icapserver,"retain until replacement parity; inventoried, not semantically certified",R7 network agent and R11 packaging,contract + feature + upgrade tests; no deletion before evidence
eblocker-icapserver/src/main/java/org/eblocker/server/common/network/icmpv6/PrefixOption.java,ce9dad6088421eeaaaf4b6b05458327dc4a6bc8d,eblocker-icapserver,"retain until replacement parity; inventoried, not semantically certified",R7 network agent and R11 packaging,contract + feature + upgrade tests; no deletion before evidence
eblocker-icapserver/src/main/java/org/eblocker/server/common/network/icmpv6/RecursiveDnsServerOption.java,4e8f4a9a275d0762def79dd29f707ea626fbab0d,eblocker-icapserver,"retain until replacement parity; inventoried, not semantically certified",R7 network agent and R11 packaging,contract + feature + upgrade tests; no deletion before evidence
eblocker-icapserver/src/main/java/org/eblocker/server/common/network/icmpv6/RouterAdvertisement.java,e6bf81b2f59ff966b322299e14eda71f90599d06,eblocker-icapserver,"retain until replacement parity; inventoried, not semantically certified",R7 network agent and R11 packaging,contract + feature + upgrade tests; no deletion before evidence
eblocker-icapserver/src/main/java/org/eblocker/server/common/network/icmpv6/RouterAdvertisementFactory.java,812840ed30f4664739657e183b9e96208c6c330f,eblocker-icapserver,"retain until replacement parity; inventoried, not semantically certified",R7 network agent and R11 packaging,contract + feature + upgrade tests; no deletion before evidence
eblocker-icapserver/src/main/java/org/eblocker/server/common/network/icmpv6/RouterSolicitation.java,d6decf9e1233813314a1b847fe43f9abfa20c7f9,eblocker-icapserver,"retain until replacement parity; inventoried, not semantically certified",R7 network agent and R11 packaging,contract + feature + upgrade tests; no deletion before evidence
eblocker-icapserver/src/main/java/org/eblocker/server/common/network/icmpv6/SourceLinkLayerAddressOption.java,7c0d0f8761f5a669b6d249a1f38e49aa413ffc01,eblocker-icapserver,"retain until replacement parity; inventoried, not semantically certified",R7 network agent and R11 packaging,contract + feature + upgrade tests; no deletion before evidence
eblocker-icapserver/src/main/java/org/eblocker/server/common/network/icmpv6/TargetLinkLayerAddressOption.java,8c226ed41a07a4feb8d5a0bcc6f5b99415b688bb,eblocker-icapserver,"retain until replacement parity; inventoried, not semantically certified",R7 network agent and R11 packaging,contract + feature + upgrade tests; no deletion before evidence
eblocker-icapserver/src/main/java/org/eblocker/server/common/network/unix/DhcpClientLease.java,b1623b501e20a78c575a834a9774a3a026c31714,eblocker-icapserver,"retain until replacement parity; inventoried, not semantically certified",R7 network agent and R11 packaging,contract + feature + upgrade tests; no deletion before evidence
eblocker-icapserver/src/main/java/org/eblocker/server/common/network/unix/DhcpClientLeaseReader.java,300ae3faeb2668bceda9721c6cc45fe629062a54,eblocker-icapserver,"retain until replacement parity; inventoried, not semantically certified",R7 network agent and R11 packaging,contract + feature + upgrade tests; no deletion before evidence
eblocker-icapserver/src/main/java/org/eblocker/server/common/network/unix/DhcpDiscoveryService.java,afdcb112ddf30472760137acdf466f4eaf905837,eblocker-icapserver,"retain until replacement parity; inventoried, not semantically certified",R7 network agent and R11 packaging,contract + feature + upgrade tests; no deletion before evidence
eblocker-icapserver/src/main/java/org/eblocker/server/common/network/unix/DnsConfiguration.java,0adf9387b6aa07bd266d73468082f9365d120aad,eblocker-icapserver,"retain until replacement parity; inventoried, not semantically certified",R7 network agent and R11 packaging,contract + feature + upgrade tests; no deletion before evidence
eblocker-icapserver/src/main/java/org/eblocker/server/common/network/unix/DnsEnableByDefaultChecker.java,30e49535e7d72ba97b059b41eae9ee651819e193,eblocker-icapserver,"retain until replacement parity; inventoried, not semantically certified",R7 network agent and R11 packaging,contract + feature + upgrade tests; no deletion before evidence
eblocker-icapserver/src/main/java/org/eblocker/server/common/network/unix/DnsGatewayNames.java,59d2b3f45499fa49d6cd94e1530d65213e92b9ac,eblocker-icapserver,"retain until replacement parity; inventoried, not semantically certified",R7 network agent and R11 packaging,contract + feature + upgrade tests; no deletion before evidence
eblocker-icapserver/src/main/java/org/eblocker/server/common/network/unix/DnsResolver.java,643f94f51f35b8ab8146de3a5177a6566ebb274e,eblocker-icapserver,"retain until replacement parity; inventoried, not semantically certified",R7 network agent and R11 packaging,contract + feature + upgrade tests; no deletion before evidence
eblocker-icapserver/src/main/java/org/eblocker/server/common/network/unix/EblockerDnsServer.java,a3af1b1a7eb5c520db0d5537139b1243d96e44f4,eblocker-icapserver,"retain until replacement parity; inventoried, not semantically certified",R7 network agent and R11 packaging,contract + feature + upgrade tests; no deletion before evidence
eblocker-icapserver/src/main/java/org/eblocker/server/common/network/unix/FirewallConfigurationBase.java,0deb3e4cbfe5b1314487add885d4cbc16c12ad0f,eblocker-icapserver,"retain until replacement parity; inventoried, not semantically certified",R7 network agent and R11 packaging,contract + feature + upgrade tests; no deletion before evidence
eblocker-icapserver/src/main/java/org/eblocker/server/common/network/unix/FirewallConfigurationIp4.java,dec31445de577421a40d4a77907170aa27518fc9,eblocker-icapserver,"retain until replacement parity; inventoried, not semantically certified",R7 network agent and R11 packaging,contract + feature + upgrade tests; no deletion before evidence
eblocker-icapserver/src/main/java/org/eblocker/server/common/network/unix/FirewallConfigurationIp6.java,ff8524b199b10a3eada3850790c2b2a60865eca8,eblocker-icapserver,"retain until replacement parity; inventoried, not semantically certified",R7 network agent and R11 packaging,contract + feature + upgrade tests; no deletion before evidence
eblocker-icapserver/src/main/java/org/eblocker/server/common/network/unix/IpSetConfig.java,923ab409473fc8c5a485d759784fe6c8a24d3dea,eblocker-icapserver,"retain until replacement parity; inventoried, not semantically certified",R7 network agent and R11 packaging,contract + feature + upgrade tests; no deletion before evidence
eblocker-icapserver/src/main/java/org/eblocker/server/common/network/unix/IpSets.java,a589fde6409d9c663879f839a34542e116763fdb,eblocker-icapserver,"retain until replacement parity; inventoried, not semantically certified",R7 network agent and R11 packaging,contract + feature + upgrade tests; no deletion before evidence
eblocker-icapserver/src/main/java/org/eblocker/server/common/network/unix/IscDhcpServer.java,fec93d40b1ef624c640e885a2a1fbd33c493ee71,eblocker-icapserver,"retain until replacement parity; inventoried, not semantically certified",R7 network agent and R11 packaging,contract + feature + upgrade tests; no deletion before evidence
eblocker-icapserver/src/main/java/org/eblocker/server/common/network/unix/IscDhcpServerConfiguration.java,abb5773885407f88e27d97a8878f4521fbea9a68,eblocker-icapserver,"retain until replacement parity; inventoried, not semantically certified",R7 network agent and R11 packaging,contract + feature + upgrade tests; no deletion before evidence
eblocker-icapserver/src/main/java/org/eblocker/server/common/network/unix/NetworkInterfaceAliases.java,4696d804eba548a9d6362ec391ee54bc2711402f,eblocker-icapserver,"retain until replacement parity; inventoried, not semantically certified",R7 network agent and R11 packaging,contract + feature + upgrade tests; no deletion before evidence
eblocker-icapserver/src/main/java/org/eblocker/server/common/network/unix/NetworkInterfaceConfiguration.java,295059140a3aa37872e6b879e828bc8a1229bfb2,eblocker-icapserver,"retain until replacement parity; inventoried, not semantically certified",R7 network agent and R11 packaging,contract + feature + upgrade tests; no deletion before evidence
eblocker-icapserver/src/main/java/org/eblocker/server/common/network/unix/NetworkServicesUnix.java,f0fc4f998dfd0bcdf89e4ef6be87da538570a893,eblocker-icapserver,"retain until replacement parity; inventoried, not semantically certified",R7 network agent and R11 packaging,contract + feature + upgrade tests; no deletion before evidence
eblocker-icapserver/src/main/java/org/eblocker/server/common/network/unix/firewall/Action.java,b19046e0aa2d48af71be5e7a5aeaadcac01749a6,eblocker-icapserver,"retain until replacement parity; inventoried, not semantically certified",R7 network agent and R11 packaging,contract + feature + upgrade tests; no deletion before evidence
eblocker-icapserver/src/main/java/org/eblocker/server/common/network/unix/firewall/ActionDestinationNat.java,150106cb204c9b1b48f848bac425d1749a26554b,eblocker-icapserver,"retain until replacement parity; inventoried, not semantically certified",R7 network agent and R11 packaging,contract + feature + upgrade tests; no deletion before evidence
eblocker-icapserver/src/main/java/org/eblocker/server/common/network/unix/firewall/ActionMark.java,fecba4028eff87df4c5c433594d9040d0c5dd947,eblocker-icapserver,"retain until replacement parity; inventoried, not semantically certified",R7 network agent and R11 packaging,contract + feature + upgrade tests; no deletion before evidence
eblocker-icapserver/src/main/java/org/eblocker/server/common/network/unix/firewall/ActionRedirect.java,12e01f85cbfe50e2c10c2e569d167fffdce3c55b,eblocker-icapserver,"retain until replacement parity; inventoried, not semantically certified",R7 network agent and R11 packaging,contract + feature + upgrade tests; no deletion before evidence
eblocker-icapserver/src/main/java/org/eblocker/server/common/network/unix/firewall/ActionReject.java,9aba7e8cb26e86563244f33ff5f69a6332bda4ac,eblocker-icapserver,"retain until replacement parity; inventoried, not semantically certified",R7 network agent and R11 packaging,contract + feature + upgrade tests; no deletion before evidence
eblocker-icapserver/src/main/java/org/eblocker/server/common/network/unix/firewall/Chain.java,72a9972e64aa0f9d12399ba5683cbdbf440ed319,eblocker-icapserver,"retain until replacement parity; inventoried, not semantically certified",R7 network agent and R11 packaging,contract + feature + upgrade tests; no deletion before evidence
eblocker-icapserver/src/main/java/org/eblocker/server/common/network/unix/firewall/IpAddressFilter.java,c2abe1bb984b46b32f9aa9e44a93bdd76757301d,eblocker-icapserver,"retain until replacement parity; inventoried, not semantically certified",R7 network agent and R11 packaging,contract + feature + upgrade tests; no deletion before evidence
eblocker-icapserver/src/main/java/org/eblocker/server/common/network/unix/firewall/Protocol.java,b7e13d6a8bfdb869a692a5a0c3e1b19b1a896603,eblocker-icapserver,"retain until replacement parity; inventoried, not semantically certified",R7 network agent and R11 packaging,contract + feature + upgrade tests; no deletion before evidence
eblocker-icapserver/src/main/java/org/eblocker/server/common/network/unix/firewall/Rule.java,5041f8a34c9081c152e7a0cbdc8ac1335cd44513,eblocker-icapserver,"retain until replacement parity; inventoried, not semantically certified",R7 network agent and R11 packaging,contract + feature + upgrade tests; no deletion before evidence
eblocker-icapserver/src/main/java/org/eblocker/server/common/network/unix/firewall/Table.java,5db1dfea46dabe993f7e5e9cb0dc0bef67721607,eblocker-icapserver,"retain until replacement parity; inventoried, not semantically certified",R7 network agent and R11 packaging,contract + feature + upgrade tests; no deletion before evidence
eblocker-icapserver/src/main/java/org/eblocker/server/common/network/unix/firewall/TableGeneratorBase.java,b5134c8465949ffbf7c17e001f8b1ee5a4976d59,eblocker-icapserver,"retain until replacement parity; inventoried, not semantically certified",R7 network agent and R11 packaging,contract + feature + upgrade tests; no deletion before evidence
eblocker-icapserver/src/main/java/org/eblocker/server/common/network/unix/firewall/TableGeneratorIp4.java,7a8ce02558f7d0e24e35f7e332d5063305447b55,eblocker-icapserver,"retain until replacement parity; inventoried, not semantically certified",R7 network agent and R11 packaging,contract + feature + upgrade tests; no deletion before evidence
eblocker-icapserver/src/main/java/org/eblocker/server/common/network/unix/firewall/TableGeneratorIp6.java,57bfe7fbc33a09f835a3d9e2c26f09a08ff87f5e,eblocker-icapserver,"retain until replacement parity; inventoried, not semantically certified",R7 network agent and R11 packaging,contract + feature + upgrade tests; no deletion before evidence
eblocker-icapserver/src/main/java/org/eblocker/server/common/openvpn/Ip6GatewaySelector.java,240467ba3a282897c64060c457560480ae9aa237,eblocker-icapserver,"retain until replacement parity; inventoried, not semantically certified",R9 native VPN platform,contract + feature + upgrade tests; no deletion before evidence
eblocker-icapserver/src/main/java/org/eblocker/server/common/openvpn/OpenVpnChannel.java,c3f092e8ba10d6d94f7357ee306eef708344a40d,eblocker-icapserver,"retain until replacement parity; inventoried, not semantically certified",R9 native VPN platform,contract + feature + upgrade tests; no deletion before evidence
eblocker-icapserver/src/main/java/org/eblocker/server/common/openvpn/OpenVpnChannelFactory.java,9a7fb1f8224aa72e7fc352ae84537db1691d4d52,eblocker-icapserver,"retain until replacement parity; inventoried, not semantically certified",R9 native VPN platform,contract + feature + upgrade tests; no deletion before evidence
eblocker-icapserver/src/main/java/org/eblocker/server/common/openvpn/OpenVpnChannelListener.java,2dc925b232cb9f2a2e0d0434650101a8818c26f1,eblocker-icapserver,"retain until replacement parity; inventoried, not semantically certified",R9 native VPN platform,contract + feature + upgrade tests; no deletion before evidence
eblocker-icapserver/src/main/java/org/eblocker/server/common/openvpn/OpenVpnClient.java,cf4a971188ef5d00500cf055f6f8f5f4587ba5b0,eblocker-icapserver,"retain until replacement parity; inventoried, not semantically certified",R9 native VPN platform,contract + feature + upgrade tests; no deletion before evidence
eblocker-icapserver/src/main/java/org/eblocker/server/common/openvpn/OpenVpnClientFactory.java,dd8f8467e9e883481ac3c3675883eeabf3cefdbe,eblocker-icapserver,"retain until replacement parity; inventoried, not semantically certified",R9 native VPN platform,contract + feature + upgrade tests; no deletion before evidence
eblocker-icapserver/src/main/java/org/eblocker/server/common/openvpn/OpenVpnProfileFiles.java,47902856870cd1c08ddded906508c7d680154aed,eblocker-icapserver,"retain until replacement parity; inventoried, not semantically certified",R9 native VPN platform,contract + feature + upgrade tests; no deletion before evidence
eblocker-icapserver/src/main/java/org/eblocker/server/common/openvpn/OpenVpnService.java,7359d6ad54074ee5a85047434313ce9eae6bb075,eblocker-icapserver,"retain until replacement parity; inventoried, not semantically certified",R9 native VPN platform,contract + feature + upgrade tests; no deletion before evidence
eblocker-icapserver/src/main/java/org/eblocker/server/common/openvpn/RoutingController.java,bde7cf015b5f1ebf58c649061a4ed71870e7027c,eblocker-icapserver,"retain until replacement parity; inventoried, not semantically certified",R9 native VPN platform,contract + feature + upgrade tests; no deletion before evidence
eblocker-icapserver/src/main/java/org/eblocker/server/common/openvpn/VpnClient.java,4369f4e4c4af80c1337e78bf6e7d6850210a611f,eblocker-icapserver,"retain until replacement parity; inventoried, not semantically certified",R9 native VPN platform,contract + feature + upgrade tests; no deletion before evidence
eblocker-icapserver/src/main/java/org/eblocker/server/common/openvpn/VpnKeepAlive.java,38e43427a35f8c8a119311df5cfa922bfc415f9e,eblocker-icapserver,"retain until replacement parity; inventoried, not semantically certified",R9 native VPN platform,contract + feature + upgrade tests; no deletion before evidence
eblocker-icapserver/src/main/java/org/eblocker/server/common/openvpn/VpnKeepAliveFactory.java,cc270a59665937b9bcd74137e14da570895daf56,eblocker-icapserver,"retain until replacement parity; inventoried, not semantically certified",R9 native VPN platform,contract + feature + upgrade tests; no deletion before evidence
eblocker-icapserver/src/main/java/org/eblocker/server/common/openvpn/configuration/InlineOption.java,57fd2d21266a966f535b0ff5ec5837fd55384fc5,eblocker-icapserver,"retain until replacement parity; inventoried, not semantically certified",R9 native VPN platform,contract + feature + upgrade tests; no deletion before evidence
eblocker-icapserver/src/main/java/org/eblocker/server/common/openvpn/configuration/OpenVpnConfiguration.java,1928651bba42dfdde85a614dfb63e711bd59b592,eblocker-icapserver,"retain until replacement parity; inventoried, not semantically certified",R9 native VPN platform,contract + feature + upgrade tests; no deletion before evidence
eblocker-icapserver/src/main/java/org/eblocker/server/common/openvpn/configuration/OpenVpnConfigurationParser.java,d73c2a947d4341e576e0e311840824001aa437d1,eblocker-icapserver,"retain until replacement parity; inventoried, not semantically certified",R9 native VPN platform,contract + feature + upgrade tests; no deletion before evidence
eblocker-icapserver/src/main/java/org/eblocker/server/common/openvpn/configuration/OpenVpnConfigurationVersion0.java,31733080dcd12d7a0c49acbe19b2e103ac9521a5,eblocker-icapserver,"retain until replacement parity; inventoried, not semantically certified",R9 native VPN platform,contract + feature + upgrade tests; no deletion before evidence
eblocker-icapserver/src/main/java/org/eblocker/server/common/openvpn/configuration/OpenVpnConfigurator.java,812b5f17237ed8b6579adc869b8f6803797d20ea,eblocker-icapserver,"retain until replacement parity; inventoried, not semantically certified",R9 native VPN platform,contract + feature + upgrade tests; no deletion before evidence
eblocker-icapserver/src/main/java/org/eblocker/server/common/openvpn/configuration/OpenVpnFileOptionValidator.java,ad35bc685aa828e6a42c6eade60bed07abffcf1a,eblocker-icapserver,"retain until replacement parity; inventoried, not semantically certified",R9 native VPN platform,contract + feature + upgrade tests; no deletion before evidence
eblocker-icapserver/src/main/java/org/eblocker/server/common/openvpn/configuration/Option.java,b5402ddb723bc0bc4f08c05e6fee7b1ef08710a0,eblocker-icapserver,"retain until replacement parity; inventoried, not semantically certified",R9 native VPN platform,contract + feature + upgrade tests; no deletion before evidence
eblocker-icapserver/src/main/java/org/eblocker/server/common/openvpn/configuration/OptionBase.java,40c936c9f967132e3da68e9c61105eeba74f72c2,eblocker-icapserver,"retain until replacement parity; inventoried, not semantically certified",R9 native VPN platform,contract + feature + upgrade tests; no deletion before evidence
eblocker-icapserver/src/main/java/org/eblocker/server/common/openvpn/configuration/OptionsGroup.java,c990f2a455cb6b12d91fac1d6e1c8dd2e43e38b8,eblocker-icapserver,"retain until replacement parity; inventoried, not semantically certified",R9 native VPN platform,contract + feature + upgrade tests; no deletion before evidence
eblocker-icapserver/src/main/java/org/eblocker/server/common/openvpn/configuration/SimpleOption.java,f454aa93808f4bc92baa7f82297117c45cceb985,eblocker-icapserver,"retain until replacement parity; inventoried, not semantically certified",R9 native VPN platform,contract + feature + upgrade tests; no deletion before evidence
eblocker-icapserver/src/main/java/org/eblocker/server/common/openvpn/connection/MobileConnectionCheckService.java,010aa06b49a7c04fd3e01c80cfb7be99a24ba953,eblocker-icapserver,"retain until replacement parity; inventoried, not semantically certified",R9 native VPN platform,contract + feature + upgrade tests; no deletion before evidence
eblocker-icapserver/src/main/java/org/eblocker/server/common/openvpn/connection/MobileConnectionCheckStatus.java,72a145c41a3e3196d25876dbf9ce2bd782da434e,eblocker-icapserver,"retain until replacement parity; inventoried, not semantically certified",R9 native VPN platform,contract + feature + upgrade tests; no deletion before evidence
eblocker-icapserver/src/main/java/org/eblocker/server/common/openvpn/connection/MobileConnectionCheckTask.java,6bf77ba0158cf74eca6f0dc3c68520a29776e53d,eblocker-icapserver,"retain until replacement parity; inventoried, not semantically certified",R9 native VPN platform,contract + feature + upgrade tests; no deletion before evidence
eblocker-icapserver/src/main/java/org/eblocker/server/common/openvpn/connection/MobileDnsCheckService.java,407cdded24be710de7cdc7e3c8ec5f45a7ee407d,eblocker-icapserver,"retain until replacement parity; inventoried, not semantically certified",R9 native VPN platform,contract + feature + upgrade tests; no deletion before evidence
eblocker-icapserver/src/main/java/org/eblocker/server/common/openvpn/server/OpenVpnAddressListener.java,d0044b3b94d83f742d2a9ba9737f16627755fcc7,eblocker-icapserver,"retain until replacement parity; inventoried, not semantically certified",R9 native VPN platform,contract + feature + upgrade tests; no deletion before evidence
eblocker-icapserver/src/main/java/org/eblocker/server/common/openvpn/server/OpenVpnCa.java,7768208bcbd939dce770ca73ffa39e4c758f8234,eblocker-icapserver,"retain until replacement parity; inventoried, not semantically certified",R9 native VPN platform,contract + feature + upgrade tests; no deletion before evidence
eblocker-icapserver/src/main/java/org/eblocker/server/common/openvpn/server/OpenVpnClientConfigurationService.java,0790baa107ea091368a53f691638cf17dfaa8a6a,eblocker-icapserver,"retain until replacement parity; inventoried, not semantically certified",R9 native VPN platform,contract + feature + upgrade tests; no deletion before evidence
eblocker-icapserver/src/main/java/org/eblocker/server/common/openvpn/server/VpnServerStatus.java,99f3676cf26f069a1dac5f280aa774ab693d5c0f,eblocker-icapserver,"retain until replacement parity; inventoried, not semantically certified",R9 native VPN platform,contract + feature + upgrade tests; no deletion before evidence
eblocker-icapserver/src/main/java/org/eblocker/server/common/page/PageContext.java,fcba9d9d31112ba3345a02226147cf6983f49674,eblocker-icapserver,"retain until replacement parity; inventoried, not semantically certified",R8 feature migration,contract + feature + upgrade tests; no deletion before evidence
eblocker-icapserver/src/main/java/org/eblocker/server/common/page/PageContextStore.java,97c93790e751608e2238a0fdd9efb2c543d26189,eblocker-icapserver,"retain until replacement parity; inventoried, not semantically certified",R8 feature migration,contract + feature + upgrade tests; no deletion before evidence
eblocker-icapserver/src/main/java/org/eblocker/server/common/page/PageContexts.java,7899207673284e394e7f67a2d94639b1f92cd98e,eblocker-icapserver,"retain until replacement parity; inventoried, not semantically certified",R8 feature migration,contract + feature + upgrade tests; no deletion before evidence
eblocker-icapserver/src/main/java/org/eblocker/server/common/pubsub/Channels.java,bd024a3298e4b25eb55e9f7de0ef1449e4a8bdf0,eblocker-icapserver,"retain until replacement parity; inventoried, not semantically certified",R8 feature migration,contract + feature + upgrade tests; no deletion before evidence
eblocker-icapserver/src/main/java/org/eblocker/server/common/pubsub/JedisPubSubService.java,c00a442e2fba1cc761cae2b8b8762fb5fbc9a72b,eblocker-icapserver,"retain until replacement parity; inventoried, not semantically certified",R8 feature migration,contract + feature + upgrade tests; no deletion before evidence
eblocker-icapserver/src/main/java/org/eblocker/server/common/pubsub/JedisSubscriberWrapper.java,af862bb9d4e2935727a98f998e154ec59183625b,eblocker-icapserver,"retain until replacement parity; inventoried, not semantically certified",R8 feature migration,contract + feature + upgrade tests; no deletion before evidence
eblocker-icapserver/src/main/java/org/eblocker/server/common/pubsub/PubSubService.java,096757f36d47e9661fe0429f1716997cd72e4608,eblocker-icapserver,"retain until replacement parity; inventoried, not semantically certified",R8 feature migration,contract + feature + upgrade tests; no deletion before evidence
eblocker-icapserver/src/main/java/org/eblocker/server/common/pubsub/Subscriber.java,0676c19f42ba732a1fbd7ab8ac1a8e512c20615f,eblocker-icapserver,"retain until replacement parity; inventoried, not semantically certified",R8 feature migration,contract + feature + upgrade tests; no deletion before evidence
eblocker-icapserver/src/main/java/org/eblocker/server/common/recorder/DomainRequestRecorder.java,70f2599ac4df00b813bf712cf3b727c1e650f4a4,eblocker-icapserver,"retain until replacement parity; inventoried, not semantically certified",R8 feature migration,contract + feature + upgrade tests; no deletion before evidence
eblocker-icapserver/src/main/java/org/eblocker/server/common/recorder/RecordedDomainBin.java,2fb39b184d99dd3fbe0c5debaa4381c265551123,eblocker-icapserver,"retain until replacement parity; inventoried, not semantically certified",R8 feature migration,contract + feature + upgrade tests; no deletion before evidence
eblocker-icapserver/src/main/java/org/eblocker/server/common/recorder/RecordedDomainCounter.java,7feb3879e8e1b41d38fc581e6b85c138256d0d88,eblocker-icapserver,"retain until replacement parity; inventoried, not semantically certified",R8 feature migration,contract + feature + upgrade tests; no deletion before evidence
eblocker-icapserver/src/main/java/org/eblocker/server/common/recorder/RecordedTransaction.java,c969b9faf9208857510c03eed3aef455ca7d30ff,eblocker-icapserver,"retain until replacement parity; inventoried, not semantically certified",R8 feature migration,contract + feature + upgrade tests; no deletion before evidence
eblocker-icapserver/src/main/java/org/eblocker/server/common/recorder/TransactionRecorder.java,75a980aa915d5ec696cb0c1238d39763d9cf5bf7,eblocker-icapserver,"retain until replacement parity; inventoried, not semantically certified",R8 feature migration,contract + feature + upgrade tests; no deletion before evidence
eblocker-icapserver/src/main/java/org/eblocker/server/common/recorder/TransactionRecorderInfo.java,2e520af3a0d95ca08d8cd68939dbb3426234eb74,eblocker-icapserver,"retain until replacement parity; inventoried, not semantically certified",R8 feature migration,contract + feature + upgrade tests; no deletion before evidence
eblocker-icapserver/src/main/java/org/eblocker/server/common/registration/DeviceRegistrationClient.java,42756b79f83020dc733b0425175b286103886317,eblocker-icapserver,"retain until replacement parity; inventoried, not semantically certified",R8 feature migration,contract + feature + upgrade tests; no deletion before evidence
eblocker-icapserver/src/main/java/org/eblocker/server/common/registration/DeviceRegistrationExport.java,c04f08f57c3b4500673a977624adc8e4ed065b67,eblocker-icapserver,"retain until replacement parity; inventoried, not semantically certified",R8 feature migration,contract + feature + upgrade tests; no deletion before evidence
eblocker-icapserver/src/main/java/org/eblocker/server/common/registration/DeviceRegistrationInfo.java,8d1ac37806e6dc084cfdec022d1d547e3ca94149,eblocker-icapserver,"retain until replacement parity; inventoried, not semantically certified",R8 feature migration,contract + feature + upgrade tests; no deletion before evidence
eblocker-icapserver/src/main/java/org/eblocker/server/common/registration/DeviceRegistrationLicenseState.java,33070a58ddf331a1987ed055a9fec6c22849d66e,eblocker-icapserver,"retain until replacement parity; inventoried, not semantically certified",R8 feature migration,contract + feature + upgrade tests; no deletion before evidence
eblocker-icapserver/src/main/java/org/eblocker/server/common/registration/DeviceRegistrationLicenseStateImpl.java,50304b88258fec37202a4f7ccfc50c6275a2bc77,eblocker-icapserver,"retain until replacement parity; inventoried, not semantically certified",R8 feature migration,contract + feature + upgrade tests; no deletion before evidence
eblocker-icapserver/src/main/java/org/eblocker/server/common/registration/DeviceRegistrationProperties.java,f52d0806fdacdb967a16b1a8a898ad0ac15c8efe,eblocker-icapserver,"retain until replacement parity; inventoried, not semantically certified",R8 feature migration,contract + feature + upgrade tests; no deletion before evidence
eblocker-icapserver/src/main/java/org/eblocker/server/common/registration/LicenseExpirationService.java,9c123fc76e227b5470bfc805461d77c4fba59f94,eblocker-icapserver,"retain until replacement parity; inventoried, not semantically certified",R8 feature migration,contract + feature + upgrade tests; no deletion before evidence
eblocker-icapserver/src/main/java/org/eblocker/server/common/registration/RegistrationState.java,d95f8111af2f4a4278eff32d4eaabca085126a97,eblocker-icapserver,"retain until replacement parity; inventoried, not semantically certified",R8 feature migration,contract + feature + upgrade tests; no deletion before evidence
eblocker-icapserver/src/main/java/org/eblocker/server/common/scheduler/AbstractScheduler.java,c8a84a3c588c5954d5d4d69300534ce631f778ac,eblocker-icapserver,"retain until replacement parity; inventoried, not semantically certified",R8 feature migration,contract + feature + upgrade tests; no deletion before evidence
eblocker-icapserver/src/main/java/org/eblocker/server/common/scheduler/AppModuleServiceScheduler.java,bc68c97da149a5c54569e9f77b4bc2a084dbea4d,eblocker-icapserver,"retain until replacement parity; inventoried, not semantically certified",R8 feature migration,contract + feature + upgrade tests; no deletion before evidence
eblocker-icapserver/src/main/java/org/eblocker/server/common/scheduler/BlockedDomainsWriteScheduler.java,c69c2b522cb3e4e2c00e0013b25888921670ae5a,eblocker-icapserver,"retain until replacement parity; inventoried, not semantically certified",R8 feature migration,contract + feature + upgrade tests; no deletion before evidence
eblocker-icapserver/src/main/java/org/eblocker/server/common/scheduler/BlockerUpdateScheduler.java,9f82b3e0ac0f028ede418b0c4ca9bd2cbba2c909,eblocker-icapserver,"retain until replacement parity; inventoried, not semantically certified",R8 feature migration,contract + feature + upgrade tests; no deletion before evidence
eblocker-icapserver/src/main/java/org/eblocker/server/common/scheduler/ContentFilterUpdateScheduler.java,5a824e73d340d1f28d3bdeee1d0eeacedcc72d38,eblocker-icapserver,"retain until replacement parity; inventoried, not semantically certified",R8 feature migration,contract + feature + upgrade tests; no deletion before evidence
eblocker-icapserver/src/main/java/org/eblocker/server/common/scheduler/DeviceServiceScheduler.java,33e819dbe31dce92361708355aa1cbb33162f8d1,eblocker-icapserver,"retain until replacement parity; inventoried, not semantically certified",R8 feature migration,contract + feature + upgrade tests; no deletion before evidence
eblocker-icapserver/src/main/java/org/eblocker/server/common/scheduler/DnsGatewayNamesScheduler.java,cb46edfffce989420ab8bd31fff9731e35aea7d6,eblocker-icapserver,"retain until replacement parity; inventoried, not semantically certified",R8 feature migration,contract + feature + upgrade tests; no deletion before evidence
eblocker-icapserver/src/main/java/org/eblocker/server/common/scheduler/DnsStatisticsScheduler.java,f1cd10ba6f2377d8a94837c87197e9c181b0845b,eblocker-icapserver,"retain until replacement parity; inventoried, not semantically certified",R8 feature migration,contract + feature + upgrade tests; no deletion before evidence
eblocker-icapserver/src/main/java/org/eblocker/server/common/scheduler/DynDnsUpdateScheduler.java,1cc7b957a01215e9e48fff402403791011ade343,eblocker-icapserver,"retain until replacement parity; inventoried, not semantically certified",R8 feature migration,contract + feature + upgrade tests; no deletion before evidence
eblocker-icapserver/src/main/java/org/eblocker/server/common/scheduler/FilterManagerScheduler.java,2de54e37abda139eefce4a5e22d2d684658f7963,eblocker-icapserver,"retain until replacement parity; inventoried, not semantically certified",R8 feature migration,contract + feature + upgrade tests; no deletion before evidence
eblocker-icapserver/src/main/java/org/eblocker/server/common/scheduler/FilterStatisticsDeleteScheduler.java,70e8a5c3ecf0552bfc4f8ca380572a9c451c115d,eblocker-icapserver,"retain until replacement parity; inventoried, not semantically certified",R8 feature migration,contract + feature + upgrade tests; no deletion before evidence
eblocker-icapserver/src/main/java/org/eblocker/server/common/scheduler/FilterStatisticsUpdateScheduler.java,ccd0c2be17cee0d69b68aa86b654c7beeadca7f7,eblocker-icapserver,"retain until replacement parity; inventoried, not semantically certified",R8 feature migration,contract + feature + upgrade tests; no deletion before evidence
eblocker-icapserver/src/main/java/org/eblocker/server/common/scheduler/FixedDelayScheduler.java,67280e2b5d2f11c1860e609c45d7342e56686779,eblocker-icapserver,"retain until replacement parity; inventoried, not semantically certified",R8 feature migration,contract + feature + upgrade tests; no deletion before evidence
eblocker-icapserver/src/main/java/org/eblocker/server/common/scheduler/FixedRateScheduler.java,9546804bbf271d2b75cca9275d0b9ddc4f4c0be7,eblocker-icapserver,"retain until replacement parity; inventoried, not semantically certified",R8 feature migration,contract + feature + upgrade tests; no deletion before evidence
eblocker-icapserver/src/main/java/org/eblocker/server/common/scheduler/InitialDelayOnlyScheduler.java,1d81c3f5773b74350d75858909e94f9def3e64ea,eblocker-icapserver,"retain until replacement parity; inventoried, not semantically certified",R8 feature migration,contract + feature + upgrade tests; no deletion before evidence
eblocker-icapserver/src/main/java/org/eblocker/server/common/scheduler/Ip6MulticastPingScheduler.java,e24d647e88e060d46c6a93dbe77cddbf00147a48,eblocker-icapserver,"retain until replacement parity; inventoried, not semantically certified",R8 feature migration,contract + feature + upgrade tests; no deletion before evidence
eblocker-icapserver/src/main/java/org/eblocker/server/common/scheduler/Ip6RouterAdvertiserScheduler.java,5ff90b2fe56e18b6d824f460113cd8f6b1a2769c,eblocker-icapserver,"retain until replacement parity; inventoried, not semantically certified",R8 feature migration,contract + feature + upgrade tests; no deletion before evidence
eblocker-icapserver/src/main/java/org/eblocker/server/common/scheduler/IpAdressValidatorScheduler.java,aed978e1e2fbf39309de9c96753ecf297d136d6c,eblocker-icapserver,"retain until replacement parity; inventoried, not semantically certified",R8 feature migration,contract + feature + upgrade tests; no deletion before evidence
eblocker-icapserver/src/main/java/org/eblocker/server/common/scheduler/LicenseExpirationCheckScheduler.java,33f8b651c4251128ca21369165733bb34048cb71,eblocker-icapserver,"retain until replacement parity; inventoried, not semantically certified",R8 feature migration,contract + feature + upgrade tests; no deletion before evidence
eblocker-icapserver/src/main/java/org/eblocker/server/common/scheduler/MalwareUpdateScheduler.java,fd5ac9f58d11c474a9a001aaddfff493b2584240,eblocker-icapserver,"retain until replacement parity; inventoried, not semantically certified",R8 feature migration,contract + feature + upgrade tests; no deletion before evidence
eblocker-icapserver/src/main/java/org/eblocker/server/common/scheduler/MessageCenterServiceScheduler.java,3c41b4a269f1b8a148fa78177b337feb8a91f34d,eblocker-icapserver,"retain until replacement parity; inventoried, not semantically certified",R8 feature migration,contract + feature + upgrade tests; no deletion before evidence
eblocker-icapserver/src/main/java/org/eblocker/server/common/scheduler/OpenVpnServiceScheduler.java,9d87797cda653afcdc3a04a94ec9cb8350d70225,eblocker-icapserver,"retain until replacement parity; inventoried, not semantically certified",R8 feature migration,contract + feature + upgrade tests; no deletion before evidence
eblocker-icapserver/src/main/java/org/eblocker/server/common/scheduler/PCAccessRestrictionsServiceScheduler.java,e12ff1d4acedc274c2ca622fa052004d7f645ae2,eblocker-icapserver,"retain until replacement parity; inventoried, not semantically certified",R8 feature migration,contract + feature + upgrade tests; no deletion before evidence
eblocker-icapserver/src/main/java/org/eblocker/server/common/scheduler/ProblematicRouterDetectionScheduler.java,290dee8b22ce55eefc907e1bb2ba44c90c97eb35,eblocker-icapserver,"retain until replacement parity; inventoried, not semantically certified",R8 feature migration,contract + feature + upgrade tests; no deletion before evidence
eblocker-icapserver/src/main/java/org/eblocker/server/common/scheduler/RecordedDomainsWriteScheduler.java,d38c794a83c566b8e2c841be5f9f393a28034638,eblocker-icapserver,"retain until replacement parity; inventoried, not semantically certified",R8 feature migration,contract + feature + upgrade tests; no deletion before evidence
eblocker-icapserver/src/main/java/org/eblocker/server/common/scheduler/Scheduler.java,60dbdae65c0618b9994922d77a5e3a1e241167a7,eblocker-icapserver,"retain until replacement parity; inventoried, not semantically certified",R8 feature migration,contract + feature + upgrade tests; no deletion before evidence
eblocker-icapserver/src/main/java/org/eblocker/server/common/scheduler/SessionPurgerScheduler.java,da9dff2838ef5bee9ae3b2b0dfbbdf333e0062a3,eblocker-icapserver,"retain until replacement parity; inventoried, not semantically certified",R8 feature migration,contract + feature + upgrade tests; no deletion before evidence
eblocker-icapserver/src/main/java/org/eblocker/server/common/scheduler/StartupTaskScheduler.java,8ec08a91b4c582ea4b97eccb4ac21f227732676d,eblocker-icapserver,"retain until replacement parity; inventoried, not semantically certified",R8 feature migration,contract + feature + upgrade tests; no deletion before evidence
eblocker-icapserver/src/main/java/org/eblocker/server/common/scheduler/TrafficAccounterScheduler.java,4e9662b938f10ac20b4cbf78b0683bc21b11914b,eblocker-icapserver,"retain until replacement parity; inventoried, not semantically certified",R8 feature migration,contract + feature + upgrade tests; no deletion before evidence
eblocker-icapserver/src/main/java/org/eblocker/server/common/scheduler/UpnpWatchdogScheduler.java,25b1703f60c7a9f7ff6f5b5e19acc57c78db28e0,eblocker-icapserver,"retain until replacement parity; inventoried, not semantically certified",R8 feature migration,contract + feature + upgrade tests; no deletion before evidence
eblocker-icapserver/src/main/java/org/eblocker/server/common/service/DomainRecordingService.java,c84d81bb0899a354a483247324b21f93dd990ba9,eblocker-icapserver,"retain until replacement parity; inventoried, not semantically certified",R8 feature migration,contract + feature + upgrade tests; no deletion before evidence
eblocker-icapserver/src/main/java/org/eblocker/server/common/service/FeatureService.java,8cd92c31022195a924a6e87c6c34f5c61112d6a7,eblocker-icapserver,"retain until replacement parity; inventoried, not semantically certified",R8 feature migration,contract + feature + upgrade tests; no deletion before evidence
eblocker-icapserver/src/main/java/org/eblocker/server/common/service/FeatureServiceMessage.java,d3c909e29b4f0b065f13e89628b0c5b697a4ca00,eblocker-icapserver,"retain until replacement parity; inventoried, not semantically certified",R8 feature migration,contract + feature + upgrade tests; no deletion before evidence
eblocker-icapserver/src/main/java/org/eblocker/server/common/service/FeatureServicePublisher.java,8069a2cfe5fef7d4e722ba592ce73f8934a49b4b,eblocker-icapserver,"retain until replacement parity; inventoried, not semantically certified",R8 feature migration,contract + feature + upgrade tests; no deletion before evidence
eblocker-icapserver/src/main/java/org/eblocker/server/common/service/FeatureServiceSubscriber.java,5bb2110b90f5aa7777aa805dd3d15fc674325c93,eblocker-icapserver,"retain until replacement parity; inventoried, not semantically certified",R8 feature migration,contract + feature + upgrade tests; no deletion before evidence
eblocker-icapserver/src/main/java/org/eblocker/server/common/service/FeatureToggleRouter.java,0e165ae875419b7bfe38f447e245318d161ac938,eblocker-icapserver,"retain until replacement parity; inventoried, not semantically certified",R8 feature migration,contract + feature + upgrade tests; no deletion before evidence
eblocker-icapserver/src/main/java/org/eblocker/server/common/service/FilterStatisticsService.java,38f5bd0516efa9d67cf09a77e573d6ecc59632a8,eblocker-icapserver,"retain until replacement parity; inventoried, not semantically certified",R8 feature migration,contract + feature + upgrade tests; no deletion before evidence
eblocker-icapserver/src/main/java/org/eblocker/server/common/session/ForwardDecisionStore.java,d396c45c5d1d38e0aa2d3ceda780091c51a75a99,eblocker-icapserver,"retain until replacement parity; inventoried, not semantically certified",R8 feature migration,contract + feature + upgrade tests; no deletion before evidence
eblocker-icapserver/src/main/java/org/eblocker/server/common/session/Session.java,070ab08a920054f181089ed6f62ad558265b64ee,eblocker-icapserver,"retain until replacement parity; inventoried, not semantically certified",R8 feature migration,contract + feature + upgrade tests; no deletion before evidence
eblocker-icapserver/src/main/java/org/eblocker/server/common/session/SessionIdUtil.java,dec89d54c33c75d3d198b5c36b046869e93a7d9f,eblocker-icapserver,"retain until replacement parity; inventoried, not semantically certified",R8 feature migration,contract + feature + upgrade tests; no deletion before evidence
eblocker-icapserver/src/main/java/org/eblocker/server/common/session/SessionIdentifier.java,fe971f111934cc12f4735dcb5499f745237c3142,eblocker-icapserver,"retain until replacement parity; inventoried, not semantically certified",R8 feature migration,contract + feature + upgrade tests; no deletion before evidence
eblocker-icapserver/src/main/java/org/eblocker/server/common/session/SessionImpl.java,683b989333af8158c96905ed02a8fb56d2f1cff1,eblocker-icapserver,"retain until replacement parity; inventoried, not semantically certified",R8 feature migration,contract + feature + upgrade tests; no deletion before evidence
eblocker-icapserver/src/main/java/org/eblocker/server/common/session/SessionPurger.java,2ed06e0350c9993eb64ee69a4287f22f6aeb75bc,eblocker-icapserver,"retain until replacement parity; inventoried, not semantically certified",R8 feature migration,contract + feature + upgrade tests; no deletion before evidence
eblocker-icapserver/src/main/java/org/eblocker/server/common/session/SessionStore.java,42038bef6317987d920d9565e001b7602e924a46,eblocker-icapserver,"retain until replacement parity; inventoried, not semantically certified",R8 feature migration,contract + feature + upgrade tests; no deletion before evidence
eblocker-icapserver/src/main/java/org/eblocker/server/common/session/UserAgentInfo.java,538ec94e97365a60be009042b98be3cf7ab3ec2b,eblocker-icapserver,"retain until replacement parity; inventoried, not semantically certified",R8 feature migration,contract + feature + upgrade tests; no deletion before evidence
eblocker-icapserver/src/main/java/org/eblocker/server/common/squid/FailedConnection.java,fb68dacef7942f404d283bb852db965e2415c400,eblocker-icapserver,"retain until replacement parity; inventoried, not semantically certified",R8 feature migration,contract + feature + upgrade tests; no deletion before evidence
eblocker-icapserver/src/main/java/org/eblocker/server/common/squid/FailedConnectionLogEntry.java,6b4dbb81a0d21279b0c0cc675a740a7cb90a2503,eblocker-icapserver,"retain until replacement parity; inventoried, not semantically certified",R8 feature migration,contract + feature + upgrade tests; no deletion before evidence
eblocker-icapserver/src/main/java/org/eblocker/server/common/squid/FailedConnectionsEntity.java,aab3f297eebda5323718455ec7701b356556e8b5,eblocker-icapserver,"retain until replacement parity; inventoried, not semantically certified",R8 feature migration,contract + feature + upgrade tests; no deletion before evidence
eblocker-icapserver/src/main/java/org/eblocker/server/common/squid/SquidCacheLogReader.java,c4b402e9d3aa6cce6315bc53b9a0e837a8cb8753,eblocker-icapserver,"retain until replacement parity; inventoried, not semantically certified",R8 feature migration,contract + feature + upgrade tests; no deletion before evidence
eblocker-icapserver/src/main/java/org/eblocker/server/common/squid/SquidConfigController.java,4b77606983ee7de34db2ba8efc59d3e05d28c7ee,eblocker-icapserver,"retain until replacement parity; inventoried, not semantically certified",R8 feature migration,contract + feature + upgrade tests; no deletion before evidence
eblocker-icapserver/src/main/java/org/eblocker/server/common/squid/SquidReloadingService.java,b218ec4d9baf309c6381693b4c54f463e104bb4b,eblocker-icapserver,"retain until replacement parity; inventoried, not semantically certified",R8 feature migration,contract + feature + upgrade tests; no deletion before evidence
eblocker-icapserver/src/main/java/org/eblocker/server/common/squid/SquidWarningService.java,9f2d4f99d4759ffdf2d056a883b4bf2596424bdb,eblocker-icapserver,"retain until replacement parity; inventoried, not semantically certified",R8 feature migration,contract + feature + upgrade tests; no deletion before evidence
eblocker-icapserver/src/main/java/org/eblocker/server/common/squid/acl/ConfigurableDeviceFilterAcl.java,0360416221649dc35469aaab6ec73a3c61c3fa54,eblocker-icapserver,"retain until replacement parity; inventoried, not semantically certified",R8 feature migration,contract + feature + upgrade tests; no deletion before evidence
eblocker-icapserver/src/main/java/org/eblocker/server/common/squid/acl/ConfigurableDeviceFilterAclFactory.java,41307e17e8ca2dc21caec0956e430147678839b0,eblocker-icapserver,"retain until replacement parity; inventoried, not semantically certified",R8 feature migration,contract + feature + upgrade tests; no deletion before evidence
eblocker-icapserver/src/main/java/org/eblocker/server/common/squid/acl/DeviceFilterAcl.java,1ae47a1cfaa75f251a1136dce23c4661c3c74bcc,eblocker-icapserver,"retain until replacement parity; inventoried, not semantically certified",R8 feature migration,contract + feature + upgrade tests; no deletion before evidence
eblocker-icapserver/src/main/java/org/eblocker/server/common/squid/acl/DevicePredicateFilterAcl.java,3945fc800e68d34a3162b851b5c7ceb3cb0c7a50,eblocker-icapserver,"retain until replacement parity; inventoried, not semantically certified",R8 feature migration,contract + feature + upgrade tests; no deletion before evidence
eblocker-icapserver/src/main/java/org/eblocker/server/common/squid/acl/SquidAcl.java,1d92aacb86c9c916866c1fae0c2ccc6da68d4594,eblocker-icapserver,"retain until replacement parity; inventoried, not semantically certified",R8 feature migration,contract + feature + upgrade tests; no deletion before evidence
eblocker-icapserver/src/main/java/org/eblocker/server/common/squid/acl/SquidAclModule.java,c9e12ce17347eb5fde9f5694824fa0f9db4932f3,eblocker-icapserver,"retain until replacement parity; inventoried, not semantically certified",R8 feature migration,contract + feature + upgrade tests; no deletion before evidence
eblocker-icapserver/src/main/java/org/eblocker/server/common/ssl/EblockerCa.java,8ead7d1aa372d785c274efbbf2a16df9aed722ee,eblocker-icapserver,"retain until replacement parity; inventoried, not semantically certified",R8 feature migration,contract + feature + upgrade tests; no deletion before evidence
eblocker-icapserver/src/main/java/org/eblocker/server/common/ssl/GeneratingKeyManager.java,d8b586aa21229e38b944d8641868acf7649342d4,eblocker-icapserver,"retain until replacement parity; inventoried, not semantically certified",R8 feature migration,contract + feature + upgrade tests; no deletion before evidence
eblocker-icapserver/src/main/java/org/eblocker/server/common/ssl/PkiException.java,57a7af717d0560795e08c7157df52aacd74d718c,eblocker-icapserver,"retain until replacement parity; inventoried, not semantically certified",R8 feature migration,contract + feature + upgrade tests; no deletion before evidence
eblocker-icapserver/src/main/java/org/eblocker/server/common/ssl/SslCertificateClientInstallationTracker.java,c8e124385db94ad27f07fc9b587a7c3abda91fa6,eblocker-icapserver,"retain until replacement parity; inventoried, not semantically certified",R8 feature migration,contract + feature + upgrade tests; no deletion before evidence
eblocker-icapserver/src/main/java/org/eblocker/server/common/ssl/SslService.java,0acf55f8558b218cb96e373e55afb715d6f42c15,eblocker-icapserver,"retain until replacement parity; inventoried, not semantically certified",R8 feature migration,contract + feature + upgrade tests; no deletion before evidence
eblocker-icapserver/src/main/java/org/eblocker/server/common/ssl/SslTestListeners.java,75a33b7efb14a25c2aea3ec313e69226792f7d77,eblocker-icapserver,"retain until replacement parity; inventoried, not semantically certified",R8 feature migration,contract + feature + upgrade tests; no deletion before evidence
eblocker-icapserver/src/main/java/org/eblocker/server/common/ssl/SslTestRequestHandler.java,ee3e9b018c5fad01fa0ff5796f4bee72631a0d40,eblocker-icapserver,"retain until replacement parity; inventoried, not semantically certified",R8 feature migration,contract + feature + upgrade tests; no deletion before evidence
eblocker-icapserver/src/main/java/org/eblocker/server/common/ssl/SslTestRequestHandlerFactory.java,3245b1025f20efef02de2a777d453256228894a6,eblocker-icapserver,"retain until replacement parity; inventoried, not semantically certified",R8 feature migration,contract + feature + upgrade tests; no deletion before evidence
eblocker-icapserver/src/main/java/org/eblocker/server/common/startup/StartupContractViolation.java,82add1f96adb41801ff8b1877b3fbfb9f1c849c1,eblocker-icapserver,"retain until replacement parity; inventoried, not semantically certified",R8 feature migration,contract + feature + upgrade tests; no deletion before evidence
eblocker-icapserver/src/main/java/org/eblocker/server/common/startup/SubSystemInit.java,39450a6b7be00b4ca9816092992eec1211266c0f,eblocker-icapserver,"retain until replacement parity; inventoried, not semantically certified",R8 feature migration,contract + feature + upgrade tests; no deletion before evidence
eblocker-icapserver/src/main/java/org/eblocker/server/common/startup/SubSystemService.java,3a466ce594f514d897fa0da66554ff6d318c3d85,eblocker-icapserver,"retain until replacement parity; inventoried, not semantically certified",R8 feature migration,contract + feature + upgrade tests; no deletion before evidence
eblocker-icapserver/src/main/java/org/eblocker/server/common/startup/SubSystemServiceIndex.java,a1471ef2d72a6f90d28a8e94c9a9727e06433f4d,eblocker-icapserver,"retain until replacement parity; inventoried, not semantically certified",R8 feature migration,contract + feature + upgrade tests; no deletion before evidence
eblocker-icapserver/src/main/java/org/eblocker/server/common/startup/SubSystemShutdown.java,2196895d617f42734c3309d34f8fd6da01724e6e,eblocker-icapserver,"retain until replacement parity; inventoried, not semantically certified",R8 feature migration,contract + feature + upgrade tests; no deletion before evidence
eblocker-icapserver/src/main/java/org/eblocker/server/common/startup/SubSystemUsageInterceptor.java,6d3378ed9987ca9f499a950f4475ef999d16d5e6,eblocker-icapserver,"retain until replacement parity; inventoried, not semantically certified",R8 feature migration,contract + feature + upgrade tests; no deletion before evidence
eblocker-icapserver/src/main/java/org/eblocker/server/common/status/DatabaseFailureException.java,48c735db4ba7cd3cc2b8da512052a2371f76ac67,eblocker-icapserver,"retain until replacement parity; inventoried, not semantically certified",R8 feature migration,contract + feature + upgrade tests; no deletion before evidence
eblocker-icapserver/src/main/java/org/eblocker/server/common/status/ErrorMessage.java,740e840e22ff3c99412304fc0cbcdbb624f3f3cf,eblocker-icapserver,"retain until replacement parity; inventoried, not semantically certified",R8 feature migration,contract + feature + upgrade tests; no deletion before evidence
eblocker-icapserver/src/main/java/org/eblocker/server/common/status/Message.java,e2731ad953b261d16b7f319dac54a02658fcac8f,eblocker-icapserver,"retain until replacement parity; inventoried, not semantically certified",R8 feature migration,contract + feature + upgrade tests; no deletion before evidence
eblocker-icapserver/src/main/java/org/eblocker/server/common/status/MessageStatus.java,4dc86a4620afa136a2892a1d90adb1eaf8328a7d,eblocker-icapserver,"retain until replacement parity; inventoried, not semantically certified",R8 feature migration,contract + feature + upgrade tests; no deletion before evidence
eblocker-icapserver/src/main/java/org/eblocker/server/common/status/StartupStatusReporter.java,294aabeaa4abf99a5c15b9c38789d1d9fe70d6a2,eblocker-icapserver,"retain until replacement parity; inventoried, not semantically certified",R8 feature migration,contract + feature + upgrade tests; no deletion before evidence
eblocker-icapserver/src/main/java/org/eblocker/server/common/status/URLMessage.java,031fcacbd1effdf5efb7f3ee4276e4f69f4ede00,eblocker-icapserver,"retain until replacement parity; inventoried, not semantically certified",R8 feature migration,contract + feature + upgrade tests; no deletion before evidence
eblocker-icapserver/src/main/java/org/eblocker/server/common/system/CommandRunner.java,ba9115c9a6359e1548d41c0cdd0cdaef1433afe6,eblocker-icapserver,"retain until replacement parity; inventoried, not semantically certified",R8 feature migration,contract + feature + upgrade tests; no deletion before evidence
eblocker-icapserver/src/main/java/org/eblocker/server/common/system/LoggingProcess.java,ce5f994caaaecc043f827a7fdd477eebd4efc897,eblocker-icapserver,"retain until replacement parity; inventoried, not semantically certified",R8 feature migration,contract + feature + upgrade tests; no deletion before evidence
eblocker-icapserver/src/main/java/org/eblocker/server/common/system/ScriptRunner.java,3d8d9e749f5ba794d6c6cd4c38ecb4d28f985ac4,eblocker-icapserver,"retain until replacement parity; inventoried, not semantically certified",R8 feature migration,contract + feature + upgrade tests; no deletion before evidence
eblocker-icapserver/src/main/java/org/eblocker/server/common/system/SystemRequirements.java,9e5e42eed8ad58fd7c3531261af010cc254db0c8,eblocker-icapserver,"retain until replacement parity; inventoried, not semantically certified",R8 feature migration,contract + feature + upgrade tests; no deletion before evidence
eblocker-icapserver/src/main/java/org/eblocker/server/common/system/unix/CommandRunnerUnix.java,5a9ab042d2e4b205e4a17410692791e930c27a68,eblocker-icapserver,"retain until replacement parity; inventoried, not semantically certified",R8 feature migration,contract + feature + upgrade tests; no deletion before evidence
eblocker-icapserver/src/main/java/org/eblocker/server/common/system/unix/LoggingProcessUnix.java,495c6366e18f1f71a0ceb9a81d9f39ee933e511c,eblocker-icapserver,"retain until replacement parity; inventoried, not semantically certified",R8 feature migration,contract + feature + upgrade tests; no deletion before evidence
eblocker-icapserver/src/main/java/org/eblocker/server/common/system/unix/ScriptRunnerUnix.java,b4fa0606fbc5e7a38e991192af43403d79e4833a,eblocker-icapserver,"retain until replacement parity; inventoried, not semantically certified",R8 feature migration,contract + feature + upgrade tests; no deletion before evidence
eblocker-icapserver/src/main/java/org/eblocker/server/common/transaction/Decision.java,a56d6fdab421fb00f8fe946e15a4f27d4e679912,eblocker-icapserver,"retain until replacement parity; inventoried, not semantically certified",R8 feature migration,contract + feature + upgrade tests; no deletion before evidence
eblocker-icapserver/src/main/java/org/eblocker/server/common/transaction/ImmutableTransactionContext.java,c2c613d502beb79587d844da9dc1b0f3fb4293b3,eblocker-icapserver,"retain until replacement parity; inventoried, not semantically certified",R8 feature migration,contract + feature + upgrade tests; no deletion before evidence
eblocker-icapserver/src/main/java/org/eblocker/server/common/transaction/TransactionCache.java,8dd9a54d1c1a15e16418ca45181dadd53a56457b,eblocker-icapserver,"retain until replacement parity; inventoried, not semantically certified",R8 feature migration,contract + feature + upgrade tests; no deletion before evidence
eblocker-icapserver/src/main/java/org/eblocker/server/common/transaction/TransactionContext.java,d053e1e119a88b796939f0010ccdbf7032e1b9e0,eblocker-icapserver,"retain until replacement parity; inventoried, not semantically certified",R8 feature migration,contract + feature + upgrade tests; no deletion before evidence
eblocker-icapserver/src/main/java/org/eblocker/server/common/transaction/TransactionIdentifier.java,39c4043ede3e10fb8b457326a5cceaa6faa0c149,eblocker-icapserver,"retain until replacement parity; inventoried, not semantically certified",R8 feature migration,contract + feature + upgrade tests; no deletion before evidence
eblocker-icapserver/src/main/java/org/eblocker/server/common/update/AutomaticUpdater.java,bad64ea00e77c241081ea2bfb6bf82f679386d65,eblocker-icapserver,"retain until replacement parity; inventoried, not semantically certified",R8 feature migration,contract + feature + upgrade tests; no deletion before evidence
eblocker-icapserver/src/main/java/org/eblocker/server/common/update/AutomaticUpdaterConfiguration.java,3a257055f6014c76bb4988be502a038721c63bf1,eblocker-icapserver,"retain until replacement parity; inventoried, not semantically certified",R8 feature migration,contract + feature + upgrade tests; no deletion before evidence
eblocker-icapserver/src/main/java/org/eblocker/server/common/update/ControlBarAliasUpdater.java,64c666b619ef05ef04bed4e527823ef93302c324,eblocker-icapserver,"retain until replacement parity; inventoried, not semantically certified",R8 feature migration,contract + feature + upgrade tests; no deletion before evidence
eblocker-icapserver/src/main/java/org/eblocker/server/common/update/DebianUpdater.java,59eec5ccddd95cd1a323ea5fc6b3752b5e26cb72,eblocker-icapserver,"retain until replacement parity; inventoried, not semantically certified",R8 feature migration,contract + feature + upgrade tests; no deletion before evidence
eblocker-icapserver/src/main/java/org/eblocker/server/common/update/SystemUpdater.java,171f5020749b776c948af02d3181b3c5b5cebc05,eblocker-icapserver,"retain until replacement parity; inventoried, not semantically certified",R8 feature migration,contract + feature + upgrade tests; no deletion before evidence
eblocker-icapserver/src/main/java/org/eblocker/server/common/update/UpdateStatusObserver.java,29a2ab68d6895f8edbf6027fc7019fe9471b746e,eblocker-icapserver,"retain until replacement parity; inventoried, not semantically certified",R8 feature migration,contract + feature + upgrade tests; no deletion before evidence
eblocker-icapserver/src/main/java/org/eblocker/server/common/util/ByteArrays.java,6abfa48a46cfc918cb92a9e80219fbd43e67734f,eblocker-icapserver,"retain until replacement parity; inventoried, not semantically certified",R8 feature migration,contract + feature + upgrade tests; no deletion before evidence
eblocker-icapserver/src/main/java/org/eblocker/server/common/util/DateUtil.java,85d54802f2783cc3408594f9591237679891b448,eblocker-icapserver,"retain until replacement parity; inventoried, not semantically certified",R8 feature migration,contract + feature + upgrade tests; no deletion before evidence
eblocker-icapserver/src/main/java/org/eblocker/server/common/util/FileUtils.java,d3f3b2310e3d7cb648b5608d3137a4aac5c774f6,eblocker-icapserver,"retain until replacement parity; inventoried, not semantically certified",R8 feature migration,contract + feature + upgrade tests; no deletion before evidence
eblocker-icapserver/src/main/java/org/eblocker/server/common/util/FilterModeUtils.java,7fd6b2bf0b0d303a9d501831555be4584cf98bee,eblocker-icapserver,"retain until replacement parity; inventoried, not semantically certified",R8 feature migration,contract + feature + upgrade tests; no deletion before evidence
eblocker-icapserver/src/main/java/org/eblocker/server/common/util/HtmlUtils.java,af593a20edac30a1a2a6933edeab22c1968a9f3e,eblocker-icapserver,"retain until replacement parity; inventoried, not semantically certified",R8 feature migration,contract + feature + upgrade tests; no deletion before evidence
eblocker-icapserver/src/main/java/org/eblocker/server/common/util/HttpClient.java,fcfafe73f891e116b8b8d0e1837de53e76672556,eblocker-icapserver,"retain until replacement parity; inventoried, not semantically certified",R8 feature migration,contract + feature + upgrade tests; no deletion before evidence
eblocker-icapserver/src/main/java/org/eblocker/server/common/util/Ip4Utils.java,c1b1e8e01a1fefeebb5da64c831de8b206f0c69f,eblocker-icapserver,"retain until replacement parity; inventoried, not semantically certified",R8 feature migration,contract + feature + upgrade tests; no deletion before evidence
eblocker-icapserver/src/main/java/org/eblocker/server/common/util/Ip6Utils.java,642d056872771ad90c52dd49d8aca4e062015cec,eblocker-icapserver,"retain until replacement parity; inventoried, not semantically certified",R8 feature migration,contract + feature + upgrade tests; no deletion before evidence
eblocker-icapserver/src/main/java/org/eblocker/server/common/util/IpUtils.java,b735041a11c32b48ceaf9f17ef06ff558f3f4e3a,eblocker-icapserver,"retain until replacement parity; inventoried, not semantically certified",R8 feature migration,contract + feature + upgrade tests; no deletion before evidence
eblocker-icapserver/src/main/java/org/eblocker/server/common/util/Levenshtein.java,f34f0f72ab2293c88e50baabf407a739661a6f0e,eblocker-icapserver,"retain until replacement parity; inventoried, not semantically certified",R8 feature migration,contract + feature + upgrade tests; no deletion before evidence
eblocker-icapserver/src/main/java/org/eblocker/server/common/util/RemainingPause.java,3f08b0523df78fb1bd6b2a61bf6d8026db71879a,eblocker-icapserver,"retain until replacement parity; inventoried, not semantically certified",R8 feature migration,contract + feature + upgrade tests; no deletion before evidence
eblocker-icapserver/src/main/java/org/eblocker/server/common/util/ResourceUtil.java,77bc336947c317a7ae1e2ba3f9339f5f4830e61f,eblocker-icapserver,"retain until replacement parity; inventoried, not semantically certified",R8 feature migration,contract + feature + upgrade tests; no deletion before evidence
eblocker-icapserver/src/main/java/org/eblocker/server/common/util/StartRecordingRequestData.java,a28d7b64fc5383c4868a2e8ede26bcff97fff305,eblocker-icapserver,"retain until replacement parity; inventoried, not semantically certified",R8 feature migration,contract + feature + upgrade tests; no deletion before evidence
eblocker-icapserver/src/main/java/org/eblocker/server/common/util/StartupTask.java,4497b65a8f8296044497ef1134f3d05527a508ca,eblocker-icapserver,"retain until replacement parity; inventoried, not semantically certified",R8 feature migration,contract + feature + upgrade tests; no deletion before evidence
eblocker-icapserver/src/main/java/org/eblocker/server/common/util/StringReplacer.java,db4ef1a411c4535c44059baae5a408232b63f0c7,eblocker-icapserver,"retain until replacement parity; inventoried, not semantically certified",R8 feature migration,contract + feature + upgrade tests; no deletion before evidence
eblocker-icapserver/src/main/java/org/eblocker/server/common/util/TailReader.java,1565cf7bc89c607d9053b701eb1de0a5433ea1f4,eblocker-icapserver,"retain until replacement parity; inventoried, not semantically certified",R8 feature migration,contract + feature + upgrade tests; no deletion before evidence
eblocker-icapserver/src/main/java/org/eblocker/server/common/util/TextLineProvider.java,a1d31d6ca0e3260c3168990cc81127edbe37365c,eblocker-icapserver,"retain until replacement parity; inventoried, not semantically certified",R8 feature migration,contract + feature + upgrade tests; no deletion before evidence
eblocker-icapserver/src/main/java/org/eblocker/server/common/util/UrlUtils.java,84462b687898621878cdc00fc9cc9cf0ce7361b9,eblocker-icapserver,"retain until replacement parity; inventoried, not semantically certified",R8 feature migration,contract + feature + upgrade tests; no deletion before evidence
eblocker-icapserver/src/main/java/org/eblocker/server/http/backup/AppModulesBackup.java,cb138a3cd85ef775b615a2069d945062690e3d85,eblocker-icapserver,"retain until replacement parity; inventoried, not semantically certified",R8 feature migration,contract + feature + upgrade tests; no deletion before evidence
eblocker-icapserver/src/main/java/org/eblocker/server/http/backup/AppModulesBackupProvider.java,9ca75788998b11725b90927bf58b74440bb03070,eblocker-icapserver,"retain until replacement parity; inventoried, not semantically certified",R8 feature migration,contract + feature + upgrade tests; no deletion before evidence
eblocker-icapserver/src/main/java/org/eblocker/server/http/backup/BackupAttributes.java,ef17bbe342fc502ac26d8736466bb224143f3321,eblocker-icapserver,"retain until replacement parity; inventoried, not semantically certified",R8 feature migration,contract + feature + upgrade tests; no deletion before evidence
eblocker-icapserver/src/main/java/org/eblocker/server/http/backup/BackupProvider.java,294e80e6c92c86125587be87aace79dbc2128a9f,eblocker-icapserver,"retain until replacement parity; inventoried, not semantically certified",R8 feature migration,contract + feature + upgrade tests; no deletion before evidence
eblocker-icapserver/src/main/java/org/eblocker/server/http/backup/BackupProviderFactory.java,e5faf7841be98508f77e5881df1af42075a6bbb8,eblocker-icapserver,"retain until replacement parity; inventoried, not semantically certified",R8 feature migration,contract + feature + upgrade tests; no deletion before evidence
eblocker-icapserver/src/main/java/org/eblocker/server/http/backup/BlockersBackup.java,f30301a38624ad03f6666a96f081216fe05b4b7d,eblocker-icapserver,"retain until replacement parity; inventoried, not semantically certified",R8 feature migration,contract + feature + upgrade tests; no deletion before evidence
eblocker-icapserver/src/main/java/org/eblocker/server/http/backup/BlockersBackupProvider.java,a69f64c5d66d62b3033323d5120e7408f5d7c8b0,eblocker-icapserver,"retain until replacement parity; inventoried, not semantically certified",R8 feature migration,contract + feature + upgrade tests; no deletion before evidence
eblocker-icapserver/src/main/java/org/eblocker/server/http/backup/CorruptedBackupException.java,64954deddf7661beae82d2941bc7a4f3730a410e,eblocker-icapserver,"retain until replacement parity; inventoried, not semantically certified",R8 feature migration,contract + feature + upgrade tests; no deletion before evidence
eblocker-icapserver/src/main/java/org/eblocker/server/http/backup/DecryptionFailedException.java,84e7e6f61050c2c97b95d1ef1acbedb333eb975f,eblocker-icapserver,"retain until replacement parity; inventoried, not semantically certified",R8 feature migration,contract + feature + upgrade tests; no deletion before evidence
eblocker-icapserver/src/main/java/org/eblocker/server/http/backup/DevicesLegacyBackupProvider.java,03b666ecf09a72acb90ea32afd4cef10b8529501,eblocker-icapserver,"retain until replacement parity; inventoried, not semantically certified",R8 feature migration,contract + feature + upgrade tests; no deletion before evidence
eblocker-icapserver/src/main/java/org/eblocker/server/http/backup/DnsBackup.java,b89169feb4d498413629eb164bf90914d9fcdd5a,eblocker-icapserver,"retain until replacement parity; inventoried, not semantically certified",R8 feature migration,contract + feature + upgrade tests; no deletion before evidence
eblocker-icapserver/src/main/java/org/eblocker/server/http/backup/DnsBackupProvider.java,70e3fdf582760932775c1df327cd51ee231569db,eblocker-icapserver,"retain until replacement parity; inventoried, not semantically certified",R8 feature migration,contract + feature + upgrade tests; no deletion before evidence
eblocker-icapserver/src/main/java/org/eblocker/server/http/backup/EncryptedContainer.java,7d864eace86dc418dc02a8748287ff5b139f3990,eblocker-icapserver,"retain until replacement parity; inventoried, not semantically certified",R8 feature migration,contract + feature + upgrade tests; no deletion before evidence
eblocker-icapserver/src/main/java/org/eblocker/server/http/backup/EncryptionUnavailableException.java,1e3e21345befd3e233d4a9f24f7e9bd6de300211,eblocker-icapserver,"retain until replacement parity; inventoried, not semantically certified",R8 feature migration,contract + feature + upgrade tests; no deletion before evidence
eblocker-icapserver/src/main/java/org/eblocker/server/http/backup/GeneralSettingsBackup.java,52524131d265724e3d0e5d98fbbf150e1b564614,eblocker-icapserver,"retain until replacement parity; inventoried, not semantically certified",R8 feature migration,contract + feature + upgrade tests; no deletion before evidence
eblocker-icapserver/src/main/java/org/eblocker/server/http/backup/GeneralSettingsBackupProvider.java,5e66b2a64bf40aa7dbc10f1062a85a57bb34ced1,eblocker-icapserver,"retain until replacement parity; inventoried, not semantically certified",R8 feature migration,contract + feature + upgrade tests; no deletion before evidence
eblocker-icapserver/src/main/java/org/eblocker/server/http/backup/HttpsKeysBackup.java,5ad554ba52ae5398d318eb945ddbc34e6943e858,eblocker-icapserver,"retain until replacement parity; inventoried, not semantically certified",R8 feature migration,contract + feature + upgrade tests; no deletion before evidence
eblocker-icapserver/src/main/java/org/eblocker/server/http/backup/HttpsKeysBackupProvider.java,969ae8d80025e704ce8e9d57a4fedd3afb65b3e8,eblocker-icapserver,"retain until replacement parity; inventoried, not semantically certified",R8 feature migration,contract + feature + upgrade tests; no deletion before evidence
eblocker-icapserver/src/main/java/org/eblocker/server/http/backup/NetworkBackupProvider.java,25869fbc4c9e6eeb854c00121cc7e9fce9f344bb,eblocker-icapserver,"retain until replacement parity; inventoried, not semantically certified",R8 feature migration,contract + feature + upgrade tests; no deletion before evidence
eblocker-icapserver/src/main/java/org/eblocker/server/http/backup/OpenVpnClientBackup.java,7e83db629236bd305bf8b55af02a7429374a1a5e,eblocker-icapserver,"retain until replacement parity; inventoried, not semantically certified",R8 feature migration,contract + feature + upgrade tests; no deletion before evidence
eblocker-icapserver/src/main/java/org/eblocker/server/http/backup/OpenVpnClientBackupProvider.java,0d57938576b7d0f3dc8f6a57764ee49aac808bd3,eblocker-icapserver,"retain until replacement parity; inventoried, not semantically certified",R8 feature migration,contract + feature + upgrade tests; no deletion before evidence
eblocker-icapserver/src/main/java/org/eblocker/server/http/backup/OpenVpnServerBackup.java,06994b1e9dead1c05137ea2fe89b50f6b9ed0a4b,eblocker-icapserver,"retain until replacement parity; inventoried, not semantically certified",R8 feature migration,contract + feature + upgrade tests; no deletion before evidence
eblocker-icapserver/src/main/java/org/eblocker/server/http/backup/OpenVpnServerBackupProvider.java,ccd5b533d98ab206fabbfea0f8446861ef8ca707,eblocker-icapserver,"retain until replacement parity; inventoried, not semantically certified",R8 feature migration,contract + feature + upgrade tests; no deletion before evidence
eblocker-icapserver/src/main/java/org/eblocker/server/http/backup/RegistrationBackupProvider.java,1b5abfe823b7a7206f9cf6e38342e69bcefb7af6,eblocker-icapserver,"retain until replacement parity; inventoried, not semantically certified",R8 feature migration,contract + feature + upgrade tests; no deletion before evidence
eblocker-icapserver/src/main/java/org/eblocker/server/http/backup/TorConfigBackupProvider.java,0925fbd0b22dbd340a0b6f4e018e17f8980ddf4e,eblocker-icapserver,"retain until replacement parity; inventoried, not semantically certified",R8 feature migration,contract + feature + upgrade tests; no deletion before evidence
eblocker-icapserver/src/main/java/org/eblocker/server/http/backup/UnsupportedBackupVersionException.java,496eed568692d5ab0559f9b0bae32232ea3f763d,eblocker-icapserver,"retain until replacement parity; inventoried, not semantically certified",R8 feature migration,contract + feature + upgrade tests; no deletion before evidence
eblocker-icapserver/src/main/java/org/eblocker/server/http/backup/UsersBackup.java,f2c1b1e5a04937f4e5465670d765b13b568a1837,eblocker-icapserver,"retain until replacement parity; inventoried, not semantically certified",R8 feature migration,contract + feature + upgrade tests; no deletion before evidence
eblocker-icapserver/src/main/java/org/eblocker/server/http/backup/UsersBackupProvider.java,ddb81250dc93affdc38d9580d207cfcc2dae47fb,eblocker-icapserver,"retain until replacement parity; inventoried, not semantically certified",R8 feature migration,contract + feature + upgrade tests; no deletion before evidence
eblocker-icapserver/src/main/java/org/eblocker/server/http/controller/AnonymousController.java,624a5fd5454b6c79a11df8e40af46921d83e9d6c,eblocker-icapserver,"retain until replacement parity; inventoried, not semantically certified",R8 feature migration,contract + feature + upgrade tests; no deletion before evidence
eblocker-icapserver/src/main/java/org/eblocker/server/http/controller/AppWhitelistModuleController.java,c7b3f19c9bda341245e39396daf53670d0c6c7d1,eblocker-icapserver,"retain until replacement parity; inventoried, not semantically certified",R8 feature migration,contract + feature + upgrade tests; no deletion before evidence
eblocker-icapserver/src/main/java/org/eblocker/server/http/controller/AuthenticationController.java,3e6722e83bf9cf220e620185d60dfd08b3b86dd8,eblocker-icapserver,"retain until replacement parity; inventoried, not semantically certified",R8 feature migration,contract + feature + upgrade tests; no deletion before evidence
eblocker-icapserver/src/main/java/org/eblocker/server/http/controller/BlockerController.java,c2a62df12d6d10c515aaf5980a7ef79261b47e45,eblocker-icapserver,"retain until replacement parity; inventoried, not semantically certified",R8 feature migration,contract + feature + upgrade tests; no deletion before evidence
eblocker-icapserver/src/main/java/org/eblocker/server/http/controller/ConfigurationBackupController.java,5c18b34a6175733fc7950566704a3cdb10a34163,eblocker-icapserver,"retain until replacement parity; inventoried, not semantically certified",R8 feature migration,contract + feature + upgrade tests; no deletion before evidence
eblocker-icapserver/src/main/java/org/eblocker/server/http/controller/ConnectionCheckController.java,f34e9c42a9551abb2ed145e86fded21ecc8b4e91,eblocker-icapserver,"retain until replacement parity; inventoried, not semantically certified",R8 feature migration,contract + feature + upgrade tests; no deletion before evidence
eblocker-icapserver/src/main/java/org/eblocker/server/http/controller/ControlBarController.java,e4f58aea2ad86f0e0e9f979b7d0f4e865090ab3d,eblocker-icapserver,"retain until replacement parity; inventoried, not semantically certified",R8 feature migration,contract + feature + upgrade tests; no deletion before evidence
eblocker-icapserver/src/main/java/org/eblocker/server/http/controller/CustomDomainFilterConfigController.java,62b2a8583abcf489c98942440ec61515ef297e74,eblocker-icapserver,"retain until replacement parity; inventoried, not semantically certified",R8 feature migration,contract + feature + upgrade tests; no deletion before evidence
eblocker-icapserver/src/main/java/org/eblocker/server/http/controller/CustomerInfoController.java,641d4d5dd55bdcbb11b5a8c502e97ccca9a51d07,eblocker-icapserver,"retain until replacement parity; inventoried, not semantically certified",R8 feature migration,contract + feature + upgrade tests; no deletion before evidence
eblocker-icapserver/src/main/java/org/eblocker/server/http/controller/DashboardCardController.java,476ced187c305022166d0376976c9bff8de83711,eblocker-icapserver,"retain until replacement parity; inventoried, not semantically certified",R8 feature migration,contract + feature + upgrade tests; no deletion before evidence
eblocker-icapserver/src/main/java/org/eblocker/server/http/controller/DeviceController.java,c30ea876c29dd072cdf0d5fc6bf2b3f071a1e331,eblocker-icapserver,"retain until replacement parity; inventoried, not semantically certified",R8 feature migration,contract + feature + upgrade tests; no deletion before evidence
eblocker-icapserver/src/main/java/org/eblocker/server/http/controller/DeviceRegistrationController.java,8449e6bd0c95452408597789aed090dbd682f173,eblocker-icapserver,"retain until replacement parity; inventoried, not semantically certified",R8 feature migration,contract + feature + upgrade tests; no deletion before evidence
eblocker-icapserver/src/main/java/org/eblocker/server/http/controller/DnsController.java,96105f21feb97a530b68ae608785b465c7b7bfbe,eblocker-icapserver,"retain until replacement parity; inventoried, not semantically certified",R8 feature migration,contract + feature + upgrade tests; no deletion before evidence
eblocker-icapserver/src/main/java/org/eblocker/server/http/controller/DoctorController.java,5ed7c7ea3a0e0f56b0805c18b088c58ed2cf9218,eblocker-icapserver,"retain until replacement parity; inventoried, not semantically certified",R8 feature migration,contract + feature + upgrade tests; no deletion before evidence
eblocker-icapserver/src/main/java/org/eblocker/server/http/controller/DomainRecorderController.java,2398748538d4a5622f2565f65de3715a433c81c8,eblocker-icapserver,"retain until replacement parity; inventoried, not semantically certified",R8 feature migration,contract + feature + upgrade tests; no deletion before evidence
eblocker-icapserver/src/main/java/org/eblocker/server/http/controller/DomainWhiteListController.java,a2dd7f785d9f7a47df076411f048176b3749e7ac,eblocker-icapserver,"retain until replacement parity; inventoried, not semantically certified",R8 feature migration,contract + feature + upgrade tests; no deletion before evidence
eblocker-icapserver/src/main/java/org/eblocker/server/http/controller/EventController.java,4bac2123486873bbf7085461a38f139ca43319c1,eblocker-icapserver,"retain until replacement parity; inventoried, not semantically certified",R8 feature migration,contract + feature + upgrade tests; no deletion before evidence
eblocker-icapserver/src/main/java/org/eblocker/server/http/controller/FactoryResetController.java,54744729c380d0a56c939e1d4cb059069097bb4d,eblocker-icapserver,"retain until replacement parity; inventoried, not semantically certified",R8 feature migration,contract + feature + upgrade tests; no deletion before evidence
eblocker-icapserver/src/main/java/org/eblocker/server/http/controller/FeatureController.java,36faa2fa495c371cf71813eff4be235ee8acef65,eblocker-icapserver,"retain until replacement parity; inventoried, not semantically certified",R8 feature migration,contract + feature + upgrade tests; no deletion before evidence
eblocker-icapserver/src/main/java/org/eblocker/server/http/controller/FeatureToggleController.java,113a9e405435c2e641208a8ba211b44647349294,eblocker-icapserver,"retain until replacement parity; inventoried, not semantically certified",R8 feature migration,contract + feature + upgrade tests; no deletion before evidence
eblocker-icapserver/src/main/java/org/eblocker/server/http/controller/FilterController.java,15697d157ff9e596a1a0f20fa75a372058352a04,eblocker-icapserver,"retain until replacement parity; inventoried, not semantically certified",R8 feature migration,contract + feature + upgrade tests; no deletion before evidence
eblocker-icapserver/src/main/java/org/eblocker/server/http/controller/FilterStatisticsController.java,d6dbb3ee22a534fb9031cce66bf106ce0bd7e295,eblocker-icapserver,"retain until replacement parity; inventoried, not semantically certified",R8 feature migration,contract + feature + upgrade tests; no deletion before evidence
eblocker-icapserver/src/main/java/org/eblocker/server/http/controller/LanguageController.java,ff809c4b4790f28611ac7e75d8700c52f800130e,eblocker-icapserver,"retain until replacement parity; inventoried, not semantically certified",R8 feature migration,contract + feature + upgrade tests; no deletion before evidence
eblocker-icapserver/src/main/java/org/eblocker/server/http/controller/MessageCenterController.java,7c5f1d0f0ac735a6cd8c5c76a7d2a28e6fa781aa,eblocker-icapserver,"retain until replacement parity; inventoried, not semantically certified",R8 feature migration,contract + feature + upgrade tests; no deletion before evidence
eblocker-icapserver/src/main/java/org/eblocker/server/http/controller/MobileConnectionCheckController.java,6f458ce1fe2a9ffeee4947a3d63a30c59508c32a,eblocker-icapserver,"retain until replacement parity; inventoried, not semantically certified",R8 feature migration,contract + feature + upgrade tests; no deletion before evidence
eblocker-icapserver/src/main/java/org/eblocker/server/http/controller/MobileDnsCheckController.java,936dc0dd6982be008fa383255e08c6a8e1220166,eblocker-icapserver,"retain until replacement parity; inventoried, not semantically certified",R8 feature migration,contract + feature + upgrade tests; no deletion before evidence
eblocker-icapserver/src/main/java/org/eblocker/server/http/controller/NetworkController.java,67b76c8e303d54aa9973e765b8e86db26f0f69db,eblocker-icapserver,"retain until replacement parity; inventoried, not semantically certified",R8 feature migration,contract + feature + upgrade tests; no deletion before evidence
eblocker-icapserver/src/main/java/org/eblocker/server/http/controller/OpenVpnController.java,2470917e1d8fcf89a3b7e61ab1b6f073c3c75f2e,eblocker-icapserver,"retain until replacement parity; inventoried, not semantically certified",R8 feature migration,contract + feature + upgrade tests; no deletion before evidence
eblocker-icapserver/src/main/java/org/eblocker/server/http/controller/OpenVpnServerController.java,2ab6ccdcb0281ab3e83371f404e1bfe00957a08f,eblocker-icapserver,"retain until replacement parity; inventoried, not semantically certified",R8 feature migration,contract + feature + upgrade tests; no deletion before evidence
eblocker-icapserver/src/main/java/org/eblocker/server/http/controller/PageContextController.java,22d5bda92603825dd3b309331d8f83d743497919,eblocker-icapserver,"retain until replacement parity; inventoried, not semantically certified",R8 feature migration,contract + feature + upgrade tests; no deletion before evidence
eblocker-icapserver/src/main/java/org/eblocker/server/http/controller/ParentalControlController.java,34269f689b87c731cb07b1447f6b3c78bb837b1c,eblocker-icapserver,"retain until replacement parity; inventoried, not semantically certified",R8 feature migration,contract + feature + upgrade tests; no deletion before evidence
eblocker-icapserver/src/main/java/org/eblocker/server/http/controller/ParentalControlFilterListsController.java,466ec41f393587bfbe4a07609bba3cdd16f954d0,eblocker-icapserver,"retain until replacement parity; inventoried, not semantically certified",R8 feature migration,contract + feature + upgrade tests; no deletion before evidence
eblocker-icapserver/src/main/java/org/eblocker/server/http/controller/ProductMigrationController.java,966a524e3503a597d7f660ebb121e4068ecfa0b0,eblocker-icapserver,"retain until replacement parity; inventoried, not semantically certified",R8 feature migration,contract + feature + upgrade tests; no deletion before evidence
eblocker-icapserver/src/main/java/org/eblocker/server/http/controller/RecordingController.java,aabbe10374e0c4af23f707d6005aa39c6f5e31a8,eblocker-icapserver,"retain until replacement parity; inventoried, not semantically certified",R8 feature migration,contract + feature + upgrade tests; no deletion before evidence
eblocker-icapserver/src/main/java/org/eblocker/server/http/controller/RedirectController.java,ae03db7204e619b3dba73f97a37c4a2561b0a6c1,eblocker-icapserver,"retain until replacement parity; inventoried, not semantically certified",R8 feature migration,contract + feature + upgrade tests; no deletion before evidence
eblocker-icapserver/src/main/java/org/eblocker/server/http/controller/ReminderController.java,551f8c5877353a5ba40b6fe77c210e306278dd7f,eblocker-icapserver,"retain until replacement parity; inventoried, not semantically certified",R8 feature migration,contract + feature + upgrade tests; no deletion before evidence
eblocker-icapserver/src/main/java/org/eblocker/server/http/controller/SSLController.java,6451ad92478284c6c3e3f1ed7c814d043d73a7a5,eblocker-icapserver,"retain until replacement parity; inventoried, not semantically certified",R8 feature migration,contract + feature + upgrade tests; no deletion before evidence
eblocker-icapserver/src/main/java/org/eblocker/server/http/controller/SettingsController.java,927f7b625bc2f243cc2d9a012eee67ab4b651b94,eblocker-icapserver,"retain until replacement parity; inventoried, not semantically certified",R8 feature migration,contract + feature + upgrade tests; no deletion before evidence
eblocker-icapserver/src/main/java/org/eblocker/server/http/controller/SetupWizardController.java,eaf560976e1e40556f43e9a5fb016f15a49ce748,eblocker-icapserver,"retain until replacement parity; inventoried, not semantically certified",R8 feature migration,contract + feature + upgrade tests; no deletion before evidence
eblocker-icapserver/src/main/java/org/eblocker/server/http/controller/SplashController.java,8ef4e400348bbc648df58d9abf1031b2988c4472,eblocker-icapserver,"retain until replacement parity; inventoried, not semantically certified",R8 feature migration,contract + feature + upgrade tests; no deletion before evidence
eblocker-icapserver/src/main/java/org/eblocker/server/http/controller/TasksController.java,22131201c49b1dd8adec0b9cc00eed6947f28ca2,eblocker-icapserver,"retain until replacement parity; inventoried, not semantically certified",R8 feature migration,contract + feature + upgrade tests; no deletion before evidence
eblocker-icapserver/src/main/java/org/eblocker/server/http/controller/TimestampController.java,b53ce7b6ea641a79a887c9a93419a3b8833f2df9,eblocker-icapserver,"retain until replacement parity; inventoried, not semantically certified",R8 feature migration,contract + feature + upgrade tests; no deletion before evidence
eblocker-icapserver/src/main/java/org/eblocker/server/http/controller/TimezoneController.java,4f9d03ebae6eb7429b94e12409b4f5540401f35c,eblocker-icapserver,"retain until replacement parity; inventoried, not semantically certified",R8 feature migration,contract + feature + upgrade tests; no deletion before evidence
eblocker-icapserver/src/main/java/org/eblocker/server/http/controller/TosController.java,fab2175a7812d35f2a6a2ae7cfc95bfe42722800,eblocker-icapserver,"retain until replacement parity; inventoried, not semantically certified",R8 feature migration,contract + feature + upgrade tests; no deletion before evidence
eblocker-icapserver/src/main/java/org/eblocker/server/http/controller/TransactionRecorderController.java,93ca8e24062c87bbb4e2ab308a15ccef0ff96b68,eblocker-icapserver,"retain until replacement parity; inventoried, not semantically certified",R8 feature migration,contract + feature + upgrade tests; no deletion before evidence
eblocker-icapserver/src/main/java/org/eblocker/server/http/controller/UpdateController.java,e4405432b2ebe0ef55c9a3e7975418e3ffd16673,eblocker-icapserver,"retain until replacement parity; inventoried, not semantically certified",R8 feature migration,contract + feature + upgrade tests; no deletion before evidence
eblocker-icapserver/src/main/java/org/eblocker/server/http/controller/UserAgentController.java,b7eb809655f5cec7ffc65e4d86fd72ea1efc0cd8,eblocker-icapserver,"retain until replacement parity; inventoried, not semantically certified",R8 feature migration,contract + feature + upgrade tests; no deletion before evidence
eblocker-icapserver/src/main/java/org/eblocker/server/http/controller/UserController.java,e88e5653ac1596d790d1cf7dc178fcbbfc623bc5,eblocker-icapserver,"retain until replacement parity; inventoried, not semantically certified",R8 feature migration,contract + feature + upgrade tests; no deletion before evidence
eblocker-icapserver/src/main/java/org/eblocker/server/http/controller/boot/DiagnosticsReportController.java,71870a81047aa421051bdac50803671531f3e334,eblocker-icapserver,"retain until replacement parity; inventoried, not semantically certified",R8 feature migration,contract + feature + upgrade tests; no deletion before evidence
eblocker-icapserver/src/main/java/org/eblocker/server/http/controller/boot/SystemStatusController.java,43bf8ea9630d77a36daa1fa3ed559e9b826fe037,eblocker-icapserver,"retain until replacement parity; inventoried, not semantically certified",R8 feature migration,contract + feature + upgrade tests; no deletion before evidence
eblocker-icapserver/src/main/java/org/eblocker/server/http/controller/converter/UserModuleConverter.java,5508064a82c559648da360af47fa1b0fb41f725a,eblocker-icapserver,"retain until replacement parity; inventoried, not semantically certified",R8 feature migration,contract + feature + upgrade tests; no deletion before evidence
eblocker-icapserver/src/main/java/org/eblocker/server/http/controller/impl/AnonymousControllerImpl.java,1198637ec5b275abfa1f5d3eb43378486b914342,eblocker-icapserver,"retain until replacement parity; inventoried, not semantically certified",R8 feature migration,contract + feature + upgrade tests; no deletion before evidence
eblocker-icapserver/src/main/java/org/eblocker/server/http/controller/impl/AppWhitelistModuleControllerImpl.java,928405ab43991ae884e19f81d62f47b52bcb9c6d,eblocker-icapserver,"retain until replacement parity; inventoried, not semantically certified",R8 feature migration,contract + feature + upgrade tests; no deletion before evidence
eblocker-icapserver/src/main/java/org/eblocker/server/http/controller/impl/AuthenticationControllerImpl.java,5179e902441ad933832df9bef5965256c6dddbdf,eblocker-icapserver,"retain until replacement parity; inventoried, not semantically certified",R8 feature migration,contract + feature + upgrade tests; no deletion before evidence
eblocker-icapserver/src/main/java/org/eblocker/server/http/controller/impl/BlockerControllerImpl.java,47a8b9601d208531d01589401e30f6d5cba2cad9,eblocker-icapserver,"retain until replacement parity; inventoried, not semantically certified",R8 feature migration,contract + feature + upgrade tests; no deletion before evidence
eblocker-icapserver/src/main/java/org/eblocker/server/http/controller/impl/ConfigurationBackupControllerImpl.java,72b674c33c6645fd37c0fe036a3b361b2145de02,eblocker-icapserver,"retain until replacement parity; inventoried, not semantically certified",R8 feature migration,contract + feature + upgrade tests; no deletion before evidence
eblocker-icapserver/src/main/java/org/eblocker/server/http/controller/impl/ConnectionCheckControllerImpl.java,fe938c5acf95d9383f89bc562ec384bd8dfa10df,eblocker-icapserver,"retain until replacement parity; inventoried, not semantically certified",R8 feature migration,contract + feature + upgrade tests; no deletion before evidence
eblocker-icapserver/src/main/java/org/eblocker/server/http/controller/impl/ControlBarControllerImpl.java,244c39813a33897a8ddcbbc546db559c59785655,eblocker-icapserver,"retain until replacement parity; inventoried, not semantically certified",R8 feature migration,contract + feature + upgrade tests; no deletion before evidence
eblocker-icapserver/src/main/java/org/eblocker/server/http/controller/impl/CustomDomainFilterConfigControllerImpl.java,ad8468494b6bf51e09368c58e1a240f2360af924,eblocker-icapserver,"retain until replacement parity; inventoried, not semantically certified",R8 feature migration,contract + feature + upgrade tests; no deletion before evidence
eblocker-icapserver/src/main/java/org/eblocker/server/http/controller/impl/CustomerInfoControllerImpl.java,a2de2f2357f0c95e5a08aab8fc96aa7544748dda,eblocker-icapserver,"retain until replacement parity; inventoried, not semantically certified",R8 feature migration,contract + feature + upgrade tests; no deletion before evidence
eblocker-icapserver/src/main/java/org/eblocker/server/http/controller/impl/DashboardCardControllerImpl.java,ebe40fdeb05f53167d5fa53dfcf43d28959cd1cf,eblocker-icapserver,"retain until replacement parity; inventoried, not semantically certified",R8 feature migration,contract + feature + upgrade tests; no deletion before evidence
eblocker-icapserver/src/main/java/org/eblocker/server/http/controller/impl/DeviceControllerImpl.java,36584683b780af29dfca0ef5826086cf5519f375,eblocker-icapserver,"retain until replacement parity; inventoried, not semantically certified",R8 feature migration,contract + feature + upgrade tests; no deletion before evidence
eblocker-icapserver/src/main/java/org/eblocker/server/http/controller/impl/DeviceRegistrationControllerImpl.java,f817147b8ab1c80cf0a0229e7ae5d582c5ea321d,eblocker-icapserver,"retain until replacement parity; inventoried, not semantically certified",R8 feature migration,contract + feature + upgrade tests; no deletion before evidence
eblocker-icapserver/src/main/java/org/eblocker/server/http/controller/impl/DnsControllerImpl.java,28dc0e06b3ad2b1b2f0ea891f23976dbb366429f,eblocker-icapserver,"retain until replacement parity; inventoried, not semantically certified",R8 feature migration,contract + feature + upgrade tests; no deletion before evidence
eblocker-icapserver/src/main/java/org/eblocker/server/http/controller/impl/DoctorControllerImpl.java,bc175248231753f254105e0c12a7df87f7e0c64a,eblocker-icapserver,"retain until replacement parity; inventoried, not semantically certified",R8 feature migration,contract + feature + upgrade tests; no deletion before evidence
eblocker-icapserver/src/main/java/org/eblocker/server/http/controller/impl/DomainRecorderControllerImpl.java,ed2128e7e42163982d87256539122a394fce8575,eblocker-icapserver,"retain until replacement parity; inventoried, not semantically certified",R8 feature migration,contract + feature + upgrade tests; no deletion before evidence
eblocker-icapserver/src/main/java/org/eblocker/server/http/controller/impl/DomainWhiteListControllerImpl.java,c1ace51e987683b2ed280e140c1321702913a3cc,eblocker-icapserver,"retain until replacement parity; inventoried, not semantically certified",R8 feature migration,contract + feature + upgrade tests; no deletion before evidence
eblocker-icapserver/src/main/java/org/eblocker/server/http/controller/impl/EventControllerImpl.java,85ce739a92dde1c81de12e7508b0adb13087fe5e,eblocker-icapserver,"retain until replacement parity; inventoried, not semantically certified",R8 feature migration,contract + feature + upgrade tests; no deletion before evidence
eblocker-icapserver/src/main/java/org/eblocker/server/http/controller/impl/FactoryResetControllerImpl.java,e201e2df46df9189a56ab7d15830455f676e7468,eblocker-icapserver,"retain until replacement parity; inventoried, not semantically certified",R8 feature migration,contract + feature + upgrade tests; no deletion before evidence
eblocker-icapserver/src/main/java/org/eblocker/server/http/controller/impl/FeatureControllerImpl.java,e25f35500570eec87650224a40c2d1c370a6ebc0,eblocker-icapserver,"retain until replacement parity; inventoried, not semantically certified",R8 feature migration,contract + feature + upgrade tests; no deletion before evidence
eblocker-icapserver/src/main/java/org/eblocker/server/http/controller/impl/FeatureToggleControllerImpl.java,388d86361751ab2dd36021321a292635be7e9c05,eblocker-icapserver,"retain until replacement parity; inventoried, not semantically certified",R8 feature migration,contract + feature + upgrade tests; no deletion before evidence
eblocker-icapserver/src/main/java/org/eblocker/server/http/controller/impl/FilterControllerImpl.java,d207484d998498115fdae864859f64981eabfe6c,eblocker-icapserver,"retain until replacement parity; inventoried, not semantically certified",R8 feature migration,contract + feature + upgrade tests; no deletion before evidence
eblocker-icapserver/src/main/java/org/eblocker/server/http/controller/impl/FilterStatisticsControllerImpl.java,c6a4939cbad5696c3e8e36f5483cff18abbf6b00,eblocker-icapserver,"retain until replacement parity; inventoried, not semantically certified",R8 feature migration,contract + feature + upgrade tests; no deletion before evidence
eblocker-icapserver/src/main/java/org/eblocker/server/http/controller/impl/LanguageControllerImpl.java,352062748dffbcb2c761bb2aa66f116535ce99f3,eblocker-icapserver,"retain until replacement parity; inventoried, not semantically certified",R8 feature migration,contract + feature + upgrade tests; no deletion before evidence
eblocker-icapserver/src/main/java/org/eblocker/server/http/controller/impl/MessageCenterControllerImpl.java,237ba73a9486e5331d261c2386b812b6ed126c82,eblocker-icapserver,"retain until replacement parity; inventoried, not semantically certified",R8 feature migration,contract + feature + upgrade tests; no deletion before evidence
eblocker-icapserver/src/main/java/org/eblocker/server/http/controller/impl/MobileConnectionCheckControllerImpl.java,fb34d807c746d70b07876c40bc25f7516fca4503,eblocker-icapserver,"retain until replacement parity; inventoried, not semantically certified",R8 feature migration,contract + feature + upgrade tests; no deletion before evidence
eblocker-icapserver/src/main/java/org/eblocker/server/http/controller/impl/MobileDnsCheckControllerImpl.java,a904114bbd4bce4516336e43d1bd57d681861c3b,eblocker-icapserver,"retain until replacement parity; inventoried, not semantically certified",R8 feature migration,contract + feature + upgrade tests; no deletion before evidence
eblocker-icapserver/src/main/java/org/eblocker/server/http/controller/impl/NetworkControllerImpl.java,30e9d5820eea6d46f133ff58ad6b81514f6b3d28,eblocker-icapserver,"retain until replacement parity; inventoried, not semantically certified",R8 feature migration,contract + feature + upgrade tests; no deletion before evidence
eblocker-icapserver/src/main/java/org/eblocker/server/http/controller/impl/OpenVpnControllerImpl.java,4a9bdc97c8011213c1a2f3358deb1bbea35302d4,eblocker-icapserver,"retain until replacement parity; inventoried, not semantically certified",R8 feature migration,contract + feature + upgrade tests; no deletion before evidence
eblocker-icapserver/src/main/java/org/eblocker/server/http/controller/impl/OpenVpnServerControllerImpl.java,fb2b8b643397c86646df6bfa96c27117a6dbc2f7,eblocker-icapserver,"retain until replacement parity; inventoried, not semantically certified",R8 feature migration,contract + feature + upgrade tests; no deletion before evidence
eblocker-icapserver/src/main/java/org/eblocker/server/http/controller/impl/PageContextControllerImpl.java,399ae79bd619ca094cda53a7fd8fb2fc8bc480ff,eblocker-icapserver,"retain until replacement parity; inventoried, not semantically certified",R8 feature migration,contract + feature + upgrade tests; no deletion before evidence
eblocker-icapserver/src/main/java/org/eblocker/server/http/controller/impl/ParentalControlControllerImpl.java,d866dcf8ecb239773ef571c601d36a99a70cd2bf,eblocker-icapserver,"retain until replacement parity; inventoried, not semantically certified",R8 feature migration,contract + feature + upgrade tests; no deletion before evidence
eblocker-icapserver/src/main/java/org/eblocker/server/http/controller/impl/ParentalControlFilterListsControllerImpl.java,fea8ecaa829816c71b87faece5f60ecb39ea63d6,eblocker-icapserver,"retain until replacement parity; inventoried, not semantically certified",R8 feature migration,contract + feature + upgrade tests; no deletion before evidence
eblocker-icapserver/src/main/java/org/eblocker/server/http/controller/impl/ProductMigrationControllerImpl.java,87ce3d8b6656486b7016fd12a94628ad9934754b,eblocker-icapserver,"retain until replacement parity; inventoried, not semantically certified",R8 feature migration,contract + feature + upgrade tests; no deletion before evidence
eblocker-icapserver/src/main/java/org/eblocker/server/http/controller/impl/RecordingControllerImpl.java,01f90a61ac4c6549bb6c096f5b36463f7544e3f9,eblocker-icapserver,"retain until replacement parity; inventoried, not semantically certified",R8 feature migration,contract + feature + upgrade tests; no deletion before evidence
eblocker-icapserver/src/main/java/org/eblocker/server/http/controller/impl/RedirectControllerImpl.java,6488921aa3ddb0b00aaecd344e51e12be89f2126,eblocker-icapserver,"retain until replacement parity; inventoried, not semantically certified",R8 feature migration,contract + feature + upgrade tests; no deletion before evidence
eblocker-icapserver/src/main/java/org/eblocker/server/http/controller/impl/ReminderControllerImpl.java,719f594fa0185e384bad6476551f15e2dc06df81,eblocker-icapserver,"retain until replacement parity; inventoried, not semantically certified",R8 feature migration,contract + feature + upgrade tests; no deletion before evidence
eblocker-icapserver/src/main/java/org/eblocker/server/http/controller/impl/SSLControllerImpl.java,d41d613b258cc62b6f92d5bdf6b31732efd8d4bf,eblocker-icapserver,"retain until replacement parity; inventoried, not semantically certified",R8 feature migration,contract + feature + upgrade tests; no deletion before evidence
eblocker-icapserver/src/main/java/org/eblocker/server/http/controller/impl/SettingsControllerImpl.java,cf89802c8805ad57e17177b1a43875616ab513c2,eblocker-icapserver,"retain until replacement parity; inventoried, not semantically certified",R8 feature migration,contract + feature + upgrade tests; no deletion before evidence
eblocker-icapserver/src/main/java/org/eblocker/server/http/controller/impl/SetupWizardControllerImpl.java,9580e2fa6cdb95b0c2153b6ef837e09d62bec5f1,eblocker-icapserver,"retain until replacement parity; inventoried, not semantically certified",R8 feature migration,contract + feature + upgrade tests; no deletion before evidence
eblocker-icapserver/src/main/java/org/eblocker/server/http/controller/impl/SplashControllerImpl.java,90a509a5cc1a97040d7953e9a9c60ed058b919d1,eblocker-icapserver,"retain until replacement parity; inventoried, not semantically certified",R8 feature migration,contract + feature + upgrade tests; no deletion before evidence
eblocker-icapserver/src/main/java/org/eblocker/server/http/controller/impl/TasksControllerImpl.java,3611b9e699c5291d99f25752828a9da64eb81529,eblocker-icapserver,"retain until replacement parity; inventoried, not semantically certified",R8 feature migration,contract + feature + upgrade tests; no deletion before evidence
eblocker-icapserver/src/main/java/org/eblocker/server/http/controller/impl/TimestampControllerImpl.java,cfbd9feb8e530ae4f2bac9a39ef4dc5029b02172,eblocker-icapserver,"retain until replacement parity; inventoried, not semantically certified",R8 feature migration,contract + feature + upgrade tests; no deletion before evidence
eblocker-icapserver/src/main/java/org/eblocker/server/http/controller/impl/TimezoneControllerImpl.java,f5820c4f5ac08edbd37f9e2edd873b7faec0bf9d,eblocker-icapserver,"retain until replacement parity; inventoried, not semantically certified",R8 feature migration,contract + feature + upgrade tests; no deletion before evidence
eblocker-icapserver/src/main/java/org/eblocker/server/http/controller/impl/TosControllerImpl.java,6b44046a322f3395c9dc24efa30b2a38937fbe20,eblocker-icapserver,"retain until replacement parity; inventoried, not semantically certified",R8 feature migration,contract + feature + upgrade tests; no deletion before evidence
eblocker-icapserver/src/main/java/org/eblocker/server/http/controller/impl/TransactionRecorderControllerImpl.java,1b7909ef75c3629c2f2c85526aeb003e4aef3ed7,eblocker-icapserver,"retain until replacement parity; inventoried, not semantically certified",R8 feature migration,contract + feature + upgrade tests; no deletion before evidence
eblocker-icapserver/src/main/java/org/eblocker/server/http/controller/impl/UpdateControllerImpl.java,25083a1f4b69af30b7c174fd49734359ed9f12a6,eblocker-icapserver,"retain until replacement parity; inventoried, not semantically certified",R8 feature migration,contract + feature + upgrade tests; no deletion before evidence
eblocker-icapserver/src/main/java/org/eblocker/server/http/controller/impl/UserAgentControllerImpl.java,df784c125fd6beefaf9d8c54d6ffdacf263ff883,eblocker-icapserver,"retain until replacement parity; inventoried, not semantically certified",R8 feature migration,contract + feature + upgrade tests; no deletion before evidence
eblocker-icapserver/src/main/java/org/eblocker/server/http/controller/impl/UserControllerImpl.java,117ee98de71d8cf4c28492886934b6b0847a44d8,eblocker-icapserver,"retain until replacement parity; inventoried, not semantically certified",R8 feature migration,contract + feature + upgrade tests; no deletion before evidence
eblocker-icapserver/src/main/java/org/eblocker/server/http/controller/wrapper/ControllerWrapper.java,a0fea956119aed673eaea29e84b35f8896437d6b,eblocker-icapserver,"retain until replacement parity; inventoried, not semantically certified",R8 feature migration,contract + feature + upgrade tests; no deletion before evidence
eblocker-icapserver/src/main/java/org/eblocker/server/http/controller/wrapper/ControllerWrapperFactory.java,c2b3e5b27d0ecf90f6cc45a51298426a0c3903eb,eblocker-icapserver,"retain until replacement parity; inventoried, not semantically certified",R8 feature migration,contract + feature + upgrade tests; no deletion before evidence
eblocker-icapserver/src/main/java/org/eblocker/server/http/exceptions/restexpress/ServiceNotAvailableServiceException.java,b928558bfb255d501746addf32e6fbfeb89301f9,eblocker-icapserver,"retain until replacement parity; inventoried, not semantically certified",R8 feature migration,contract + feature + upgrade tests; no deletion before evidence
eblocker-icapserver/src/main/java/org/eblocker/server/http/model/CredentialsDTO.java,cdaa8018dd69e446be2efb7cc5a107a4a385b7fd,eblocker-icapserver,"retain until replacement parity; inventoried, not semantically certified",R8 feature migration,contract + feature + upgrade tests; no deletion before evidence
eblocker-icapserver/src/main/java/org/eblocker/server/http/model/CustomDomainFilterConfig.java,7bbcfa647e32bef5960e46b66a764c8fe9bafb14,eblocker-icapserver,"retain until replacement parity; inventoried, not semantically certified",R8 feature migration,contract + feature + upgrade tests; no deletion before evidence
eblocker-icapserver/src/main/java/org/eblocker/server/http/model/DeviceDTO.java,9048469be80d6c3248d8909570fad1e8fe1c6357,eblocker-icapserver,"retain until replacement parity; inventoried, not semantically certified",R8 feature migration,contract + feature + upgrade tests; no deletion before evidence
eblocker-icapserver/src/main/java/org/eblocker/server/http/model/SslWhitelistEntryDto.java,f06e699c37ca4a265f812335dca7624af8357b19,eblocker-icapserver,"retain until replacement parity; inventoried, not semantically certified",R8 feature migration,contract + feature + upgrade tests; no deletion before evidence
eblocker-icapserver/src/main/java/org/eblocker/server/http/model/WhatIfModeDTO.java,6433ddcdf88f488d967793e70ffafd83ddc1aba4,eblocker-icapserver,"retain until replacement parity; inventoried, not semantically certified",R8 feature migration,contract + feature + upgrade tests; no deletion before evidence
eblocker-icapserver/src/main/java/org/eblocker/server/http/security/AppContext.java,fa565e72caa51a5c38076e0266f6d6ba582414df,eblocker-icapserver,"retain until replacement parity; inventoried, not semantically certified",R8 feature migration,contract + feature + upgrade tests; no deletion before evidence
eblocker-icapserver/src/main/java/org/eblocker/server/http/security/Credentials.java,9b68abf6735dff2d2cad4ffce1d395a3b1f44e6c,eblocker-icapserver,"retain until replacement parity; inventoried, not semantically certified",R8 feature migration,contract + feature + upgrade tests; no deletion before evidence
eblocker-icapserver/src/main/java/org/eblocker/server/http/security/DashboardAuthorizationProcessor.java,127f01d391860484eca755e38fb04d4d846092da,eblocker-icapserver,"retain until replacement parity; inventoried, not semantically certified",R8 feature migration,contract + feature + upgrade tests; no deletion before evidence
eblocker-icapserver/src/main/java/org/eblocker/server/http/security/JsonWebToken.java,b56e496da3edc1c8a9694ff91f849c87b2a5905f,eblocker-icapserver,"retain until replacement parity; inventoried, not semantically certified",R8 feature migration,contract + feature + upgrade tests; no deletion before evidence
eblocker-icapserver/src/main/java/org/eblocker/server/http/security/JsonWebTokenHandler.java,84bd1133f713f2ada3361b1753d3cddfd6dbf52a,eblocker-icapserver,"retain until replacement parity; inventoried, not semantically certified",R8 feature migration,contract + feature + upgrade tests; no deletion before evidence
eblocker-icapserver/src/main/java/org/eblocker/server/http/security/PasswordResetToken.java,df6b44b2e1486b2676d89546ea494ebde4b3c3d0,eblocker-icapserver,"retain until replacement parity; inventoried, not semantically certified",R8 feature migration,contract + feature + upgrade tests; no deletion before evidence
eblocker-icapserver/src/main/java/org/eblocker/server/http/security/PasswordUtil.java,977861746a661df3db852fcb7e87ea9ef622be17,eblocker-icapserver,"retain until replacement parity; inventoried, not semantically certified",R8 feature migration,contract + feature + upgrade tests; no deletion before evidence
eblocker-icapserver/src/main/java/org/eblocker/server/http/security/SecurityProcessor.java,f7dc4aa22d10bf1ecee1e0b3edf1854e59ba6055,eblocker-icapserver,"retain until replacement parity; inventoried, not semantically certified",R8 feature migration,contract + feature + upgrade tests; no deletion before evidence
eblocker-icapserver/src/main/java/org/eblocker/server/http/security/SecurityService.java,d4311e50c3431c5e699c1599e41338b310963a20,eblocker-icapserver,"retain until replacement parity; inventoried, not semantically certified",R8 feature migration,contract + feature + upgrade tests; no deletion before evidence
eblocker-icapserver/src/main/java/org/eblocker/server/http/security/TokenInfo.java,963acb963c9a48ab7a49302b13b10a49db176e3e,eblocker-icapserver,"retain until replacement parity; inventoried, not semantically certified",R8 feature migration,contract + feature + upgrade tests; no deletion before evidence
eblocker-icapserver/src/main/java/org/eblocker/server/http/server/CacheControlPostProcessor.java,c8f17960ca95784ed1084dffe2c8e6dc29fe4cf2,eblocker-icapserver,"retain until replacement parity; inventoried, not semantically certified",R8 feature migration,contract + feature + upgrade tests; no deletion before evidence
eblocker-icapserver/src/main/java/org/eblocker/server/http/server/EblockerHttpsServer.java,68049164497343046131a2c284b8077816e64496,eblocker-icapserver,transport retained; route declarations extracted,R8 feature migration,contract + feature + upgrade tests; no deletion before evidence
eblocker-icapserver/src/main/java/org/eblocker/server/http/server/ExceptionLogger.java,c5306cab572cec475579f1541f2b57e57f59446f,eblocker-icapserver,"retain until replacement parity; inventoried, not semantically certified",R8 feature migration,contract + feature + upgrade tests; no deletion before evidence
eblocker-icapserver/src/main/java/org/eblocker/server/http/server/HttpTransactionIdentifier.java,d6992dfd319e7629a30edc8b4fcc3c2ebc36c337,eblocker-icapserver,"retain until replacement parity; inventoried, not semantically certified",R8 feature migration,contract + feature + upgrade tests; no deletion before evidence
eblocker-icapserver/src/main/java/org/eblocker/server/http/server/SSLContextHandler.java,1331eaed0bb5f2cea79dabb7164412f09aafd1da,eblocker-icapserver,"retain until replacement parity; inventoried, not semantically certified",R8 feature migration,contract + feature + upgrade tests; no deletion before evidence
eblocker-icapserver/src/main/java/org/eblocker/server/http/server/SessionContextController.java,4da95af8a7f0118259158473a6408bcbd17cd31e,eblocker-icapserver,"retain until replacement parity; inventoried, not semantically certified",R8 feature migration,contract + feature + upgrade tests; no deletion before evidence
eblocker-icapserver/src/main/java/org/eblocker/server/http/server/StaticFileController.java,b8d23db53fd940a3d04c3161539602bfa4de0141,eblocker-icapserver,"retain until replacement parity; inventoried, not semantically certified",R8 feature migration,contract + feature + upgrade tests; no deletion before evidence
eblocker-icapserver/src/main/java/org/eblocker/server/http/service/AccessDeniedRequestHandler.java,4eb4cdaeb20a6397662f7d242def4c6b44746e7c,eblocker-icapserver,"retain until replacement parity; inventoried, not semantically certified",R8 feature migration,contract + feature + upgrade tests; no deletion before evidence
eblocker-icapserver/src/main/java/org/eblocker/server/http/service/AccessDeniedService.java,c7ed8ad4bfd0fb2f3171a77428ba6956ea5dec95,eblocker-icapserver,"retain until replacement parity; inventoried, not semantically certified",R8 feature migration,contract + feature + upgrade tests; no deletion before evidence
eblocker-icapserver/src/main/java/org/eblocker/server/http/service/AddAttributeHandler.java,c36714f289af0e9072bd5249374212100c718f80,eblocker-icapserver,"retain until replacement parity; inventoried, not semantically certified",R8 feature migration,contract + feature + upgrade tests; no deletion before evidence
eblocker-icapserver/src/main/java/org/eblocker/server/http/service/AnonymousService.java,8a83945ee7d83114dd40d929fbf4bb4fdd382de3,eblocker-icapserver,"retain until replacement parity; inventoried, not semantically certified",R8 feature migration,contract + feature + upgrade tests; no deletion before evidence
eblocker-icapserver/src/main/java/org/eblocker/server/http/service/AppModuleService.java,54d2308f0c80edc5ac943c448f6346d963d8b160,eblocker-icapserver,"retain until replacement parity; inventoried, not semantically certified",R8 feature migration,contract + feature + upgrade tests; no deletion before evidence
eblocker-icapserver/src/main/java/org/eblocker/server/http/service/AutoTrustAppService.java,5db6b64fa43c7228656441b208c74fd3d39a4947,eblocker-icapserver,"retain until replacement parity; inventoried, not semantically certified",R8 feature migration,contract + feature + upgrade tests; no deletion before evidence
eblocker-icapserver/src/main/java/org/eblocker/server/http/service/ConfigurationBackupService.java,725972473f52c3a583b73fcb4a8de8281df5a645,eblocker-icapserver,"retain until replacement parity; inventoried, not semantically certified",R8 feature migration,contract + feature + upgrade tests; no deletion before evidence
eblocker-icapserver/src/main/java/org/eblocker/server/http/service/CustomDomainFilterConfigService.java,37ea870006000199119234739e60f91ff5cbac7d,eblocker-icapserver,"retain until replacement parity; inventoried, not semantically certified",R8 feature migration,contract + feature + upgrade tests; no deletion before evidence
eblocker-icapserver/src/main/java/org/eblocker/server/http/service/CustomerInfoService.java,f3f06d7819f286dd6bdeba983e9accb096063b3b,eblocker-icapserver,"retain until replacement parity; inventoried, not semantically certified",R8 feature migration,contract + feature + upgrade tests; no deletion before evidence
eblocker-icapserver/src/main/java/org/eblocker/server/http/service/DashboardCardService.java,84ddf38be1bc0e78c86ccddc14fa4a4646801dd0,eblocker-icapserver,"retain until replacement parity; inventoried, not semantically certified",R8 feature migration,contract + feature + upgrade tests; no deletion before evidence
eblocker-icapserver/src/main/java/org/eblocker/server/http/service/DashboardService.java,95f911be0beab4c9b3181f9a9283cf722622f102,eblocker-icapserver,"retain until replacement parity; inventoried, not semantically certified",R8 feature migration,contract + feature + upgrade tests; no deletion before evidence
eblocker-icapserver/src/main/java/org/eblocker/server/http/service/DevicePermissionsService.java,918db69b2ad5e336f37c4cfc85dfbc188934978f,eblocker-icapserver,"retain until replacement parity; inventoried, not semantically certified",R8 feature migration,contract + feature + upgrade tests; no deletion before evidence
eblocker-icapserver/src/main/java/org/eblocker/server/http/service/DeviceScanningService.java,cd302a7675f926820c28abbce86ae56e4d710b8a,eblocker-icapserver,"retain until replacement parity; inventoried, not semantically certified",R8 feature migration,contract + feature + upgrade tests; no deletion before evidence
eblocker-icapserver/src/main/java/org/eblocker/server/http/service/DeviceService.java,4489c93867c0d2913ad4ddac87965ec830357d4d,eblocker-icapserver,"retain until replacement parity; inventoried, not semantically certified",R8 feature migration,contract + feature + upgrade tests; no deletion before evidence
eblocker-icapserver/src/main/java/org/eblocker/server/http/service/DiagnosticsReportService.java,ff3ad34698571eabd676422916e172739fcd3a03,eblocker-icapserver,"retain until replacement parity; inventoried, not semantically certified",R8 feature migration,contract + feature + upgrade tests; no deletion before evidence
eblocker-icapserver/src/main/java/org/eblocker/server/http/service/DiskMountService.java,372aef942ea73657997463045cd5302cf914cf91,eblocker-icapserver,"retain until replacement parity; inventoried, not semantically certified",R8 feature migration,contract + feature + upgrade tests; no deletion before evidence
eblocker-icapserver/src/main/java/org/eblocker/server/http/service/DnsService.java,fb19eb9064453931c09df0b10a79c97cc67f0f33,eblocker-icapserver,"retain until replacement parity; inventoried, not semantically certified",R8 feature migration,contract + feature + upgrade tests; no deletion before evidence
eblocker-icapserver/src/main/java/org/eblocker/server/http/service/DnsStatisticsService.java,c3a963bddbdefd95b6bd18628c5d7d96358fd0d1,eblocker-icapserver,"retain until replacement parity; inventoried, not semantically certified",R8 feature migration,contract + feature + upgrade tests; no deletion before evidence
eblocker-icapserver/src/main/java/org/eblocker/server/http/service/DoctorService.java,c591d0f8aaf4a6bdaaad8a96e89d8a028db65791,eblocker-icapserver,"retain until replacement parity; inventoried, not semantically certified",R8 feature migration,contract + feature + upgrade tests; no deletion before evidence
eblocker-icapserver/src/main/java/org/eblocker/server/http/service/DynDnsService.java,6241e3de102d767843a6097a6a22b9d0ebcfaef5,eblocker-icapserver,"retain until replacement parity; inventoried, not semantically certified",R8 feature migration,contract + feature + upgrade tests; no deletion before evidence
eblocker-icapserver/src/main/java/org/eblocker/server/http/service/EventService.java,2ecb3b10a196c7ca38da28b0f465c53a74b1ec6b,eblocker-icapserver,"retain until replacement parity; inventoried, not semantically certified",R8 feature migration,contract + feature + upgrade tests; no deletion before evidence
eblocker-icapserver/src/main/java/org/eblocker/server/http/service/FailedConnectionSuggestionService.java,46f593b40128e0e36bb38b46466aeb87cadf568b,eblocker-icapserver,"retain until replacement parity; inventoried, not semantically certified",R8 feature migration,contract + feature + upgrade tests; no deletion before evidence
eblocker-icapserver/src/main/java/org/eblocker/server/http/service/FileSystemWatchService.java,aa171d83993e0fdecedde3bb8fa1fdafe7e30b3d,eblocker-icapserver,"retain until replacement parity; inventoried, not semantically certified",R8 feature migration,contract + feature + upgrade tests; no deletion before evidence
eblocker-icapserver/src/main/java/org/eblocker/server/http/service/HttpTransactionContext.java,c3dc5ba63ca97cbee11e52fa9b38bf2c9a54543f,eblocker-icapserver,"retain until replacement parity; inventoried, not semantically certified",R8 feature migration,contract + feature + upgrade tests; no deletion before evidence
eblocker-icapserver/src/main/java/org/eblocker/server/http/service/HttpTransactionIdentifier.java,3e66212f06227946cee894e6c38085d3a5331eb5,eblocker-icapserver,"retain until replacement parity; inventoried, not semantically certified",R8 feature migration,contract + feature + upgrade tests; no deletion before evidence
eblocker-icapserver/src/main/java/org/eblocker/server/http/service/MessageCenterService.java,15daa70bb888f41559f29fcf7ffd35cc6a575d02,eblocker-icapserver,"retain until replacement parity; inventoried, not semantically certified",R8 feature migration,contract + feature + upgrade tests; no deletion before evidence
eblocker-icapserver/src/main/java/org/eblocker/server/http/service/OpenVpnServerService.java,fb59d0ddef503a6aa068b7afa043e9367659fdb9,eblocker-icapserver,"retain until replacement parity; inventoried, not semantically certified",R8 feature migration,contract + feature + upgrade tests; no deletion before evidence
eblocker-icapserver/src/main/java/org/eblocker/server/http/service/ParentalControlAccessRestrictionsService.java,27c851323a605e59d9f4403f2b4c7aadf7b69438,eblocker-icapserver,"retain until replacement parity; inventoried, not semantically certified",R8 feature migration,contract + feature + upgrade tests; no deletion before evidence
eblocker-icapserver/src/main/java/org/eblocker/server/http/service/ParentalControlEnforcerService.java,c48d624d7aa70db2e902684f7e8ca85eaa9d2e1b,eblocker-icapserver,"retain until replacement parity; inventoried, not semantically certified",R8 feature migration,contract + feature + upgrade tests; no deletion before evidence
eblocker-icapserver/src/main/java/org/eblocker/server/http/service/ParentalControlFilterListsService.java,14a53eff0c11f19778eb41fb349eb2b965b08081,eblocker-icapserver,"retain until replacement parity; inventoried, not semantically certified",R8 feature migration,contract + feature + upgrade tests; no deletion before evidence
eblocker-icapserver/src/main/java/org/eblocker/server/http/service/ParentalControlSearchEngineConfigService.java,543079b7400dafa4cf60f9f6e60764d815cbc8f7,eblocker-icapserver,"retain until replacement parity; inventoried, not semantically certified",R8 feature migration,contract + feature + upgrade tests; no deletion before evidence
eblocker-icapserver/src/main/java/org/eblocker/server/http/service/ParentalControlService.java,a2afb4f474650c3da4302d23eb3f57847fe1baf3,eblocker-icapserver,"retain until replacement parity; inventoried, not semantically certified",R8 feature migration,contract + feature + upgrade tests; no deletion before evidence
eblocker-icapserver/src/main/java/org/eblocker/server/http/service/ParentalControlUsageService.java,182b455f5e5c85ee064e72d4129cb937c00c3bb6,eblocker-icapserver,"retain until replacement parity; inventoried, not semantically certified",R8 feature migration,contract + feature + upgrade tests; no deletion before evidence
eblocker-icapserver/src/main/java/org/eblocker/server/http/service/ProductInfoService.java,3f5a323028af2dd5325e43661afa9299990662e8,eblocker-icapserver,"retain until replacement parity; inventoried, not semantically certified",R8 feature migration,contract + feature + upgrade tests; no deletion before evidence
eblocker-icapserver/src/main/java/org/eblocker/server/http/service/ProductMigrationService.java,4915842f5e74c76be1d5d85a44483df03bb38622,eblocker-icapserver,"retain until replacement parity; inventoried, not semantically certified",R8 feature migration,contract + feature + upgrade tests; no deletion before evidence
eblocker-icapserver/src/main/java/org/eblocker/server/http/service/RecordingService.java,f21695aef1521f0c6387d0c7f227e20aabab1a9e,eblocker-icapserver,"retain until replacement parity; inventoried, not semantically certified",R8 feature migration,contract + feature + upgrade tests; no deletion before evidence
eblocker-icapserver/src/main/java/org/eblocker/server/http/service/RegistrationService.java,71a4a6dad288ce3e49439c586cd33c1586eb7e09,eblocker-icapserver,"retain until replacement parity; inventoried, not semantically certified",R8 feature migration,contract + feature + upgrade tests; no deletion before evidence
eblocker-icapserver/src/main/java/org/eblocker/server/http/service/RegistrationServiceAvailabilityCheck.java,7f7c444be5ae09fbecd299bc399724360e3685c9,eblocker-icapserver,"retain until replacement parity; inventoried, not semantically certified",R8 feature migration,contract + feature + upgrade tests; no deletion before evidence
eblocker-icapserver/src/main/java/org/eblocker/server/http/service/ReminderService.java,f56938a8297bcc3d1eb923f306f422fb5f6dbc29,eblocker-icapserver,"retain until replacement parity; inventoried, not semantically certified",R8 feature migration,contract + feature + upgrade tests; no deletion before evidence
eblocker-icapserver/src/main/java/org/eblocker/server/http/service/SSLWhitelistService.java,ba3f0b0c2145c67cb35272bc57c3422c724696a1,eblocker-icapserver,"retain until replacement parity; inventoried, not semantically certified",R8 feature migration,contract + feature + upgrade tests; no deletion before evidence
eblocker-icapserver/src/main/java/org/eblocker/server/http/service/SettingsService.java,97db6e1fb193f23e75cdf75cb26ea196831c87a4,eblocker-icapserver,"retain until replacement parity; inventoried, not semantically certified",R8 feature migration,contract + feature + upgrade tests; no deletion before evidence
eblocker-icapserver/src/main/java/org/eblocker/server/http/service/ShutdownExecutorService.java,f79332dbc605cf0175cbb562c8fb1392b7dd0925,eblocker-icapserver,"retain until replacement parity; inventoried, not semantically certified",R8 feature migration,contract + feature + upgrade tests; no deletion before evidence
eblocker-icapserver/src/main/java/org/eblocker/server/http/service/ShutdownService.java,1359e0a05db8de7ba830c26c7cf9627e19ede345,eblocker-icapserver,"retain until replacement parity; inventoried, not semantically certified",R8 feature migration,contract + feature + upgrade tests; no deletion before evidence
eblocker-icapserver/src/main/java/org/eblocker/server/http/service/SplashService.java,d16cd352e9afdd97eddc1a6c1245c705c1922d0f,eblocker-icapserver,"retain until replacement parity; inventoried, not semantically certified",R8 feature migration,contract + feature + upgrade tests; no deletion before evidence
eblocker-icapserver/src/main/java/org/eblocker/server/http/service/SuccessfulSSLDomains.java,2777761a8edb74b3d528a45147ed790355c1465f,eblocker-icapserver,"retain until replacement parity; inventoried, not semantically certified",R8 feature migration,contract + feature + upgrade tests; no deletion before evidence
eblocker-icapserver/src/main/java/org/eblocker/server/http/service/SystemStatusService.java,47671e7c6b076329e23142fcf446cf15a9a5f962,eblocker-icapserver,"retain until replacement parity; inventoried, not semantically certified",R8 feature migration,contract + feature + upgrade tests; no deletion before evidence
eblocker-icapserver/src/main/java/org/eblocker/server/http/service/TasksService.java,cb353900a5807460c2cddf5ada4d5a07ea12834a,eblocker-icapserver,"retain until replacement parity; inventoried, not semantically certified",R8 feature migration,contract + feature + upgrade tests; no deletion before evidence
eblocker-icapserver/src/main/java/org/eblocker/server/http/service/UserAgentService.java,df57596206768f2a1ededee7f3ff8a068472f062,eblocker-icapserver,"retain until replacement parity; inventoried, not semantically certified",R8 feature migration,contract + feature + upgrade tests; no deletion before evidence
eblocker-icapserver/src/main/java/org/eblocker/server/http/service/UserService.java,f2f15bd481236a25c776e34aef811d4241642097,eblocker-icapserver,"retain until replacement parity; inventoried, not semantically certified",R8 feature migration,contract + feature + upgrade tests; no deletion before evidence
eblocker-icapserver/src/main/java/org/eblocker/server/http/service/VersionService.java,d2a286e14d15b1e8e28c85761ae7d4e7e911a01f,eblocker-icapserver,"retain until replacement parity; inventoried, not semantically certified",R8 feature migration,contract + feature + upgrade tests; no deletion before evidence
eblocker-icapserver/src/main/java/org/eblocker/server/http/service/VpnServerService.java,ed9297f0d4eb10dd358b27d00ae59a3c9cdfbf89,eblocker-icapserver,"retain until replacement parity; inventoried, not semantically certified",R8 feature migration,contract + feature + upgrade tests; no deletion before evidence
eblocker-icapserver/src/main/java/org/eblocker/server/http/ssl/AppWhitelistModule.java,173b018ee502a9b11b8b68e52acfe3546ae257f1,eblocker-icapserver,"retain until replacement parity; inventoried, not semantically certified",R8 feature migration,contract + feature + upgrade tests; no deletion before evidence
eblocker-icapserver/src/main/java/org/eblocker/server/http/ssl/AppWhitelistModuleBase.java,26beabfb4592cbee9369de7c1c3eff1e110f20ad,eblocker-icapserver,"retain until replacement parity; inventoried, not semantically certified",R8 feature migration,contract + feature + upgrade tests; no deletion before evidence
eblocker-icapserver/src/main/java/org/eblocker/server/http/ssl/AppWhitelistModuleDisplay.java,9b9ca8a00a1812ac76191575ff9103d41cffeafa,eblocker-icapserver,"retain until replacement parity; inventoried, not semantically certified",R8 feature migration,contract + feature + upgrade tests; no deletion before evidence
eblocker-icapserver/src/main/java/org/eblocker/server/http/ssl/Suggestions.java,8b7593c8017f0b7f4a4e292b0335a93ef897730e,eblocker-icapserver,"retain until replacement parity; inventoried, not semantically certified",R8 feature migration,contract + feature + upgrade tests; no deletion before evidence
eblocker-icapserver/src/main/java/org/eblocker/server/http/utils/ControllerUtils.java,35f0759032d28b6149670c0b09d40e57614a6c03,eblocker-icapserver,"retain until replacement parity; inventoried, not semantically certified",R8 feature migration,contract + feature + upgrade tests; no deletion before evidence
eblocker-icapserver/src/main/java/org/eblocker/server/http/utils/NormalizationUtils.java,f4a5f837b7692ebed3f3636d2cee079112a6d35c,eblocker-icapserver,"retain until replacement parity; inventoried, not semantically certified",R8 feature migration,contract + feature + upgrade tests; no deletion before evidence
eblocker-icapserver/src/main/java/org/eblocker/server/icap/ch/mimo/icap/IcapRequestHandler.java,fe18c3f603afca981ad9013c705705c093193e1d,eblocker-icapserver,"retain until replacement parity; inventoried, not semantically certified",R8 feature migration,contract + feature + upgrade tests; no deletion before evidence
eblocker-icapserver/src/main/java/org/eblocker/server/icap/ch/mimo/icap/IcapResponseHandler.java,31851d2ee31592c31a43ae7427c26c24d69e6818,eblocker-icapserver,"retain until replacement parity; inventoried, not semantically certified",R8 feature migration,contract + feature + upgrade tests; no deletion before evidence
eblocker-icapserver/src/main/java/org/eblocker/server/icap/ch/mimo/icap/IcapTransaction.java,7c47d1e6345ade3a777b5229e0ff7030b77590ca,eblocker-icapserver,"retain until replacement parity; inventoried, not semantically certified",R8 feature migration,contract + feature + upgrade tests; no deletion before evidence
eblocker-icapserver/src/main/java/org/eblocker/server/icap/filter/AbstractFilter.java,92d27eb0e03568b1c50da6ec90fa2ebf68c47bc8,eblocker-icapserver,"retain until replacement parity; inventoried, not semantically certified",R8 feature migration,contract + feature + upgrade tests; no deletion before evidence
eblocker-icapserver/src/main/java/org/eblocker/server/icap/filter/Category.java,ad9d615b20c216c8c92d19de6e3b74c58c287996,eblocker-icapserver,"retain until replacement parity; inventoried, not semantically certified",R8 feature migration,contract + feature + upgrade tests; no deletion before evidence
eblocker-icapserver/src/main/java/org/eblocker/server/icap/filter/Filter.java,53e17ccd6f725fc89bd9388ba4432563247ddd1c,eblocker-icapserver,"retain until replacement parity; inventoried, not semantically certified",R8 feature migration,contract + feature + upgrade tests; no deletion before evidence
eblocker-icapserver/src/main/java/org/eblocker/server/icap/filter/FilterContainer.java,1c7542d458b420dc5d6b1f58fbb27cff4e5c49b7,eblocker-icapserver,"retain until replacement parity; inventoried, not semantically certified",R8 feature migration,contract + feature + upgrade tests; no deletion before evidence
eblocker-icapserver/src/main/java/org/eblocker/server/icap/filter/FilterDefinitionFormat.java,d640618cc2a57c975aeafa6801f5eca98f9fc5b1,eblocker-icapserver,"retain until replacement parity; inventoried, not semantically certified",R8 feature migration,contract + feature + upgrade tests; no deletion before evidence
eblocker-icapserver/src/main/java/org/eblocker/server/icap/filter/FilterDomainContainer.java,086009cdc3b2a4cf38c5dd6a3a2372b4d8492bf6,eblocker-icapserver,"retain until replacement parity; inventoried, not semantically certified",R8 feature migration,contract + feature + upgrade tests; no deletion before evidence
eblocker-icapserver/src/main/java/org/eblocker/server/icap/filter/FilterLearningMode.java,005b30a7d668bd31ca8cd700ac65b5e389bd67ed,eblocker-icapserver,"retain until replacement parity; inventoried, not semantically certified",R8 feature migration,contract + feature + upgrade tests; no deletion before evidence
eblocker-icapserver/src/main/java/org/eblocker/server/icap/filter/FilterLineParser.java,327adf7de7c26c70d437f7bee9a639becbbcd008,eblocker-icapserver,"retain until replacement parity; inventoried, not semantically certified",R8 feature migration,contract + feature + upgrade tests; no deletion before evidence
eblocker-icapserver/src/main/java/org/eblocker/server/icap/filter/FilterList.java,66f9751b5bc264463795770af691a908d3a07c78,eblocker-icapserver,"retain until replacement parity; inventoried, not semantically certified",R8 feature migration,contract + feature + upgrade tests; no deletion before evidence
eblocker-icapserver/src/main/java/org/eblocker/server/icap/filter/FilterManager.java,bd86e0f5017a153cccd30f5dbe8937742761820a,eblocker-icapserver,"retain until replacement parity; inventoried, not semantically certified",R8 feature migration,contract + feature + upgrade tests; no deletion before evidence
eblocker-icapserver/src/main/java/org/eblocker/server/icap/filter/FilterParser.java,5163a251b135c72ef7964b608c3d8497ef4b95cb,eblocker-icapserver,"retain until replacement parity; inventoried, not semantically certified",R8 feature migration,contract + feature + upgrade tests; no deletion before evidence
eblocker-icapserver/src/main/java/org/eblocker/server/icap/filter/FilterPriority.java,3648953e12679a34a0d0a90f52bd83601ec76890,eblocker-icapserver,"retain until replacement parity; inventoried, not semantically certified",R8 feature migration,contract + feature + upgrade tests; no deletion before evidence
eblocker-icapserver/src/main/java/org/eblocker/server/icap/filter/FilterResult.java,7ae4992fd04b94d16d4230269f756595611ef06d,eblocker-icapserver,"retain until replacement parity; inventoried, not semantically certified",R8 feature migration,contract + feature + upgrade tests; no deletion before evidence
eblocker-icapserver/src/main/java/org/eblocker/server/icap/filter/FilterStore.java,01a314347b9f48afa834fd77ace0caa96b31744f,eblocker-icapserver,"retain until replacement parity; inventoried, not semantically certified",R8 feature migration,contract + feature + upgrade tests; no deletion before evidence
eblocker-icapserver/src/main/java/org/eblocker/server/icap/filter/FilterStoreConfiguration.java,0e51743eb6ba882449c141e136b13e2dcc9ffc8e,eblocker-icapserver,"retain until replacement parity; inventoried, not semantically certified",R8 feature migration,contract + feature + upgrade tests; no deletion before evidence
eblocker-icapserver/src/main/java/org/eblocker/server/icap/filter/FilterType.java,95062e668a1a44f724ed9f5f0d5d229ede501253,eblocker-icapserver,"retain until replacement parity; inventoried, not semantically certified",R8 feature migration,contract + feature + upgrade tests; no deletion before evidence
eblocker-icapserver/src/main/java/org/eblocker/server/icap/filter/FilterWrapper.java,1efaf99d787fbed520f251f5b91fbe395a67f1f7,eblocker-icapserver,"retain until replacement parity; inventoried, not semantically certified",R8 feature migration,contract + feature + upgrade tests; no deletion before evidence
eblocker-icapserver/src/main/java/org/eblocker/server/icap/filter/NullFilter.java,2e1d4d2c1b5981b88d4781c15e2e4d02cee0b2aa,eblocker-icapserver,"retain until replacement parity; inventoried, not semantically certified",R8 feature migration,contract + feature + upgrade tests; no deletion before evidence
eblocker-icapserver/src/main/java/org/eblocker/server/icap/filter/bpjm/BpjmEntry.java,ed42395308cc82743af2b0c532ffb14adda9f568,eblocker-icapserver,"retain until replacement parity; inventoried, not semantically certified",R8 feature migration,contract + feature + upgrade tests; no deletion before evidence
eblocker-icapserver/src/main/java/org/eblocker/server/icap/filter/bpjm/BpjmFilter.java,772a0dfce242a6e9f3b77d62a07a0003dcbef867,eblocker-icapserver,"retain until replacement parity; inventoried, not semantically certified",R8 feature migration,contract + feature + upgrade tests; no deletion before evidence
eblocker-icapserver/src/main/java/org/eblocker/server/icap/filter/bpjm/BpjmFilterDecision.java,da1357c87335e2835344b7f5ad31598e7a0b738d,eblocker-icapserver,"retain until replacement parity; inventoried, not semantically certified",R8 feature migration,contract + feature + upgrade tests; no deletion before evidence
eblocker-icapserver/src/main/java/org/eblocker/server/icap/filter/bpjm/BpjmFilterService.java,17a4f8a68dd44ed3478b0e31ab74906d4b2413c8,eblocker-icapserver,"retain until replacement parity; inventoried, not semantically certified",R8 feature migration,contract + feature + upgrade tests; no deletion before evidence
eblocker-icapserver/src/main/java/org/eblocker/server/icap/filter/bpjm/BpjmModul.java,a8268821ede9eb83a747dfa1550fa4cf01f93cf0,eblocker-icapserver,"retain until replacement parity; inventoried, not semantically certified",R8 feature migration,contract + feature + upgrade tests; no deletion before evidence
eblocker-icapserver/src/main/java/org/eblocker/server/icap/filter/bpjm/BpjmModulSerializer.java,aee8c84bf20c9f223c6c908d4ad7cc69edff5f34,eblocker-icapserver,"retain until replacement parity; inventoried, not semantically certified",R8 feature migration,contract + feature + upgrade tests; no deletion before evidence
eblocker-icapserver/src/main/java/org/eblocker/server/icap/filter/bpjm/BpjmNormalizedUrl.java,d3b0b4e00dc3c912275384576f87b1d27f5b264a,eblocker-icapserver,"retain until replacement parity; inventoried, not semantically certified",R8 feature migration,contract + feature + upgrade tests; no deletion before evidence
eblocker-icapserver/src/main/java/org/eblocker/server/icap/filter/content/ContentAction.java,ba960411c7c3fd809d2c680b7e14f1c3ffaf3477,eblocker-icapserver,"retain until replacement parity; inventoried, not semantically certified",R8 feature migration,contract + feature + upgrade tests; no deletion before evidence
eblocker-icapserver/src/main/java/org/eblocker/server/icap/filter/content/ContentFilter.java,4bd13ffd3c66e1ff61513f809b9b85d319c27a04,eblocker-icapserver,"retain until replacement parity; inventoried, not semantically certified",R8 feature migration,contract + feature + upgrade tests; no deletion before evidence
eblocker-icapserver/src/main/java/org/eblocker/server/icap/filter/content/ContentFilterList.java,24bfc076aa821d2f8d36a9de6fc43fc83613fe48,eblocker-icapserver,"retain until replacement parity; inventoried, not semantically certified",R8 feature migration,contract + feature + upgrade tests; no deletion before evidence
eblocker-icapserver/src/main/java/org/eblocker/server/icap/filter/content/ContentFilterManager.java,f715ea69aac48a798779312fbc0c8df1957cf871,eblocker-icapserver,"retain until replacement parity; inventoried, not semantically certified",R8 feature migration,contract + feature + upgrade tests; no deletion before evidence
eblocker-icapserver/src/main/java/org/eblocker/server/icap/filter/content/ContentFilterParser.java,26e48af124ca143aeb57682c30627d29950b52ae,eblocker-icapserver,"retain until replacement parity; inventoried, not semantically certified",R8 feature migration,contract + feature + upgrade tests; no deletion before evidence
eblocker-icapserver/src/main/java/org/eblocker/server/icap/filter/content/ContentFilterService.java,05ab1be2f73076bb0dc1fd55c9b387ca63fd266d,eblocker-icapserver,"retain until replacement parity; inventoried, not semantically certified",R8 feature migration,contract + feature + upgrade tests; no deletion before evidence
eblocker-icapserver/src/main/java/org/eblocker/server/icap/filter/content/Domain.java,34b33a4205c0fb18412979c4c0f20b96ae57bee0,eblocker-icapserver,"retain until replacement parity; inventoried, not semantically certified",R8 feature migration,contract + feature + upgrade tests; no deletion before evidence
eblocker-icapserver/src/main/java/org/eblocker/server/icap/filter/content/DomainEntity.java,935d2a4ec61b34edaa3d05408bbb1851b49bbdad,eblocker-icapserver,"retain until replacement parity; inventoried, not semantically certified",R8 feature migration,contract + feature + upgrade tests; no deletion before evidence
eblocker-icapserver/src/main/java/org/eblocker/server/icap/filter/content/ElementHidingFilter.java,2a43f3966772351550503cf7ab019100b7653899,eblocker-icapserver,"retain until replacement parity; inventoried, not semantically certified",R8 feature migration,contract + feature + upgrade tests; no deletion before evidence
eblocker-icapserver/src/main/java/org/eblocker/server/icap/filter/content/ScriptletFilter.java,349a2548d0e6ad94343066b2d44a43c5746c2d1e,eblocker-icapserver,"retain until replacement parity; inventoried, not semantically certified",R8 feature migration,contract + feature + upgrade tests; no deletion before evidence
eblocker-icapserver/src/main/java/org/eblocker/server/icap/filter/csv/CSVLineParser.java,19e2cdf2a08ac536cf17ff5922c19b15290b9930,eblocker-icapserver,"retain until replacement parity; inventoried, not semantically certified",R8 feature migration,contract + feature + upgrade tests; no deletion before evidence
eblocker-icapserver/src/main/java/org/eblocker/server/icap/filter/easylist/EasyListLineParser.java,50d6e83de7cbbf4d3e2e6771d0b1242cfd5c2400,eblocker-icapserver,"retain until replacement parity; inventoried, not semantically certified",R8 feature migration,contract + feature + upgrade tests; no deletion before evidence
eblocker-icapserver/src/main/java/org/eblocker/server/icap/filter/easylist/EasyListLineParserUtils.java,5883fba4afef60468d0df289466184d5e1c9a78c,eblocker-icapserver,"retain until replacement parity; inventoried, not semantically certified",R8 feature migration,contract + feature + upgrade tests; no deletion before evidence
eblocker-icapserver/src/main/java/org/eblocker/server/icap/filter/easylist/EasyListRuleType.java,cb27f8faacfd1d5b88b18f15bfc2f6b56c3adeb1,eblocker-icapserver,"retain until replacement parity; inventoried, not semantically certified",R8 feature migration,contract + feature + upgrade tests; no deletion before evidence
eblocker-icapserver/src/main/java/org/eblocker/server/icap/filter/json/JSONMarshaller.java,8a6868c468db580caff7ac2f287dbc3ec7e8e9bd,eblocker-icapserver,"retain until replacement parity; inventoried, not semantically certified",R8 feature migration,contract + feature + upgrade tests; no deletion before evidence
eblocker-icapserver/src/main/java/org/eblocker/server/icap/filter/learning/AsynchronousLearningFilter.java,0a6d6d29173e1111e0a9b0de06f2cf2fc9a2541c,eblocker-icapserver,"retain until replacement parity; inventoried, not semantically certified",R8 feature migration,contract + feature + upgrade tests; no deletion before evidence
eblocker-icapserver/src/main/java/org/eblocker/server/icap/filter/learning/LearningFilter.java,83ce24e200507bd93dd108640b954dc7fd553d22,eblocker-icapserver,"retain until replacement parity; inventoried, not semantically certified",R8 feature migration,contract + feature + upgrade tests; no deletion before evidence
eblocker-icapserver/src/main/java/org/eblocker/server/icap/filter/learning/NotLearningFilter.java,c4b88361e2a04c15a7cddebfa8ff9a9e8e4415dc,eblocker-icapserver,"retain until replacement parity; inventoried, not semantically certified",R8 feature migration,contract + feature + upgrade tests; no deletion before evidence
eblocker-icapserver/src/main/java/org/eblocker/server/icap/filter/learning/SynchronousLearningFilter.java,26889e50d8fd01a34a1c91fd3bdaaaa2603e2c3f,eblocker-icapserver,"retain until replacement parity; inventoried, not semantically certified",R8 feature migration,contract + feature + upgrade tests; no deletion before evidence
eblocker-icapserver/src/main/java/org/eblocker/server/icap/filter/url/ContentMatcher.java,f4561ea549f9022643ad8a350d787b71424b06c2,eblocker-icapserver,"retain until replacement parity; inventoried, not semantically certified",R8 feature migration,contract + feature + upgrade tests; no deletion before evidence
eblocker-icapserver/src/main/java/org/eblocker/server/icap/filter/url/ContentMatchers.java,5032de54a75fcac660aeed56cd4d8b0b3d7b5c97,eblocker-icapserver,"retain until replacement parity; inventoried, not semantically certified",R8 feature migration,contract + feature + upgrade tests; no deletion before evidence
eblocker-icapserver/src/main/java/org/eblocker/server/icap/filter/url/ContentType.java,ed0a0f4e959a80a6c57c744c74f956e967257b46,eblocker-icapserver,"retain until replacement parity; inventoried, not semantically certified",R8 feature migration,contract + feature + upgrade tests; no deletion before evidence
eblocker-icapserver/src/main/java/org/eblocker/server/icap/filter/url/DomainExcluder.java,a972b2a2d1c4c54e5ba1e383d9c1cb430cb5c8de,eblocker-icapserver,"retain until replacement parity; inventoried, not semantically certified",R8 feature migration,contract + feature + upgrade tests; no deletion before evidence
eblocker-icapserver/src/main/java/org/eblocker/server/icap/filter/url/StringMatchType.java,3294dfa6c82d5ccbc3b6a8a1276a78b59fb56cba,eblocker-icapserver,"retain until replacement parity; inventoried, not semantically certified",R8 feature migration,contract + feature + upgrade tests; no deletion before evidence
eblocker-icapserver/src/main/java/org/eblocker/server/icap/filter/url/UrlFilter.java,4d836c1f0057d514a8ef1a38374432281f3ffb48,eblocker-icapserver,"retain until replacement parity; inventoried, not semantically certified",R8 feature migration,contract + feature + upgrade tests; no deletion before evidence
eblocker-icapserver/src/main/java/org/eblocker/server/icap/filter/url/UrlFilterFactory.java,a7318b0277b3a10a7cc126d2db28e633f281d570,eblocker-icapserver,"retain until replacement parity; inventoried, not semantically certified",R8 feature migration,contract + feature + upgrade tests; no deletion before evidence
eblocker-icapserver/src/main/java/org/eblocker/server/icap/filter/url/UrlLineParser.java,83465ed7ade5655b21502c8b1190aba863cdcf0e,eblocker-icapserver,"retain until replacement parity; inventoried, not semantically certified",R8 feature migration,contract + feature + upgrade tests; no deletion before evidence
eblocker-icapserver/src/main/java/org/eblocker/server/icap/logging/EblockerLoggingHandler.java,d8445b215f90109fac100f06037c82a571419521,eblocker-icapserver,"retain until replacement parity; inventoried, not semantically certified",R8 feature migration,contract + feature + upgrade tests; no deletion before evidence
eblocker-icapserver/src/main/java/org/eblocker/server/icap/resources/DefaultEblockerResource.java,cad50474ede6501268fec200c0efe29560bebccb,eblocker-icapserver,"retain until replacement parity; inventoried, not semantically certified",R8 feature migration,contract + feature + upgrade tests; no deletion before evidence
eblocker-icapserver/src/main/java/org/eblocker/server/icap/resources/EblockerResource.java,3ac085844184b2120517455193a78474161393b4,eblocker-icapserver,"retain until replacement parity; inventoried, not semantically certified",R8 feature migration,contract + feature + upgrade tests; no deletion before evidence
eblocker-icapserver/src/main/java/org/eblocker/server/icap/resources/OnePixelImage.java,d5bb42082234828e223284a23758306876f913cc,eblocker-icapserver,"retain until replacement parity; inventoried, not semantically certified",R8 feature migration,contract + feature + upgrade tests; no deletion before evidence
eblocker-icapserver/src/main/java/org/eblocker/server/icap/resources/ResourceHandler.java,fa61a668f106c1ef580546b490d4c076234dcc01,eblocker-icapserver,"retain until replacement parity; inventoried, not semantically certified",R8 feature migration,contract + feature + upgrade tests; no deletion before evidence
eblocker-icapserver/src/main/java/org/eblocker/server/icap/resources/SimpleResource.java,05a49e076288a5724f4cf7b8d98890430ddd5fe9,eblocker-icapserver,"retain until replacement parity; inventoried, not semantically certified",R8 feature migration,contract + feature + upgrade tests; no deletion before evidence
eblocker-icapserver/src/main/java/org/eblocker/server/icap/resources/TemplateExpander.java,6e8f4446c2d13433395734221d776d52585360ae,eblocker-icapserver,"retain until replacement parity; inventoried, not semantically certified",R8 feature migration,contract + feature + upgrade tests; no deletion before evidence
eblocker-icapserver/src/main/java/org/eblocker/server/icap/server/EblockerIcapServer.java,472c36c8d299486b4d97e43b0aefae7b6e6ad677,eblocker-icapserver,"retain until replacement parity; inventoried, not semantically certified",R8 feature migration,contract + feature + upgrade tests; no deletion before evidence
eblocker-icapserver/src/main/java/org/eblocker/server/icap/server/EblockerIcapServerChannelPipelineFactory.java,7e3a0125255eb2e85e686cc5c8f9704185cdb5a6,eblocker-icapserver,"retain until replacement parity; inventoried, not semantically certified",R8 feature migration,contract + feature + upgrade tests; no deletion before evidence
eblocker-icapserver/src/main/java/org/eblocker/server/icap/server/EblockerIcapServerConstants.java,68c34bb840c2e10cf388896ddad9238d4ea9b601,eblocker-icapserver,"retain until replacement parity; inventoried, not semantically certified",R8 feature migration,contract + feature + upgrade tests; no deletion before evidence
eblocker-icapserver/src/main/java/org/eblocker/server/icap/service/CustomDomainFilterWhitelistService.java,36586960fbc4c34aeb1bc4e92086ad2016115fef,eblocker-icapserver,"retain until replacement parity; inventoried, not semantically certified",R8 feature migration,contract + feature + upgrade tests; no deletion before evidence
eblocker-icapserver/src/main/java/org/eblocker/server/icap/service/ScriptletService.java,9a515342b70241abe95813781cdaf3008a961481,eblocker-icapserver,"retain until replacement parity; inventoried, not semantically certified",R8 feature migration,contract + feature + upgrade tests; no deletion before evidence
eblocker-icapserver/src/main/java/org/eblocker/server/icap/service/SurrogateRule.java,c1fcc8bb9d1a9580103f24b01734900d62a56661,eblocker-icapserver,"retain until replacement parity; inventoried, not semantically certified",R8 feature migration,contract + feature + upgrade tests; no deletion before evidence
eblocker-icapserver/src/main/java/org/eblocker/server/icap/service/SurrogateService.java,0fc8a6622f01307b2dbc2d438ae177f94cd2c79c,eblocker-icapserver,"retain until replacement parity; inventoried, not semantically certified",R8 feature migration,contract + feature + upgrade tests; no deletion before evidence
eblocker-icapserver/src/main/java/org/eblocker/server/icap/transaction/AbstractTransaction.java,9123dde18f512c7f3c4f0e7e6a1f3ef24793b85e,eblocker-icapserver,"retain until replacement parity; inventoried, not semantically certified",R8 feature migration,contract + feature + upgrade tests; no deletion before evidence
eblocker-icapserver/src/main/java/org/eblocker/server/icap/transaction/ContentEncoding.java,8d4a1423d8b76b90969ec9cb3f39a68e26784eeb,eblocker-icapserver,"retain until replacement parity; inventoried, not semantically certified",R8 feature migration,contract + feature + upgrade tests; no deletion before evidence
eblocker-icapserver/src/main/java/org/eblocker/server/icap/transaction/Injections.java,67f9d81521da4fdad1a1118fb580d15bd1485409,eblocker-icapserver,"retain until replacement parity; inventoried, not semantically certified",R8 feature migration,contract + feature + upgrade tests; no deletion before evidence
eblocker-icapserver/src/main/java/org/eblocker/server/icap/transaction/Transaction.java,43451ccd5df57d46460b766c45ee62f65215d653,eblocker-icapserver,"retain until replacement parity; inventoried, not semantically certified",R8 feature migration,contract + feature + upgrade tests; no deletion before evidence
eblocker-icapserver/src/main/java/org/eblocker/server/icap/transaction/TransactionHandler.java,7a27ec5acefecd9590f96a8f835f00b14b8f73ab,eblocker-icapserver,"retain until replacement parity; inventoried, not semantically certified",R8 feature migration,contract + feature + upgrade tests; no deletion before evidence
eblocker-icapserver/src/main/java/org/eblocker/server/icap/transaction/TransactionProcessor.java,84be4a4cbdd5763d3601ad1d948fc53d48ebafc7,eblocker-icapserver,"retain until replacement parity; inventoried, not semantically certified",R8 feature migration,contract + feature + upgrade tests; no deletion before evidence
eblocker-icapserver/src/main/java/org/eblocker/server/icap/transaction/TransactionProcessorsConfiguration.java,0a6f92c488ad5955d51abad3bcf8f834efea7b0b,eblocker-icapserver,"retain until replacement parity; inventoried, not semantically certified",R8 feature migration,contract + feature + upgrade tests; no deletion before evidence
eblocker-icapserver/src/main/java/org/eblocker/server/icap/transaction/TransactionProcessorsModule.java,90cc2e3c0a16a371d1cd3639c21b6f7673b48046,eblocker-icapserver,"retain until replacement parity; inventoried, not semantically certified",R8 feature migration,contract + feature + upgrade tests; no deletion before evidence
eblocker-icapserver/src/main/java/org/eblocker/server/icap/transaction/processor/AdBlockerProcessor.java,a347a3e42cb5c5b46a4ac3d537e250c478d1a6f4,eblocker-icapserver,"retain until replacement parity; inventoried, not semantically certified",R8 feature migration,contract + feature + upgrade tests; no deletion before evidence
eblocker-icapserver/src/main/java/org/eblocker/server/icap/transaction/processor/BpjmFilterProcessor.java,40077f5c1ea1ef9042b3826a03619191f0741dd1,eblocker-icapserver,"retain until replacement parity; inventoried, not semantically certified",R8 feature migration,contract + feature + upgrade tests; no deletion before evidence
eblocker-icapserver/src/main/java/org/eblocker/server/icap/transaction/processor/CaptivePortalCheckProcessor.java,07a31fea344cb4956fd0d5ba792d6808e346aa94,eblocker-icapserver,"retain until replacement parity; inventoried, not semantically certified",R8 feature migration,contract + feature + upgrade tests; no deletion before evidence
eblocker-icapserver/src/main/java/org/eblocker/server/icap/transaction/processor/CompressProcessor.java,5620444074043b8cbca4aa8c904d61a98f006c63,eblocker-icapserver,"retain until replacement parity; inventoried, not semantically certified",R8 feature migration,contract + feature + upgrade tests; no deletion before evidence
eblocker-icapserver/src/main/java/org/eblocker/server/icap/transaction/processor/ContentFilterProcessor.java,0b634fc1a68cdfe83663341c14d1bf0b879ab58c,eblocker-icapserver,"retain until replacement parity; inventoried, not semantically certified",R8 feature migration,contract + feature + upgrade tests; no deletion before evidence
eblocker-icapserver/src/main/java/org/eblocker/server/icap/transaction/processor/ContentSecurityPoliciesProcessor.java,a42322e7eb5715c8448e7a89e1f3a48fa52e398b,eblocker-icapserver,"retain until replacement parity; inventoried, not semantically certified",R8 feature migration,contract + feature + upgrade tests; no deletion before evidence
eblocker-icapserver/src/main/java/org/eblocker/server/icap/transaction/processor/CspControlBarProcessor.java,1c495195a81c5ea5396df07078cc073c90c80cd9,eblocker-icapserver,"retain until replacement parity; inventoried, not semantically certified",R8 feature migration,contract + feature + upgrade tests; no deletion before evidence
eblocker-icapserver/src/main/java/org/eblocker/server/icap/transaction/processor/CustomDomainFilterWhitelistProcessor.java,0b5e6af1fcff2807adc71e95103154c140d48ebb,eblocker-icapserver,"retain until replacement parity; inventoried, not semantically certified",R8 feature migration,contract + feature + upgrade tests; no deletion before evidence
eblocker-icapserver/src/main/java/org/eblocker/server/icap/transaction/processor/DecompressProcessor.java,0cbedcdd0c8fe075bd8bfd2868c24e5b8ad6c39e,eblocker-icapserver,"retain until replacement parity; inventoried, not semantically certified",R8 feature migration,contract + feature + upgrade tests; no deletion before evidence
eblocker-icapserver/src/main/java/org/eblocker/server/icap/transaction/processor/DomainWhiteListProcessor.java,7dd1aa84a44b82e85884ba4a61a311f294aa6858,eblocker-icapserver,"retain until replacement parity; inventoried, not semantically certified",R8 feature migration,contract + feature + upgrade tests; no deletion before evidence
eblocker-icapserver/src/main/java/org/eblocker/server/icap/transaction/processor/EBlockerFilterProcessor.java,b613a6ba1ae0d2269563738a36f648bd622ae764,eblocker-icapserver,"retain until replacement parity; inventoried, not semantically certified",R8 feature migration,contract + feature + upgrade tests; no deletion before evidence
eblocker-icapserver/src/main/java/org/eblocker/server/icap/transaction/processor/FinalizeProcessor.java,6440c572fc4b4eafb2d401fe665f75557c312605,eblocker-icapserver,"retain until replacement parity; inventoried, not semantically certified",R8 feature migration,contract + feature + upgrade tests; no deletion before evidence
eblocker-icapserver/src/main/java/org/eblocker/server/icap/transaction/processor/ForwardDecisionProcessor.java,89bca6a5b30f3de967ead21566dc4112a91866f6,eblocker-icapserver,"retain until replacement parity; inventoried, not semantically certified",R8 feature migration,contract + feature + upgrade tests; no deletion before evidence
eblocker-icapserver/src/main/java/org/eblocker/server/icap/transaction/processor/HtmlInjectionProcessor.java,57c28a82516caf187e9c2e1699268cf4c41d5a2a,eblocker-icapserver,"retain until replacement parity; inventoried, not semantically certified",R8 feature migration,contract + feature + upgrade tests; no deletion before evidence
eblocker-icapserver/src/main/java/org/eblocker/server/icap/transaction/processor/IgnoreEBlockerProcessor.java,189481530d2b5c563b1249cc80157bf8f95f2097,eblocker-icapserver,"retain until replacement parity; inventoried, not semantically certified",R8 feature migration,contract + feature + upgrade tests; no deletion before evidence
eblocker-icapserver/src/main/java/org/eblocker/server/icap/transaction/processor/InsertClientSslCheckProcessor.java,a99186672f4ec142657880da8db91acda9d630c3,eblocker-icapserver,"retain until replacement parity; inventoried, not semantically certified",R8 feature migration,contract + feature + upgrade tests; no deletion before evidence
eblocker-icapserver/src/main/java/org/eblocker/server/icap/transaction/processor/InsertToolbarProcessor.java,c0b8bb6479e75cbb935a49d5a4d6b1790ac5f9fe,eblocker-icapserver,"retain until replacement parity; inventoried, not semantically certified",R8 feature migration,contract + feature + upgrade tests; no deletion before evidence
eblocker-icapserver/src/main/java/org/eblocker/server/icap/transaction/processor/MalwareFilterProcessor.java,e023cdf78262fe554ebf1ab0230503bc969c6314,eblocker-icapserver,"retain until replacement parity; inventoried, not semantically certified",R8 feature migration,contract + feature + upgrade tests; no deletion before evidence
eblocker-icapserver/src/main/java/org/eblocker/server/icap/transaction/processor/MalwarePatternFilterProcessor.java,302c9d6eaac2aff4e6d9621267a3115cd105ee13,eblocker-icapserver,"retain until replacement parity; inventoried, not semantically certified",R8 feature migration,contract + feature + upgrade tests; no deletion before evidence
eblocker-icapserver/src/main/java/org/eblocker/server/icap/transaction/processor/PageContextProcessor.java,ff1d0febc9ae007eff08614542b998aa8a70874f,eblocker-icapserver,"retain until replacement parity; inventoried, not semantically certified",R8 feature migration,contract + feature + upgrade tests; no deletion before evidence
eblocker-icapserver/src/main/java/org/eblocker/server/icap/transaction/processor/PatternFilterStatisticsProcessor.java,8445c94e52ee6b33627fc9d6b5a11e1214824db0,eblocker-icapserver,"retain until replacement parity; inventoried, not semantically certified",R8 feature migration,contract + feature + upgrade tests; no deletion before evidence
eblocker-icapserver/src/main/java/org/eblocker/server/icap/transaction/processor/RedirectFromSetupPageProcessor.java,0c64618b36039c1a4d8b6e67605ec506bc7016c2,eblocker-icapserver,"retain until replacement parity; inventoried, not semantically certified",R8 feature migration,contract + feature + upgrade tests; no deletion before evidence
eblocker-icapserver/src/main/java/org/eblocker/server/icap/transaction/processor/ReferrerRemoveProcessor.java,84e611351cffbe86e4df860a9925433152314388,eblocker-icapserver,"retain until replacement parity; inventoried, not semantically certified",R8 feature migration,contract + feature + upgrade tests; no deletion before evidence
eblocker-icapserver/src/main/java/org/eblocker/server/icap/transaction/processor/RemoveTrackingParametersProcessor.java,ec1f0648df263ffc1fe4924b98e5084c7eead99b,eblocker-icapserver,"retain until replacement parity; inventoried, not semantically certified",R8 feature migration,contract + feature + upgrade tests; no deletion before evidence
eblocker-icapserver/src/main/java/org/eblocker/server/icap/transaction/processor/ResponseShortCutProcessor.java,1c9d88b570ca60daa2f75b07475f372dfeb65503,eblocker-icapserver,"retain until replacement parity; inventoried, not semantically certified",R8 feature migration,contract + feature + upgrade tests; no deletion before evidence
eblocker-icapserver/src/main/java/org/eblocker/server/icap/transaction/processor/RuntimeLoggingProcessor.java,cfff6a729bd4fae5a02184102f960e615f585526,eblocker-icapserver,"retain until replacement parity; inventoried, not semantically certified",R8 feature migration,contract + feature + upgrade tests; no deletion before evidence
eblocker-icapserver/src/main/java/org/eblocker/server/icap/transaction/processor/SessionProcessor.java,a6924da54674796e07f32084cb33c06ddefe63c4,eblocker-icapserver,"retain until replacement parity; inventoried, not semantically certified",R8 feature migration,contract + feature + upgrade tests; no deletion before evidence
eblocker-icapserver/src/main/java/org/eblocker/server/icap/transaction/processor/SetBaseUrlProcessor.java,a81f26858e560c58d42c38185136113ec7f81be6,eblocker-icapserver,"retain until replacement parity; inventoried, not semantically certified",R8 feature migration,contract + feature + upgrade tests; no deletion before evidence
eblocker-icapserver/src/main/java/org/eblocker/server/icap/transaction/processor/SetDntHeaderProcessor.java,2d422d4b653ebd856aed9e6741d414dc190f32b1,eblocker-icapserver,"retain until replacement parity; inventoried, not semantically certified",R8 feature migration,contract + feature + upgrade tests; no deletion before evidence
eblocker-icapserver/src/main/java/org/eblocker/server/icap/transaction/processor/SetInjectionsProcessor.java,b201469475012b41dbcb8bd5a37e38bf0a29760e,eblocker-icapserver,"retain until replacement parity; inventoried, not semantically certified",R8 feature migration,contract + feature + upgrade tests; no deletion before evidence
eblocker-icapserver/src/main/java/org/eblocker/server/icap/transaction/processor/SuccessfulSSLDetector.java,10dba9ee7f179cd08a54da9426161bc9eeccc6dd,eblocker-icapserver,"retain until replacement parity; inventoried, not semantically certified",R8 feature migration,contract + feature + upgrade tests; no deletion before evidence
eblocker-icapserver/src/main/java/org/eblocker/server/icap/transaction/processor/TrackingBlockerProcessor.java,548a12c01d71ec610b54f2c8a5911440bc090fbb,eblocker-icapserver,"retain until replacement parity; inventoried, not semantically certified",R8 feature migration,contract + feature + upgrade tests; no deletion before evidence
eblocker-icapserver/src/main/java/org/eblocker/server/icap/transaction/processor/TransactionRecorderProcessor.java,472d259c558d2bd4b61b9f66f898ab0e5b84a75b,eblocker-icapserver,"retain until replacement parity; inventoried, not semantically certified",R8 feature migration,contract + feature + upgrade tests; no deletion before evidence
eblocker-icapserver/src/main/java/org/eblocker/server/icap/transaction/processor/UserAgentSpoofProcessor.java,1f86a4768957b795f6b849b9316ee28669557d25,eblocker-icapserver,"retain until replacement parity; inventoried, not semantically certified",R8 feature migration,contract + feature + upgrade tests; no deletion before evidence
eblocker-icapserver/src/main/java/org/eblocker/server/icap/transaction/processor/WebRTCBlocker.java,ccc08e2f16f58f83452f58b63357a0ea9a4f318f,eblocker-icapserver,"retain until replacement parity; inventoried, not semantically certified",R8 feature migration,contract + feature + upgrade tests; no deletion before evidence
eblocker-icapserver/src/main/java/org/eblocker/server/icap/transaction/processor/filter/PatternBlockerUtils.java,3d44aa4baa410933eb574fafb25c65691954da96,eblocker-icapserver,"retain until replacement parity; inventoried, not semantically certified",R8 feature migration,contract + feature + upgrade tests; no deletion before evidence
eblocker-icapserver/src/main/java/org/eblocker/server/upnp/NetworkAddressFactoryCustomization.java,ea108037b982804efcdb04decf253ee8974b3d57,eblocker-icapserver,"retain until replacement parity; inventoried, not semantically certified",R8 feature migration,contract + feature + upgrade tests; no deletion before evidence
eblocker-icapserver/src/main/java/org/eblocker/server/upnp/UpnpActionCallback.java,ea0902675b441300a82e8e75cf14a9b385c75c1e,eblocker-icapserver,"retain until replacement parity; inventoried, not semantically certified",R8 feature migration,contract + feature + upgrade tests; no deletion before evidence
eblocker-icapserver/src/main/java/org/eblocker/server/upnp/UpnpActionCallbackFactory.java,8b9402a241801614150c0018c5abe4b6c1dfcddf,eblocker-icapserver,"retain until replacement parity; inventoried, not semantically certified",R8 feature migration,contract + feature + upgrade tests; no deletion before evidence
eblocker-icapserver/src/main/java/org/eblocker/server/upnp/UpnpActionInvocation.java,0c1a5b97b293bcbf6a137a586059fb6d1eabf329,eblocker-icapserver,"retain until replacement parity; inventoried, not semantically certified",R8 feature migration,contract + feature + upgrade tests; no deletion before evidence
eblocker-icapserver/src/main/java/org/eblocker/server/upnp/UpnpActionInvocationFactory.java,81fde0a03ea48eccbc3b658ac88492a5d8d8d8f7,eblocker-icapserver,"retain until replacement parity; inventoried, not semantically certified",R8 feature migration,contract + feature + upgrade tests; no deletion before evidence
eblocker-icapserver/src/main/java/org/eblocker/server/upnp/UpnpManagementService.java,4800d78c8415e8f547826bb2972773e1f80dac8d,eblocker-icapserver,"retain until replacement parity; inventoried, not semantically certified",R8 feature migration,contract + feature + upgrade tests; no deletion before evidence
eblocker-icapserver/src/main/java/org/eblocker/server/upnp/UpnpPortForwarding.java,33614bab3c49eaa0ca42b7e8c9c0f1ac6bd1e343,eblocker-icapserver,"retain until replacement parity; inventoried, not semantically certified",R8 feature migration,contract + feature + upgrade tests; no deletion before evidence
eblocker-icapserver/src/main/java/org/eblocker/server/upnp/UpnpPortForwardingAdd.java,9334f185a76ca0bac3152ca4ab716a9d38498fe8,eblocker-icapserver,"retain until replacement parity; inventoried, not semantically certified",R8 feature migration,contract + feature + upgrade tests; no deletion before evidence
eblocker-icapserver/src/main/java/org/eblocker/server/upnp/UpnpPortForwardingAddFactory.java,a34f25bf3e67edb49650ea441801e797a4b506f1,eblocker-icapserver,"retain until replacement parity; inventoried, not semantically certified",R8 feature migration,contract + feature + upgrade tests; no deletion before evidence
eblocker-icapserver/src/main/java/org/eblocker/server/upnp/UpnpPortForwardingDelete.java,f94711920613471338ea568cee989138fd85c56b,eblocker-icapserver,"retain until replacement parity; inventoried, not semantically certified",R8 feature migration,contract + feature + upgrade tests; no deletion before evidence
eblocker-icapserver/src/main/java/org/eblocker/server/upnp/UpnpPortForwardingDeleteFactory.java,86cefca8577c8febb3e7c2b8139ee330c84b4cd8,eblocker-icapserver,"retain until replacement parity; inventoried, not semantically certified",R8 feature migration,contract + feature + upgrade tests; no deletion before evidence
eblocker-icapserver/src/main/java/org/eblocker/server/upnp/UpnpPortForwardingResult.java,0206c1ba2a670a665a65eb28493cdfd78126ae07,eblocker-icapserver,"retain until replacement parity; inventoried, not semantically certified",R8 feature migration,contract + feature + upgrade tests; no deletion before evidence
eblocker-icapserver/src/main/package/bin/eblocker-icapserver.sh,8d3e00811f9c890d1ab9f93e34cb9afcb8b96b31,eblocker-icapserver,"retain until replacement parity; inventoried, not semantically certified",R7 network agent and R11 packaging,contract + feature + upgrade tests; no deletion before evidence
eblocker-icapserver/src/main/package/bin/eblocker-reset.sh,5d9bef22ca353c2e929d27376b686569443350ef,eblocker-icapserver,"retain until replacement parity; inventoried, not semantically certified",R7 network agent and R11 packaging,contract + feature + upgrade tests; no deletion before evidence
eblocker-icapserver/src/main/package/bin/install-eblocker-updates.sh,74716bc253d467c45d88704441ac9293b24fe947,eblocker-icapserver,"retain until replacement parity; inventoried, not semantically certified",R7 network agent and R11 packaging,contract + feature + upgrade tests; no deletion before evidence
eblocker-icapserver/src/main/package/bin/network-config-import.sh,39d24317b3247e914bb5e22b8e22ca43fc8f6ed8,eblocker-icapserver,"retain until replacement parity; inventoried, not semantically certified",R7 network agent and R11 packaging,contract + feature + upgrade tests; no deletion before evidence
eblocker-icapserver/src/main/package/bin/recover-eblocker-updates.sh,539e8359e747ba453d2b61098df300fdbc4a0fbd,eblocker-icapserver,"retain until replacement parity; inventoried, not semantically certified",R7 network agent and R11 packaging,contract + feature + upgrade tests; no deletion before evidence
eblocker-icapserver/src/main/package/bin/squid-helper-connection,c14cc46b1216ec360e61496e904435de54d1073e,eblocker-icapserver,"retain until replacement parity; inventoried, not semantically certified",R7 network agent and R11 packaging,contract + feature + upgrade tests; no deletion before evidence
eblocker-icapserver/src/main/package/bin/updates-check.sh,48a6d4d8246f89b6cf04d6bb1412570210cf6a93,eblocker-icapserver,"retain until replacement parity; inventoried, not semantically certified",R7 network agent and R11 packaging,contract + feature + upgrade tests; no deletion before evidence
eblocker-icapserver/src/main/package/bin/updates-download.sh,fde6bc253e4e59b416bf73acd0fcf3c000190141,eblocker-icapserver,"retain until replacement parity; inventoried, not semantically certified",R7 network agent and R11 packaging,contract + feature + upgrade tests; no deletion before evidence
eblocker-icapserver/src/main/package/bin/usb-automount.sh,6840de2e45bf4bc19a723ce100783b583caca4bb,eblocker-icapserver,"retain until replacement parity; inventoried, not semantically certified",R7 network agent and R11 packaging,contract + feature + upgrade tests; no deletion before evidence
eblocker-icapserver/src/main/package/bin/usb-autounmount.sh,09f64caf587a89c771d08222bb439b387bf6ddd8,eblocker-icapserver,"retain until replacement parity; inventoried, not semantically certified",R7 network agent and R11 packaging,contract + feature + upgrade tests; no deletion before evidence
eblocker-icapserver/src/main/package/conf/icapserver-log4j2.xml,bb379428ecfe7e2f797adfc2579fe75e821364e4,eblocker-icapserver,"retain until replacement parity; inventoried, not semantically certified",R7 network agent and R11 packaging,contract + feature + upgrade tests; no deletion before evidence
eblocker-icapserver/src/main/package/conf/iproute2.rt_tables.static,ca47a5ba9034a5afdce93586109649e17015b1cd,eblocker-icapserver,"retain until replacement parity; inventoried, not semantically certified",R7 network agent and R11 packaging,contract + feature + upgrade tests; no deletion before evidence
eblocker-icapserver/src/main/package/conf/openvpn-server-client.macos-template.conf,14e543ade80f2caeacf756a114b93343499ffc5d,eblocker-icapserver,"retain until replacement parity; inventoried, not semantically certified",R7 network agent and R11 packaging,contract + feature + upgrade tests; no deletion before evidence
eblocker-icapserver/src/main/package/conf/openvpn-server-client.unix-template.conf,a7b8d8d12c1239442f27ec4625ad03d81e9678e0,eblocker-icapserver,"retain until replacement parity; inventoried, not semantically certified",R7 network agent and R11 packaging,contract + feature + upgrade tests; no deletion before evidence
eblocker-icapserver/src/main/package/conf/openvpn-server-client.windows-template.conf,193a76a8f93b4db8fae1d5d21189dd4c650862af,eblocker-icapserver,"retain until replacement parity; inventoried, not semantically certified",R7 network agent and R11 packaging,contract + feature + upgrade tests; no deletion before evidence
eblocker-icapserver/src/main/package/conf/openvpn-server.conf,03e0a60c044a9e0f2849d858ff26ac8fb776142f,eblocker-icapserver,"retain until replacement parity; inventoried, not semantically certified",R7 network agent and R11 packaging,contract + feature + upgrade tests; no deletion before evidence
eblocker-icapserver/src/main/package/conf/squid.no_ssl.exclusive,27be4ff1e4b95a02a84a8ada331d3caf0afccc14,eblocker-icapserver,"retain until replacement parity; inventoried, not semantically certified",R7 network agent and R11 packaging,contract + feature + upgrade tests; no deletion before evidence
eblocker-icapserver/src/main/package/conf/squid.ssl.exclusive,77e0cdf39841c079c27ad5ad7ee7b4df56a8edc8,eblocker-icapserver,"retain until replacement parity; inventoried, not semantically certified",R7 network agent and R11 packaging,contract + feature + upgrade tests; no deletion before evidence
eblocker-icapserver/src/main/package/conf/squid.ssl.template,21680808766c1a94a6f755859d6ff93c795bf6c3,eblocker-icapserver,"retain until replacement parity; inventoried, not semantically certified",R7 network agent and R11 packaging,contract + feature + upgrade tests; no deletion before evidence
eblocker-icapserver/src/main/package/conf/squid.static,ead33dac9fa6c2557c1c8be70e471483cb8ec04c,eblocker-icapserver,"retain until replacement parity; inventoried, not semantically certified",R7 network agent and R11 packaging,contract + feature + upgrade tests; no deletion before evidence
eblocker-icapserver/src/main/package/conf/ssl-default-domain-whitelist.txt,482206fe6142d02caf651240ce6189a9013b92df,eblocker-icapserver,"retain until replacement parity; inventoried, not semantically certified",R7 network agent and R11 packaging,contract + feature + upgrade tests; no deletion before evidence
eblocker-icapserver/src/main/package/conf/torrc.template,31bf5bd567e440b6271728ec3892eaae23d2ce78,eblocker-icapserver,"retain until replacement parity; inventoried, not semantically certified",R7 network agent and R11 packaging,contract + feature + upgrade tests; no deletion before evidence
eblocker-icapserver/src/main/package/conf/useragents.properties,fa8c305a74bce0503781cc02fa88b66404581030,eblocker-icapserver,"retain until replacement parity; inventoried, not semantically certified",R7 network agent and R11 packaging,contract + feature + upgrade tests; no deletion before evidence
eblocker-icapserver/src/main/package/default/eblocker-reset,c527ca8fe4ee55aa9ee1bde87789e7ee4f767cf8,eblocker-icapserver,"retain until replacement parity; inventoried, not semantically certified",R7 network agent and R11 packaging,contract + feature + upgrade tests; no deletion before evidence
eblocker-icapserver/src/main/package/default/isc-dhcp-server.site,ca20de5866fd8ef8572d69581c889e0823fe529f,eblocker-icapserver,"retain until replacement parity; inventoried, not semantically certified",R7 network agent and R11 packaging,contract + feature + upgrade tests; no deletion before evidence
eblocker-icapserver/src/main/package/scripts/apply_firewall_configuration,ba092aa2934473d12dbc57a083e57d2558c156ad,eblocker-icapserver,"retain until replacement parity; inventoried, not semantically certified",R7 network agent and R11 packaging,contract + feature + upgrade tests; no deletion before evidence
eblocker-icapserver/src/main/package/scripts/apply_network_configuration,98e4160732cab5da77935a40f1383fc4dc7a9464,eblocker-icapserver,"retain until replacement parity; inventoried, not semantically certified",R7 network agent and R11 packaging,contract + feature + upgrade tests; no deletion before evidence
eblocker-icapserver/src/main/package/scripts/clear_certificate_cache,5c58280e287de0e244966f8f8e7f80907bc43324,eblocker-icapserver,"retain until replacement parity; inventoried, not semantically certified",R7 network agent and R11 packaging,contract + feature + upgrade tests; no deletion before evidence
eblocker-icapserver/src/main/package/scripts/dhcp_discovery,7f6e2a658910cea67e02aaeac55f14f1e8f47a4a,eblocker-icapserver,"retain until replacement parity; inventoried, not semantically certified",R7 network agent and R11 packaging,contract + feature + upgrade tests; no deletion before evidence
eblocker-icapserver/src/main/package/scripts/dhcpd-apply-config,513dfec2ee7d10bd137df91e80b7a4b3626053a2,eblocker-icapserver,"retain until replacement parity; inventoried, not semantically certified",R7 network agent and R11 packaging,contract + feature + upgrade tests; no deletion before evidence
eblocker-icapserver/src/main/package/scripts/dhcpd-disable,8989af0fc06bec89d853ad52e967aacce734f017,eblocker-icapserver,"retain until replacement parity; inventoried, not semantically certified",R7 network agent and R11 packaging,contract + feature + upgrade tests; no deletion before evidence
eblocker-icapserver/src/main/package/scripts/dhcpd-enable,ef619c8f7979feeb006dc02ce4528091115ba186,eblocker-icapserver,"retain until replacement parity; inventoried, not semantically certified",R7 network agent and R11 packaging,contract + feature + upgrade tests; no deletion before evidence
eblocker-icapserver/src/main/package/scripts/diagnostics-report,f5a65ea8061b4233e39d371cb37d6da81965a493,eblocker-icapserver,"retain until replacement parity; inventoried, not semantically certified",R7 network agent and R11 packaging,contract + feature + upgrade tests; no deletion before evidence
eblocker-icapserver/src/main/package/scripts/dump_iptables_rules,e4432b43906f0587ce6f14dc1d8d128ce9a0dd8f,eblocker-icapserver,"retain until replacement parity; inventoried, not semantically certified",R7 network agent and R11 packaging,contract + feature + upgrade tests; no deletion before evidence
eblocker-icapserver/src/main/package/scripts/enable_ip6,0e0a066924f38ce2edfa30be7dc31971875b070f,eblocker-icapserver,"retain until replacement parity; inventoried, not semantically certified",R7 network agent and R11 packaging,contract + feature + upgrade tests; no deletion before evidence
eblocker-icapserver/src/main/package/scripts/factory_reset,abb3a435e58e24dc167691486f3b268264a19265,eblocker-icapserver,"retain until replacement parity; inventoried, not semantically certified",R7 network agent and R11 packaging,contract + feature + upgrade tests; no deletion before evidence
eblocker-icapserver/src/main/package/scripts/factory_reset_start,c840de6569be2731a49e889a24f7c2e5978e3696,eblocker-icapserver,"retain until replacement parity; inventoried, not semantically certified",R7 network agent and R11 packaging,contract + feature + upgrade tests; no deletion before evidence
eblocker-icapserver/src/main/package/scripts/get_gateway,be36ff6d1603de2b494e692d05ffdb35f5bd53c3,eblocker-icapserver,"retain until replacement parity; inventoried, not semantically certified",R7 network agent and R11 packaging,contract + feature + upgrade tests; no deletion before evidence
eblocker-icapserver/src/main/package/scripts/ip-monitor,dae89c9201099db985d7d49d0518eefdb3b7f2c5,eblocker-icapserver,"retain until replacement parity; inventoried, not semantically certified",R7 network agent and R11 packaging,contract + feature + upgrade tests; no deletion before evidence
eblocker-icapserver/src/main/package/scripts/iproute2_rttables_reconfigure,2bcb7413bf9c06c284a89af3cf890483dcc5ec0d,eblocker-icapserver,"retain until replacement parity; inventoried, not semantically certified",R7 network agent and R11 packaging,contract + feature + upgrade tests; no deletion before evidence
eblocker-icapserver/src/main/package/scripts/ipset-check-support,f5ffc60df212bfae281452ed3eed6077b06a6e93,eblocker-icapserver,"retain until replacement parity; inventoried, not semantically certified",R7 network agent and R11 packaging,contract + feature + upgrade tests; no deletion before evidence
eblocker-icapserver/src/main/package/scripts/ipset-restore,a2fdb3c8eef7ced4e2b63a59b41d4395ca838552,eblocker-icapserver,"retain until replacement parity; inventoried, not semantically certified",R7 network agent and R11 packaging,contract + feature + upgrade tests; no deletion before evidence
eblocker-icapserver/src/main/package/scripts/kill-process,28a2a97c1b6e7c21e5211722dbd9cb9fab3422db,eblocker-icapserver,"retain until replacement parity; inventoried, not semantically certified",R7 network agent and R11 packaging,contract + feature + upgrade tests; no deletion before evidence
eblocker-icapserver/src/main/package/scripts/led_controller,9bdd87229910414d3502c9e743ca45852602241e,eblocker-icapserver,"retain until replacement parity; inventoried, not semantically certified",R7 network agent and R11 packaging,contract + feature + upgrade tests; no deletion before evidence
eblocker-icapserver/src/main/package/scripts/list-block-devices,5111d6b05c9d0714c72400cb1415db132f2330ae,eblocker-icapserver,"retain until replacement parity; inventoried, not semantically certified",R7 network agent and R11 packaging,contract + feature + upgrade tests; no deletion before evidence
eblocker-icapserver/src/main/package/scripts/mountpoint_wait,72f03c9f95dc060e39e7239cb234e94b6fd47fc5,eblocker-icapserver,"retain until replacement parity; inventoried, not semantically certified",R7 network agent and R11 packaging,contract + feature + upgrade tests; no deletion before evidence
eblocker-icapserver/src/main/package/scripts/network_alias_add,26e3fea0abd7e8c40eedf067a9d01053faa28216,eblocker-icapserver,"retain until replacement parity; inventoried, not semantically certified",R7 network agent and R11 packaging,contract + feature + upgrade tests; no deletion before evidence
eblocker-icapserver/src/main/package/scripts/network_alias_remove,bdb77c54486d68dc12a4663d97dc946974bd7cb6,eblocker-icapserver,"retain until replacement parity; inventoried, not semantically certified",R7 network agent and R11 packaging,contract + feature + upgrade tests; no deletion before evidence
eblocker-icapserver/src/main/package/scripts/openvpn-server-control,bd4dc5aa8f25cdea0edddd361af5e029c51aa28f,eblocker-icapserver,"retain until replacement parity; inventoried, not semantically certified",R7 network agent and R11 packaging,contract + feature + upgrade tests; no deletion before evidence
eblocker-icapserver/src/main/package/scripts/openvpn_clearclientroute,ca427887162b2e1e70565675c793b590b41bbc3b,eblocker-icapserver,"retain until replacement parity; inventoried, not semantically certified",R7 network agent and R11 packaging,contract + feature + upgrade tests; no deletion before evidence
eblocker-icapserver/src/main/package/scripts/openvpn_down,8c52e6838b8239e6588086c207f41496b584c9b6,eblocker-icapserver,"retain until replacement parity; inventoried, not semantically certified",R7 network agent and R11 packaging,contract + feature + upgrade tests; no deletion before evidence
eblocker-icapserver/src/main/package/scripts/openvpn_killall,3a0dbb03d5de5ea844ea2f8b16c50969d356eff6,eblocker-icapserver,"retain until replacement parity; inventoried, not semantically certified",R7 network agent and R11 packaging,contract + feature + upgrade tests; no deletion before evidence
eblocker-icapserver/src/main/package/scripts/openvpn_learn.sh,74b1bd16f74028273045fc137397bfdd8d4f4d7d,eblocker-icapserver,"retain until replacement parity; inventoried, not semantically certified",R7 network agent and R11 packaging,contract + feature + upgrade tests; no deletion before evidence
eblocker-icapserver/src/main/package/scripts/openvpn_server_down.sh,b5ff260c53ba4d3ae5ab110ec66242833591249a,eblocker-icapserver,"retain until replacement parity; inventoried, not semantically certified",R7 network agent and R11 packaging,contract + feature + upgrade tests; no deletion before evidence
eblocker-icapserver/src/main/package/scripts/openvpn_server_up.sh,0cb7a5a4ff112a7d68ae61e7b355d944ec23f5db,eblocker-icapserver,"retain until replacement parity; inventoried, not semantically certified",R7 network agent and R11 packaging,contract + feature + upgrade tests; no deletion before evidence
eblocker-icapserver/src/main/package/scripts/openvpn_setclientroute,45bff8fc16b103c569446a4a0dc139e8716384e9,eblocker-icapserver,"retain until replacement parity; inventoried, not semantically certified",R7 network agent and R11 packaging,contract + feature + upgrade tests; no deletion before evidence
eblocker-icapserver/src/main/package/scripts/openvpn_setclientroute_ip6,746e66088cf8992eb56eb80cdf6efc3d2b098ad7,eblocker-icapserver,"retain until replacement parity; inventoried, not semantically certified",R7 network agent and R11 packaging,contract + feature + upgrade tests; no deletion before evidence
eblocker-icapserver/src/main/package/scripts/openvpn_shutdown,e99cf57c334bb3469cae56d3cb30ae2426ea12f2,eblocker-icapserver,"retain until replacement parity; inventoried, not semantically certified",R7 network agent and R11 packaging,contract + feature + upgrade tests; no deletion before evidence
eblocker-icapserver/src/main/package/scripts/openvpn_start,631148fe3fb26b107f30bc6396a63d9a8e145108,eblocker-icapserver,"retain until replacement parity; inventoried, not semantically certified",R7 network agent and R11 packaging,contract + feature + upgrade tests; no deletion before evidence
eblocker-icapserver/src/main/package/scripts/openvpn_up,d5f69e216f499b4c6f27367ea07ca00775a843d4,eblocker-icapserver,"retain until replacement parity; inventoried, not semantically certified",R7 network agent and R11 packaging,contract + feature + upgrade tests; no deletion before evidence
eblocker-icapserver/src/main/package/scripts/pin-eblocker-lists,65b5ba885649e91cbf670ff5c85ca22a1dc2e73f,eblocker-icapserver,"retain until replacement parity; inventoried, not semantically certified",R7 network agent and R11 packaging,contract + feature + upgrade tests; no deletion before evidence
eblocker-icapserver/src/main/package/scripts/ping,bff7589df09063e37baade6bf45c441d278cd9f6,eblocker-icapserver,"retain until replacement parity; inventoried, not semantically certified",R7 network agent and R11 packaging,contract + feature + upgrade tests; no deletion before evidence
eblocker-icapserver/src/main/package/scripts/prepare-shutdown,454915f4f1af651a761d52333f9140ca0e885b94,eblocker-icapserver,"retain until replacement parity; inventoried, not semantically certified",R7 network agent and R11 packaging,contract + feature + upgrade tests; no deletion before evidence
eblocker-icapserver/src/main/package/scripts/processing-script.sh,c33f3e4d1fb240e9e276792f8279f86fd3418953,eblocker-icapserver,"retain until replacement parity; inventoried, not semantically certified",R7 network agent and R11 packaging,contract + feature + upgrade tests; no deletion before evidence
eblocker-icapserver/src/main/package/scripts/reboot,3fefcd1f418ce44099d16b9281f7aaacaf8f2ddd,eblocker-icapserver,"retain until replacement parity; inventoried, not semantically certified",R7 network agent and R11 packaging,contract + feature + upgrade tests; no deletion before evidence
eblocker-icapserver/src/main/package/scripts/recording_start,16093bca16b43f7676d9a32ec3975255d8a83762,eblocker-icapserver,"retain until replacement parity; inventoried, not semantically certified",R7 network agent and R11 packaging,contract + feature + upgrade tests; no deletion before evidence
eblocker-icapserver/src/main/package/scripts/recording_status,7c065bf7c8895bb3dc66c9ba81b31f8ea7c92dff,eblocker-icapserver,"retain until replacement parity; inventoried, not semantically certified",R7 network agent and R11 packaging,contract + feature + upgrade tests; no deletion before evidence
eblocker-icapserver/src/main/package/scripts/recording_stop,e4b281787e65776bb370d8d036c337e8b71a80ac,eblocker-icapserver,"retain until replacement parity; inventoried, not semantically certified",R7 network agent and R11 packaging,contract + feature + upgrade tests; no deletion before evidence
eblocker-icapserver/src/main/package/scripts/redis-backup,9660ad6e9b34a6bd5d02d62e19f84f60a49ae7de,eblocker-icapserver,"retain until replacement parity; inventoried, not semantically certified",R7 network agent and R11 packaging,contract + feature + upgrade tests; no deletion before evidence
eblocker-icapserver/src/main/package/scripts/redis-check,4b0196b9d7fb6f71c4944c87bd6f2e61edc81048,eblocker-icapserver,"retain until replacement parity; inventoried, not semantically certified",R7 network agent and R11 packaging,contract + feature + upgrade tests; no deletion before evidence
eblocker-icapserver/src/main/package/scripts/redis-dependent-services-restart,7afcb79623dfa2506d9c2b5d4e08e8f508244964,eblocker-icapserver,"retain until replacement parity; inventoried, not semantically certified",R7 network agent and R11 packaging,contract + feature + upgrade tests; no deletion before evidence
eblocker-icapserver/src/main/package/scripts/redis-service,18a7630e795ab5c525feff574b19256eddce16fb,eblocker-icapserver,"retain until replacement parity; inventoried, not semantically certified",R7 network agent and R11 packaging,contract + feature + upgrade tests; no deletion before evidence
eblocker-icapserver/src/main/package/scripts/set_timezone,cede32aab57830c47fab8d1c1bca1159e7d4ba26,eblocker-icapserver,"retain until replacement parity; inventoried, not semantically certified",R7 network agent and R11 packaging,contract + feature + upgrade tests; no deletion before evidence
eblocker-icapserver/src/main/package/scripts/shutdown,71c7f55bf1e73b54eb9ebba676f6abb0f5c2c19e,eblocker-icapserver,"retain until replacement parity; inventoried, not semantically certified",R7 network agent and R11 packaging,contract + feature + upgrade tests; no deletion before evidence
eblocker-icapserver/src/main/package/scripts/squid_reconfigure,d901cd1fd885fd364f34d9d46b126a0475edb698,eblocker-icapserver,"retain until replacement parity; inventoried, not semantically certified",R7 network agent and R11 packaging,contract + feature + upgrade tests; no deletion before evidence
eblocker-icapserver/src/main/package/scripts/unpin-eblocker-lists,8d3cf8392449f79f2e1b2a01176ab311b64fd01e,eblocker-icapserver,"retain until replacement parity; inventoried, not semantically certified",R7 network agent and R11 packaging,contract + feature + upgrade tests; no deletion before evidence
eblocker-icapserver/src/main/package/scripts/updates-check,45ac8f2f9639b14cc490d27798d751531621091c,eblocker-icapserver,"retain until replacement parity; inventoried, not semantically certified",R7 network agent and R11 packaging,contract + feature + upgrade tests; no deletion before evidence
eblocker-icapserver/src/main/package/scripts/updates-download-running,ee83199604c83c41670da6a79eae2a9f79d68665,eblocker-icapserver,"retain until replacement parity; inventoried, not semantically certified",R7 network agent and R11 packaging,contract + feature + upgrade tests; no deletion before evidence
eblocker-icapserver/src/main/package/scripts/updates-download-start,5cda2a00d557b653fec7cdba12395d40034f7947,eblocker-icapserver,"retain until replacement parity; inventoried, not semantically certified",R7 network agent and R11 packaging,contract + feature + upgrade tests; no deletion before evidence
eblocker-icapserver/src/main/package/scripts/updates-failed,62f73087ce1a5dfb84544ea3191a100144d15571,eblocker-icapserver,"retain until replacement parity; inventoried, not semantically certified",R7 network agent and R11 packaging,contract + feature + upgrade tests; no deletion before evidence
eblocker-icapserver/src/main/package/scripts/updates-recovery-running,dabf97a7890c345d4fc17bf5838d8a1c07e85b7d,eblocker-icapserver,"retain until replacement parity; inventoried, not semantically certified",R7 network agent and R11 packaging,contract + feature + upgrade tests; no deletion before evidence
eblocker-icapserver/src/main/package/scripts/updates-recovery-start,8c10215b82ac023dc0c66550636e27c96b647dfb,eblocker-icapserver,"retain until replacement parity; inventoried, not semantically certified",R7 network agent and R11 packaging,contract + feature + upgrade tests; no deletion before evidence
eblocker-icapserver/src/main/package/scripts/updates-running,3675eb72438714c072eb1995e32fe9124079b16e,eblocker-icapserver,"retain until replacement parity; inventoried, not semantically certified",R7 network agent and R11 packaging,contract + feature + upgrade tests; no deletion before evidence
eblocker-icapserver/src/main/package/scripts/updates-running-info,37c0e6f684fef408fd9f76b060cd18647fce1279,eblocker-icapserver,"retain until replacement parity; inventoried, not semantically certified",R7 network agent and R11 packaging,contract + feature + upgrade tests; no deletion before evidence
eblocker-icapserver/src/main/package/scripts/updates-start,1ea32a7c7cecf7f891613fb726d8961e66c45963,eblocker-icapserver,"retain until replacement parity; inventoried, not semantically certified",R7 network agent and R11 packaging,contract + feature + upgrade tests; no deletion before evidence
eblocker-icapserver/src/main/package/scripts/vpn_policy_reconfigure,be6ae71887ad28340cae405cb118704529a909f5,eblocker-icapserver,"retain until replacement parity; inventoried, not semantically certified",R7 network agent and R11 packaging,contract + feature + upgrade tests; no deletion before evidence
eblocker-icapserver/src/main/package/scripts/write_startup_status_file,3b859941befaad77e0f19fc148082dd4c455edcb,eblocker-icapserver,"retain until replacement parity; inventoried, not semantically certified",R7 network agent and R11 packaging,contract + feature + upgrade tests; no deletion before evidence
eblocker-icapserver/src/main/package/systemd/eblocker-network-config-import.service,b095412c13ad4f3df5b25313d083cf1155a1f2d2,eblocker-icapserver,"retain until replacement parity; inventoried, not semantically certified",R7 network agent and R11 packaging,contract + feature + upgrade tests; no deletion before evidence
eblocker-icapserver/src/main/package/systemd/eblocker-reboot.service,be79a80116c7f3cbe29276788de3354392b01110,eblocker-icapserver,"retain until replacement parity; inventoried, not semantically certified",R7 network agent and R11 packaging,contract + feature + upgrade tests; no deletion before evidence
eblocker-icapserver/src/main/package/systemd/eblocker-reset.service,e8354a9eed6f50096e47a58635404dcfbe86b908,eblocker-icapserver,"retain until replacement parity; inventoried, not semantically certified",R7 network agent and R11 packaging,contract + feature + upgrade tests; no deletion before evidence
eblocker-icapserver/src/main/package/systemd/eblocker-updater.service,6adce9a38fbcd109ae1a1538c750af3fd9103928,eblocker-icapserver,"retain until replacement parity; inventoried, not semantically certified",R7 network agent and R11 packaging,contract + feature + upgrade tests; no deletion before evidence
eblocker-icapserver/src/main/package/systemd/eblocker-usb-automount@.service,92587f1819a37d7527c1f72cef18d4d81e2a6700,eblocker-icapserver,"retain until replacement parity; inventoried, not semantically certified",R7 network agent and R11 packaging,contract + feature + upgrade tests; no deletion before evidence
eblocker-icapserver/src/main/package/systemd/icapserver.service,b49e3ae7de5474770ea0044f3ca5a72138be926c,eblocker-icapserver,"retain until replacement parity; inventoried, not semantically certified",R7 network agent and R11 packaging,contract + feature + upgrade tests; no deletion before evidence
eblocker-icapserver/src/main/package/udev-rules/90-eblocker-usb-automount.rules,e86a2440a255c327567c6a7442122e8304117638,eblocker-icapserver,"retain until replacement parity; inventoried, not semantically certified",R7 network agent and R11 packaging,contract + feature + upgrade tests; no deletion before evidence
eblocker-icapserver/src/main/resources/block-artefacts/1px.png,427fb75b86287ab01a6feec0c2b402153671b6da,eblocker-icapserver,"retain until replacement parity; inventoried, not semantically certified",R8 feature migration,contract + feature + upgrade tests; no deletion before evidence
eblocker-icapserver/src/main/resources/block-artefacts/1px.svg,940673e5aaec5f18dc9c85d1c1331d3bcea17000,eblocker-icapserver,"retain until replacement parity; inventoried, not semantically certified",R8 feature migration,contract + feature + upgrade tests; no deletion before evidence
eblocker-icapserver/src/main/resources/build.properties,bcd3dfe98a6f7b2703b4ad1f36ec1d870aedb9f3,eblocker-icapserver,"retain until replacement parity; inventoried, not semantically certified",R8 feature migration,contract + feature + upgrade tests; no deletion before evidence
eblocker-icapserver/src/main/resources/configuration.properties,08cf8d86d9a20378020fb8d0904f74bb3c55f6aa,eblocker-icapserver,"retain until replacement parity; inventoried, not semantically certified",R8 feature migration,contract + feature + upgrade tests; no deletion before evidence
eblocker-icapserver/src/main/resources/content-matcher.properties,eb80011f6f92bfdd074c1beb2217755e338f761d,eblocker-icapserver,"retain until replacement parity; inventoried, not semantically certified",R8 feature migration,contract + feature + upgrade tests; no deletion before evidence
eblocker-icapserver/src/main/resources/default-ca/eblocker-truststore.jks,d3263b5103e5a70bc76d71afa03a89b90d767b31,eblocker-icapserver,"retain until replacement parity; inventoried, not semantically certified",R8 feature migration,contract + feature + upgrade tests; no deletion before evidence
eblocker-icapserver/src/main/resources/html-inlays/controlbar-inlay.xhtml,6454eb4009eb1822763ee89797c68941f9aeec25,eblocker-icapserver,"retain until replacement parity; inventoried, not semantically certified",R8 feature migration,contract + feature + upgrade tests; no deletion before evidence
eblocker-icapserver/src/main/resources/html-inlays/css/controlbar-inlay.css,5082dc2cddbdc00b9c609e5c5d582c644cc96cc3,eblocker-icapserver,"retain until replacement parity; inventoried, not semantically certified",R8 feature migration,contract + feature + upgrade tests; no deletion before evidence
eblocker-icapserver/src/main/resources/html-inlays/js/controlbar-inlay.js,83b7f7a62f2476d795ec19a6798dac706f9d5e16,eblocker-icapserver,"retain until replacement parity; inventoried, not semantically certified",R8 feature migration,contract + feature + upgrade tests; no deletion before evidence
eblocker-icapserver/src/main/resources/html-inlays/js/ssl-test.js,1a03bceed5a3e3460c99719b913afd932542032f,eblocker-icapserver,"retain until replacement parity; inventoried, not semantically certified",R8 feature migration,contract + feature + upgrade tests; no deletion before evidence
eblocker-icapserver/src/main/resources/html-inlays/out/css/controlbar-inlay.min.css,d44b1b2d08140e3cb4f630e196ba273af84a03a4,eblocker-icapserver,"retain until replacement parity; inventoried, not semantically certified",R8 feature migration,contract + feature + upgrade tests; no deletion before evidence
eblocker-icapserver/src/main/resources/html-inlays/out/js/controlbar-inlay.min.js,d5429d921382de58cc0eeff0b473d481ca6b9eb1,eblocker-icapserver,"retain until replacement parity; inventoried, not semantically certified",R8 feature migration,contract + feature + upgrade tests; no deletion before evidence
eblocker-icapserver/src/main/resources/html-inlays/out/js/ssl-test.min.js,f1d138de30006fade76617607f39f1b439c5c9a2,eblocker-icapserver,"retain until replacement parity; inventoried, not semantically certified",R8 feature migration,contract + feature + upgrade tests; no deletion before evidence
eblocker-icapserver/src/main/resources/html-inlays/ssl-test.html,23b93b201ef022fd739ad4c518dea0a5923ec1ca,eblocker-icapserver,"retain until replacement parity; inventoried, not semantically certified",R8 feature migration,contract + feature + upgrade tests; no deletion before evidence
eblocker-icapserver/src/main/resources/html-inlays/startup-status-report.html,b28044c9d51c5bb93b9b5fa670beb7a8479b5e6e,eblocker-icapserver,"retain until replacement parity; inventoried, not semantically certified",R8 feature migration,contract + feature + upgrade tests; no deletion before evidence
eblocker-icapserver/src/main/resources/iana/iso3166.tab,7a8df2c7f136d0970f3a61cf55bc4c0bd0145ff6,eblocker-icapserver,"retain until replacement parity; inventoried, not semantically certified",R8 feature migration,contract + feature + upgrade tests; no deletion before evidence
eblocker-icapserver/src/main/resources/iana/zone1970.tab,f48f7a6b56beee3b12f16c427ed7203d4a6f8072,eblocker-icapserver,"retain until replacement parity; inventoried, not semantically certified",R8 feature migration,contract + feature + upgrade tests; no deletion before evidence
eblocker-icapserver/src/main/resources/log4j2.xml,1a2907720b15d4f73223194491609ecc8d06ed63,eblocker-icapserver,"retain until replacement parity; inventoried, not semantically certified",R8 feature migration,contract + feature + upgrade tests; no deletion before evidence
eblocker-icapserver/src/main/resources/mac-prefixes-update.rb,3b9c3f0e91f41e3a345d91162006e6b0b5bba319,eblocker-icapserver,"retain until replacement parity; inventoried, not semantically certified",R8 feature migration,contract + feature + upgrade tests; no deletion before evidence
eblocker-icapserver/src/main/resources/mac-prefixes.txt,f284d7cf527c77bcdedea92a66d3f3b452699ea8,eblocker-icapserver,"retain until replacement parity; inventoried, not semantically certified",R8 feature migration,contract + feature + upgrade tests; no deletion before evidence
eblocker-icapserver/src/main/resources/openvpn.default-options.ovpn,fc8a47f45f70ff119ad5150d0ff8a7eecbf837ae,eblocker-icapserver,"retain until replacement parity; inventoried, not semantically certified",R8 feature migration,contract + feature + upgrade tests; no deletion before evidence
eblocker-icapserver/src/main/resources/openvpn.options.blacklist,81ad75f9c9bee139d0851b439ecb63622d875aa1,eblocker-icapserver,"retain until replacement parity; inventoried, not semantically certified",R8 feature migration,contract + feature + upgrade tests; no deletion before evidence
eblocker-icapserver/src/main/resources/openvpn.options.file,5e68e92d693a111fef7c6d944e196fd0d56e4412,eblocker-icapserver,"retain until replacement parity; inventoried, not semantically certified",R8 feature migration,contract + feature + upgrade tests; no deletion before evidence
eblocker-icapserver/src/main/resources/openvpn.options.group,47d93ada68c8ab137ac524a61c60475b51dfd937,eblocker-icapserver,"retain until replacement parity; inventoried, not semantically certified",R8 feature migration,contract + feature + upgrade tests; no deletion before evidence
eblocker-icapserver/src/main/resources/openvpn.options.whitelist,cd8b7706da2840471a90dbb1d6f7848a51d30e34,eblocker-icapserver,"retain until replacement parity; inventoried, not semantically certified",R8 feature migration,contract + feature + upgrade tests; no deletion before evidence
eblocker-icapserver/src/main/resources/parentalcontrol-pages/blocked.html,9902aac64dead2f9b6b0839a82a002f6ab1b7706,eblocker-icapserver,"retain until replacement parity; inventoried, not semantically certified",R8 feature migration,contract + feature + upgrade tests; no deletion before evidence
eblocker-icapserver/src/main/resources/patternfilters.json,a3413a842ba055d6d30a3109ec35eb0ef9f88797,eblocker-icapserver,"retain until replacement parity; inventoried, not semantically certified",R8 feature migration,contract + feature + upgrade tests; no deletion before evidence
eblocker-icapserver/src/main/resources/posix_timezone_strings.json,f53faee2278203e62d618315dbde07e62d68e277,eblocker-icapserver,"retain until replacement parity; inventoried, not semantically certified",R8 feature migration,contract + feature + upgrade tests; no deletion before evidence
eblocker-icapserver/src/main/resources/prod-ca/eblocker-truststore.jks,950d2724892fca6fa00182290e740d54297474ee,eblocker-icapserver,"retain until replacement parity; inventoried, not semantically certified",R8 feature migration,contract + feature + upgrade tests; no deletion before evidence
eblocker-icapserver/src/main/resources/stage-ca/eblocker-truststore.jks,cd8e224eb98b933e02c8c0248200efb9e27221ed,eblocker-icapserver,"retain until replacement parity; inventoried, not semantically certified",R8 feature migration,contract + feature + upgrade tests; no deletion before evidence
eblocker-icapserver/src/main/resources/surrogates/ad_status.js,31325abba6f4156f67c730a8f97afd4727442802,eblocker-icapserver,"retain until replacement parity; inventoried, not semantically certified",R8 feature migration,contract + feature + upgrade tests; no deletion before evidence
eblocker-icapserver/src/main/resources/surrogates/adsbygoogle.js,c1183799c438bc426c889edcb6f86b98d5f8bf47,eblocker-icapserver,"retain until replacement parity; inventoried, not semantically certified",R8 feature migration,contract + feature + upgrade tests; no deletion before evidence
eblocker-icapserver/src/main/resources/surrogates/amzn_ads.js,ba260a94dd692f26d5fd86dd24d06227ab471e92,eblocker-icapserver,"retain until replacement parity; inventoried, not semantically certified",R8 feature migration,contract + feature + upgrade tests; no deletion before evidence
eblocker-icapserver/src/main/resources/surrogates/amzn_apstag.js,452be10c6c82fc6ca80a61772aff69a386cfe5e0,eblocker-icapserver,"retain until replacement parity; inventoried, not semantically certified",R8 feature migration,contract + feature + upgrade tests; no deletion before evidence
eblocker-icapserver/src/main/resources/surrogates/analytics.js,a07b830ee5aaecd9301dee8676cddfe68c1da90b,eblocker-icapserver,"retain until replacement parity; inventoried, not semantically certified",R8 feature migration,contract + feature + upgrade tests; no deletion before evidence
eblocker-icapserver/src/main/resources/surrogates/api.js,6ce3856ca5552c4dd3e94ba279c1425222191c82,eblocker-icapserver,"retain until replacement parity; inventoried, not semantically certified",R8 feature migration,contract + feature + upgrade tests; no deletion before evidence
eblocker-icapserver/src/main/resources/surrogates/beacon.js,ca567c2ed5dd47678fa4d9de45d64acb315b652d,eblocker-icapserver,"retain until replacement parity; inventoried, not semantically certified",R8 feature migration,contract + feature + upgrade tests; no deletion before evidence
eblocker-icapserver/src/main/resources/surrogates/chartbeat.js,b18423e0985a7b188f4c49e76b70cd153ca1a335,eblocker-icapserver,"retain until replacement parity; inventoried, not semantically certified",R8 feature migration,contract + feature + upgrade tests; no deletion before evidence
eblocker-icapserver/src/main/resources/surrogates/criteo.js,def898529feaa600a3faf1da11e39142d8db70f2,eblocker-icapserver,"retain until replacement parity; inventoried, not semantically certified",R8 feature migration,contract + feature + upgrade tests; no deletion before evidence
eblocker-icapserver/src/main/resources/surrogates/fb-sdk.js,557c3a6c7dd0d8b00c5c6396b2edb26f1f2805ca,eblocker-icapserver,"retain until replacement parity; inventoried, not semantically certified",R8 feature migration,contract + feature + upgrade tests; no deletion before evidence
eblocker-icapserver/src/main/resources/surrogates/ga.js,1e56e26daacccdf045c6767059829ac12e617962,eblocker-icapserver,"retain until replacement parity; inventoried, not semantically certified",R8 feature migration,contract + feature + upgrade tests; no deletion before evidence
eblocker-icapserver/src/main/resources/surrogates/google-ima.js,f08eab92c04a67ccf8533dd63a59336bde465888,eblocker-icapserver,"retain until replacement parity; inventoried, not semantically certified",R8 feature migration,contract + feature + upgrade tests; no deletion before evidence
eblocker-icapserver/src/main/resources/surrogates/gpt.js,9e8a85e8efd845d67c4a99b3bbc8fd5692da6997,eblocker-icapserver,"retain until replacement parity; inventoried, not semantically certified",R8 feature migration,contract + feature + upgrade tests; no deletion before evidence
eblocker-icapserver/src/main/resources/surrogates/gtm.js,38ac6eda9cba22fee6c649a355b9fa889fb5e4e2,eblocker-icapserver,"retain until replacement parity; inventoried, not semantically certified",R8 feature migration,contract + feature + upgrade tests; no deletion before evidence
eblocker-icapserver/src/main/resources/surrogates/inpage_linkid.js,17d66c46ad467eaabda37c5cd4255fd2d2045f1b,eblocker-icapserver,"retain until replacement parity; inventoried, not semantically certified",R8 feature migration,contract + feature + upgrade tests; no deletion before evidence
eblocker-icapserver/src/main/resources/surrogates/mapping.json,a265631003ecea86ff600aa8d351ab66bda38f46,eblocker-icapserver,"retain until replacement parity; inventoried, not semantically certified",R8 feature migration,contract + feature + upgrade tests; no deletion before evidence
eblocker-icapserver/src/main/resources/surrogates/nielsen.js,e49357bea66ada0c76b45b87a16978718eb6de7b,eblocker-icapserver,"retain until replacement parity; inventoried, not semantically certified",R8 feature migration,contract + feature + upgrade tests; no deletion before evidence
eblocker-icapserver/src/main/resources/surrogates/noop.js,8b7ca94646b8e1c1482ce26d30f2474208c96e66,eblocker-icapserver,"retain until replacement parity; inventoried, not semantically certified",R8 feature migration,contract + feature + upgrade tests; no deletion before evidence
eblocker-icapserver/src/main/resources/surrogates/outbrain.js,f9013aabda615aedae8fc9b299b03a11bac40961,eblocker-icapserver,"retain until replacement parity; inventoried, not semantically certified",R8 feature migration,contract + feature + upgrade tests; no deletion before evidence
eblocker-icapserver/src/main/resources/surrogates/youtube-iframe-api.js,e642f9e9a77127e928515a9784f73bfba736af41,eblocker-icapserver,"retain until replacement parity; inventoried, not semantically certified",R8 feature migration,contract + feature + upgrade tests; no deletion before evidence
eblocker-icapserver/src/main/resources/user-agents.txt,d7b04d989355391b346482d0a7d61eddf8ed8c88,eblocker-icapserver,"retain until replacement parity; inventoried, not semantically certified",R8 feature migration,contract + feature + upgrade tests; no deletion before evidence
eblocker-icapserver/src/test/java/org/eblocker/server/app/BackgroundServicesTest.java,6658b11c7b1e21782004a58b011eaa92ca28770d,eblocker-icapserver,"retain until replacement parity; inventoried, not semantically certified",R8 feature migration,contract + feature + upgrade tests; no deletion before evidence
eblocker-icapserver/src/test/java/org/eblocker/server/app/DevicePropertiesTest.java,fa4c016de10b332288d2c01411d568d154af6c92,eblocker-icapserver,"retain until replacement parity; inventoried, not semantically certified",R8 feature migration,contract + feature + upgrade tests; no deletion before evidence
eblocker-icapserver/src/test/java/org/eblocker/server/app/EblockerServerAppTest.java,4567a4594c918abe4ec2fede44719fb1b0905825,eblocker-icapserver,"retain until replacement parity; inventoried, not semantically certified",R8 feature migration,contract + feature + upgrade tests; no deletion before evidence
eblocker-icapserver/src/test/java/org/eblocker/server/common/BaseModuleTest.java,0db1ca7820fb1cbe5a41750d9f96e9c3dc8d6559,eblocker-icapserver,"retain until replacement parity; inventoried, not semantically certified",R8 feature migration,contract + feature + upgrade tests; no deletion before evidence
eblocker-icapserver/src/test/java/org/eblocker/server/common/EmbeddedRedisTestBase.java,97b62cdfc6380373ce8dc99800f6b60dcf7cfd00,eblocker-icapserver,"retain until replacement parity; inventoried, not semantically certified",R8 feature migration,contract + feature + upgrade tests; no deletion before evidence
eblocker-icapserver/src/test/java/org/eblocker/server/common/MockScheduledExecutorService.java,eeadc5cc3edeccd185875943459133c50c8a5804,eblocker-icapserver,"retain until replacement parity; inventoried, not semantically certified",R8 feature migration,contract + feature + upgrade tests; no deletion before evidence
eblocker-icapserver/src/test/java/org/eblocker/server/common/MockScheduledExecutorServiceTest.java,9b1042de43b9dd42167d0f700824daaf7df2e07d,eblocker-icapserver,"retain until replacement parity; inventoried, not semantically certified",R8 feature migration,contract + feature + upgrade tests; no deletion before evidence
eblocker-icapserver/src/test/java/org/eblocker/server/common/PauseDeviceControllerImplTest.java,f799f01ab605c4b0f8ab77889ec3dfe28dbedc95,eblocker-icapserver,"retain until replacement parity; inventoried, not semantically certified",R8 feature migration,contract + feature + upgrade tests; no deletion before evidence
eblocker-icapserver/src/test/java/org/eblocker/server/common/TestClock.java,bcc662aa01631fc485650119de6b1c18bea86a6d,eblocker-icapserver,"retain until replacement parity; inventoried, not semantically certified",R8 feature migration,contract + feature + upgrade tests; no deletion before evidence
eblocker-icapserver/src/test/java/org/eblocker/server/common/TestRedisServer.java,fd15018a2f72147a8a192842e8a104ce42bbc338,eblocker-icapserver,"retain until replacement parity; inventoried, not semantically certified",R8 feature migration,contract + feature + upgrade tests; no deletion before evidence
eblocker-icapserver/src/test/java/org/eblocker/server/common/blacklist/BlacklistCompilerTest.java,a23e89a016d9c7563a42b7dd202ea34b6f1d9159,eblocker-icapserver,"retain until replacement parity; inventoried, not semantically certified",R8 feature migration,contract + feature + upgrade tests; no deletion before evidence
eblocker-icapserver/src/test/java/org/eblocker/server/common/blacklist/BlockedDomainLogTest.java,2851758fcb38076725705f3a800488c5d88e89cf,eblocker-icapserver,"retain until replacement parity; inventoried, not semantically certified",R8 feature migration,contract + feature + upgrade tests; no deletion before evidence
eblocker-icapserver/src/test/java/org/eblocker/server/common/blacklist/BloomDomainFilterTest.java,c0ef4ef45d6b423f5c043e20801c2890c2d4696d,eblocker-icapserver,"retain until replacement parity; inventoried, not semantically certified",R8 feature migration,contract + feature + upgrade tests; no deletion before evidence
eblocker-icapserver/src/test/java/org/eblocker/server/common/blacklist/CacheIndexTest.java,18f692841d32fe7742cd7ee9b2e1c14cbe8ca01e,eblocker-icapserver,"retain until replacement parity; inventoried, not semantically certified",R8 feature migration,contract + feature + upgrade tests; no deletion before evidence
eblocker-icapserver/src/test/java/org/eblocker/server/common/blacklist/CacheTest.java,8b919ccd919ec7823293171ef704dd7e7f2ca7ad,eblocker-icapserver,"retain until replacement parity; inventoried, not semantically certified",R8 feature migration,contract + feature + upgrade tests; no deletion before evidence
eblocker-icapserver/src/test/java/org/eblocker/server/common/blacklist/CachedFilterKeyTest.java,fe5e70b807597ece72d1f834b8d4d028f45afc86,eblocker-icapserver,"retain until replacement parity; inventoried, not semantically certified",R8 feature migration,contract + feature + upgrade tests; no deletion before evidence
eblocker-icapserver/src/test/java/org/eblocker/server/common/blacklist/CachingFilterTest.java,ebca359b1a56972c7431ec2a6e25b59221b8758c,eblocker-icapserver,"retain until replacement parity; inventoried, not semantically certified",R8 feature migration,contract + feature + upgrade tests; no deletion before evidence
eblocker-icapserver/src/test/java/org/eblocker/server/common/blacklist/CollectionFilter.java,2590d48ec7b1de88496fc83c8d090c52d5a556a7,eblocker-icapserver,"retain until replacement parity; inventoried, not semantically certified",R8 feature migration,contract + feature + upgrade tests; no deletion before evidence
eblocker-icapserver/src/test/java/org/eblocker/server/common/blacklist/DomainBlacklistServiceTest.java,b4b2c4e32334bc9c3cb0d72873c41b756d4a0ee2,eblocker-icapserver,"retain until replacement parity; inventoried, not semantically certified",R8 feature migration,contract + feature + upgrade tests; no deletion before evidence
eblocker-icapserver/src/test/java/org/eblocker/server/common/blacklist/DomainBlockingNetworkServiceTest.java,8323c1f83588028ccf3c09b288348d0dc9402a35,eblocker-icapserver,"retain until replacement parity; inventoried, not semantically certified",R8 feature migration,contract + feature + upgrade tests; no deletion before evidence
eblocker-icapserver/src/test/java/org/eblocker/server/common/blacklist/DomainBlockingServiceTest.java,4427b08fd40c5a29f1d4bb83e680f817919950f1,eblocker-icapserver,"retain until replacement parity; inventoried, not semantically certified",R8 feature migration,contract + feature + upgrade tests; no deletion before evidence
eblocker-icapserver/src/test/java/org/eblocker/server/common/blacklist/DomainFilterAndTest.java,4468e044c18035be443341ea906e788f960badd8,eblocker-icapserver,"retain until replacement parity; inventoried, not semantically certified",R8 feature migration,contract + feature + upgrade tests; no deletion before evidence
eblocker-icapserver/src/test/java/org/eblocker/server/common/blacklist/DomainFilterLoaderTest.java,7546306eed82b43bff4616030146c96579d78bff,eblocker-icapserver,"retain until replacement parity; inventoried, not semantically certified",R8 feature migration,contract + feature + upgrade tests; no deletion before evidence
eblocker-icapserver/src/test/java/org/eblocker/server/common/blacklist/DomainFilterNotTest.java,8a40e65c21b4cdfef679a7a457f95cfafce16019,eblocker-icapserver,"retain until replacement parity; inventoried, not semantically certified",R8 feature migration,contract + feature + upgrade tests; no deletion before evidence
eblocker-icapserver/src/test/java/org/eblocker/server/common/blacklist/DomainFilterOrTest.java,f07dc43ce19d5d56f214bc0cdd9efb08481d250f,eblocker-icapserver,"retain until replacement parity; inventoried, not semantically certified",R8 feature migration,contract + feature + upgrade tests; no deletion before evidence
eblocker-icapserver/src/test/java/org/eblocker/server/common/blacklist/DomainReplaceFilterTest.java,047ab594db763552663b24f0a345989547dc6375,eblocker-icapserver,"retain until replacement parity; inventoried, not semantically certified",R8 feature migration,contract + feature + upgrade tests; no deletion before evidence
eblocker-icapserver/src/test/java/org/eblocker/server/common/blacklist/FiltersTest.java,a874ae113f4c87f73af219fafacf10fb286780b1,eblocker-icapserver,"retain until replacement parity; inventoried, not semantically certified",R8 feature migration,contract + feature + upgrade tests; no deletion before evidence
eblocker-icapserver/src/test/java/org/eblocker/server/common/blacklist/HashFileFilterTest.java,56e17e14937e97b6adc3ea90e380c6b31ea4d1b8,eblocker-icapserver,"retain until replacement parity; inventoried, not semantically certified",R8 feature migration,contract + feature + upgrade tests; no deletion before evidence
eblocker-icapserver/src/test/java/org/eblocker/server/common/blacklist/HashingFilterTest.java,6a239d6a764a33975f904a492cfcd7df5316706e,eblocker-icapserver,"retain until replacement parity; inventoried, not semantically certified",R8 feature migration,contract + feature + upgrade tests; no deletion before evidence
eblocker-icapserver/src/test/java/org/eblocker/server/common/blacklist/HostnameFilterTest.java,748426cbcef8cd539166a7b7f1286b8d2758fb3c,eblocker-icapserver,"retain until replacement parity; inventoried, not semantically certified",R8 feature migration,contract + feature + upgrade tests; no deletion before evidence
eblocker-icapserver/src/test/java/org/eblocker/server/common/blacklist/QueryCountingCollectionFilter.java,a5b8ac86a2ae28e59c74e352e4cf877affaade6e,eblocker-icapserver,"retain until replacement parity; inventoried, not semantically certified",R8 feature migration,contract + feature + upgrade tests; no deletion before evidence
eblocker-icapserver/src/test/java/org/eblocker/server/common/blacklist/RequestHandlerTest.java,7605360d0bf9c64fa10b04fe9e6dbd40a11b79b2,eblocker-icapserver,"retain until replacement parity; inventoried, not semantically certified",R8 feature migration,contract + feature + upgrade tests; no deletion before evidence
eblocker-icapserver/src/test/java/org/eblocker/server/common/blacklist/SingleFileFilterTest.java,b6978ebd4fd895e3c3907ffe75b5253f36ff66da,eblocker-icapserver,"retain until replacement parity; inventoried, not semantically certified",R8 feature migration,contract + feature + upgrade tests; no deletion before evidence
eblocker-icapserver/src/test/java/org/eblocker/server/common/blacklist/StaticFilterTest.java,659d5b1617758afdfffad7d7b768d1c0b37b8bb2,eblocker-icapserver,"retain until replacement parity; inventoried, not semantically certified",R8 feature migration,contract + feature + upgrade tests; no deletion before evidence
eblocker-icapserver/src/test/java/org/eblocker/server/common/blocker/BlockerIdTypeIdCacheTest.java,ca4f032b3a7321f963d94b51cbeecdf836c491aa,eblocker-icapserver,"retain until replacement parity; inventoried, not semantically certified",R8 feature migration,contract + feature + upgrade tests; no deletion before evidence
eblocker-icapserver/src/test/java/org/eblocker/server/common/blocker/BlockerServiceTest.java,29f125f872abef34eff416bace7bd2acfba7fd10,eblocker-icapserver,"retain until replacement parity; inventoried, not semantically certified",R8 feature migration,contract + feature + upgrade tests; no deletion before evidence
eblocker-icapserver/src/test/java/org/eblocker/server/common/blocker/UpdateTaskTest.java,0f5cd3ebf302dcf141916f296a5c0b360fa2dd7b,eblocker-icapserver,"retain until replacement parity; inventoried, not semantically certified",R8 feature migration,contract + feature + upgrade tests; no deletion before evidence
eblocker-icapserver/src/test/java/org/eblocker/server/common/blocker/parser/EtcHostsParserTest.java,3e5dc3108cef3760fef534549cee2a3e49ad1f80,eblocker-icapserver,"retain until replacement parity; inventoried, not semantically certified",R8 feature migration,contract + feature + upgrade tests; no deletion before evidence
eblocker-icapserver/src/test/java/org/eblocker/server/common/blocker/parser/SquidAclParserTest.java,6856191b63c011afc6a5525f9d5db47630760269,eblocker-icapserver,"retain until replacement parity; inventoried, not semantically certified",R8 feature migration,contract + feature + upgrade tests; no deletion before evidence
eblocker-icapserver/src/test/java/org/eblocker/server/common/collections/ConcurrentFixedSizeCacheTest.java,c649395dbd9c8f26985ff0c1fa1e5ea31b5f0c61,eblocker-icapserver,"retain until replacement parity; inventoried, not semantically certified",R8 feature migration,contract + feature + upgrade tests; no deletion before evidence
eblocker-icapserver/src/test/java/org/eblocker/server/common/data/CompressionModeTest.java,1915c4b02ee6b3e5f13a25083610032249fe147a,eblocker-icapserver,"retain until replacement parity; inventoried, not semantically certified",R6 data migration,contract + feature + upgrade tests; no deletion before evidence
eblocker-icapserver/src/test/java/org/eblocker/server/common/data/ContentSecurityPolicyTest.java,920223ca70e57f1591890b95cc8ad19da1517e5b,eblocker-icapserver,"retain until replacement parity; inventoried, not semantically certified",R6 data migration,contract + feature + upgrade tests; no deletion before evidence
eblocker-icapserver/src/test/java/org/eblocker/server/common/data/DeviceFactoryTest.java,33e2df0ad7153479cf228f9b8cb18e7cf543d965,eblocker-icapserver,"retain until replacement parity; inventoried, not semantically certified",R6 data migration,contract + feature + upgrade tests; no deletion before evidence
eblocker-icapserver/src/test/java/org/eblocker/server/common/data/DeviceTest.java,7fc94bf8d662607ac618ae70e95be20118db51e3,eblocker-icapserver,"retain until replacement parity; inventoried, not semantically certified",R6 data migration,contract + feature + upgrade tests; no deletion before evidence
eblocker-icapserver/src/test/java/org/eblocker/server/common/data/IconSettingsTest.java,dc0608b65ac726b08ac7de70cb24bcee166dfd4d,eblocker-icapserver,"retain until replacement parity; inventoried, not semantically certified",R6 data migration,contract + feature + upgrade tests; no deletion before evidence
eblocker-icapserver/src/test/java/org/eblocker/server/common/data/Ip4AddressTest.java,e6c7447e78bddac535122b80e32021a573b5e52f,eblocker-icapserver,"retain until replacement parity; inventoried, not semantically certified",R6 data migration,contract + feature + upgrade tests; no deletion before evidence
eblocker-icapserver/src/test/java/org/eblocker/server/common/data/Ip6AddressTest.java,dabaf612092cdcd5664843e594e52cf2b6d8f4d4,eblocker-icapserver,"retain until replacement parity; inventoried, not semantically certified",R6 data migration,contract + feature + upgrade tests; no deletion before evidence
eblocker-icapserver/src/test/java/org/eblocker/server/common/data/IpAddressDeserializerTest.java,1459e8eb68b797c748c6d96a9aea4e1530a0c56d,eblocker-icapserver,"retain until replacement parity; inventoried, not semantically certified",R6 data migration,contract + feature + upgrade tests; no deletion before evidence
eblocker-icapserver/src/test/java/org/eblocker/server/common/data/IpAddressSerializerTest.java,faff6ba675272d7bfb7d56fb1fda91b2841f0828,eblocker-icapserver,"retain until replacement parity; inventoried, not semantically certified",R6 data migration,contract + feature + upgrade tests; no deletion before evidence
eblocker-icapserver/src/test/java/org/eblocker/server/common/data/IpAddressTest.java,7dca2ec092586f07090bde31121c7940cc037bf6,eblocker-icapserver,"retain until replacement parity; inventoried, not semantically certified",R6 data migration,contract + feature + upgrade tests; no deletion before evidence
eblocker-icapserver/src/test/java/org/eblocker/server/common/data/JedisConsistencyCheckTest.java,92db36276374e6ad39e7e88883816b1d74a210ad,eblocker-icapserver,"retain until replacement parity; inventoried, not semantically certified",R6 data migration,contract + feature + upgrade tests; no deletion before evidence
eblocker-icapserver/src/test/java/org/eblocker/server/common/data/JedisDataSourceTest.java,5f3f5b67e7596dafa09719bfec0b77b1185e06d5,eblocker-icapserver,"retain until replacement parity; inventoried, not semantically certified",R6 data migration,contract + feature + upgrade tests; no deletion before evidence
eblocker-icapserver/src/test/java/org/eblocker/server/common/data/JedisDomainRecordingDataSourceTest.java,30f26f9a8bfeeb3d4b5f308755c0864264b336c2,eblocker-icapserver,"retain until replacement parity; inventoried, not semantically certified",R6 data migration,contract + feature + upgrade tests; no deletion before evidence
eblocker-icapserver/src/test/java/org/eblocker/server/common/data/JedisUtilsTest.java,50f3a33861f093b62e1e2242ef5485df4f368a7d,eblocker-icapserver,"retain until replacement parity; inventoried, not semantically certified",R6 data migration,contract + feature + upgrade tests; no deletion before evidence
eblocker-icapserver/src/test/java/org/eblocker/server/common/data/MacPrefixTest.java,15cb9f70697d1da7d0db364eae1697e5cf5f099d,eblocker-icapserver,"retain until replacement parity; inventoried, not semantically certified",R6 data migration,contract + feature + upgrade tests; no deletion before evidence
eblocker-icapserver/src/test/java/org/eblocker/server/common/data/NetworkConfigurationTest.java,46542403e33ce50c376a8feae98fc8043b9fa0e3,eblocker-icapserver,"retain until replacement parity; inventoried, not semantically certified",R6 data migration,contract + feature + upgrade tests; no deletion before evidence
eblocker-icapserver/src/test/java/org/eblocker/server/common/data/RecordedSSLAppDataTest.java,efa33c772dc927411cffb9a7fa3a07d557ae9aa4,eblocker-icapserver,"retain until replacement parity; inventoried, not semantically certified",R6 data migration,contract + feature + upgrade tests; no deletion before evidence
eblocker-icapserver/src/test/java/org/eblocker/server/common/data/RecordedSSLHandshakeTest.java,b9e2ba4c5a8d95413f26ec66337612ef7b3c348e,eblocker-icapserver,"retain until replacement parity; inventoried, not semantically certified",R6 data migration,contract + feature + upgrade tests; no deletion before evidence
eblocker-icapserver/src/test/java/org/eblocker/server/common/data/RecordedUrlTest.java,c25634d94bdac75a18afbbbb99c7fcf98c838863,eblocker-icapserver,"retain until replacement parity; inventoried, not semantically certified",R6 data migration,contract + feature + upgrade tests; no deletion before evidence
eblocker-icapserver/src/test/java/org/eblocker/server/common/data/RedisBackupServiceTest.java,8d53be57686ba0b7fbfc8a960086e7b0394e8af0,eblocker-icapserver,"retain until replacement parity; inventoried, not semantically certified",R6 data migration,contract + feature + upgrade tests; no deletion before evidence
eblocker-icapserver/src/test/java/org/eblocker/server/common/data/ResourceHandlerTest.java,646ae043c3a886949603d2f84914636274502c16,eblocker-icapserver,"retain until replacement parity; inventoried, not semantically certified",R6 data migration,contract + feature + upgrade tests; no deletion before evidence
eblocker-icapserver/src/test/java/org/eblocker/server/common/data/SSLWhitelistUrlTest.java,046400114539ed73d6753b1e4c4e94b4ee19c280,eblocker-icapserver,"retain until replacement parity; inventoried, not semantically certified",R6 data migration,contract + feature + upgrade tests; no deletion before evidence
eblocker-icapserver/src/test/java/org/eblocker/server/common/data/TestDeviceFactory.java,c70124c12c6ef1d72fb94fa87ee8daa39566a075,eblocker-icapserver,"retain until replacement parity; inventoried, not semantically certified",R6 data migration,contract + feature + upgrade tests; no deletion before evidence
eblocker-icapserver/src/test/java/org/eblocker/server/common/data/dns/JedisDnsDataSourceTest.java,5395eb63b636ae0f4ffb21caf175b0d2c3111091,eblocker-icapserver,"retain until replacement parity; inventoried, not semantically certified",R6 data migration,contract + feature + upgrade tests; no deletion before evidence
eblocker-icapserver/src/test/java/org/eblocker/server/common/data/dns/NameServerTest.java,c0ee2ee98d067e18f3e9eb19cbed49f2d988c526,eblocker-icapserver,"retain until replacement parity; inventoried, not semantically certified",R6 data migration,contract + feature + upgrade tests; no deletion before evidence
eblocker-icapserver/src/test/java/org/eblocker/server/common/data/dns/ResolverEventTest.java,d5898da8aaf37134306e4adc1a6a24f76a7846cd,eblocker-icapserver,"retain until replacement parity; inventoried, not semantically certified",R6 data migration,contract + feature + upgrade tests; no deletion before evidence
eblocker-icapserver/src/test/java/org/eblocker/server/common/data/events/DataSourceEventLoggerTest.java,db5b790015f870e44c395d7a8edeadc8ee9f12dc,eblocker-icapserver,"retain until replacement parity; inventoried, not semantically certified",R6 data migration,contract + feature + upgrade tests; no deletion before evidence
eblocker-icapserver/src/test/java/org/eblocker/server/common/data/events/JedisEventDataSourceTest.java,ad36c28fe9e8ed8adee66c8278ae20460fe8af84,eblocker-icapserver,"retain until replacement parity; inventoried, not semantically certified",R6 data migration,contract + feature + upgrade tests; no deletion before evidence
eblocker-icapserver/src/test/java/org/eblocker/server/common/data/messagecenter/MessageContainerTest.java,b24ec092ad2c891f56d13427c6656ec3afef2b5e,eblocker-icapserver,"retain until replacement parity; inventoried, not semantically certified",R6 data migration,contract + feature + upgrade tests; no deletion before evidence
eblocker-icapserver/src/test/java/org/eblocker/server/common/data/messagecenter/MessageVisibilityTest.java,f88a6afe71aec9a8f0cbb17d6b7f159373d476cc,eblocker-icapserver,"retain until replacement parity; inventoried, not semantically certified",R6 data migration,contract + feature + upgrade tests; no deletion before evidence
eblocker-icapserver/src/test/java/org/eblocker/server/common/data/messagecenter/provider/AppModuleRemovalMessageProviderTest.java,2d7cdb7fa38425c7fc8fe5c03bcaba971daf3b0f,eblocker-icapserver,"retain until replacement parity; inventoried, not semantically certified",R6 data migration,contract + feature + upgrade tests; no deletion before evidence
eblocker-icapserver/src/test/java/org/eblocker/server/common/data/messagecenter/provider/EventMessageProviderTest.java,146e205877fd155218884d0595630737c5bc9e05,eblocker-icapserver,"retain until replacement parity; inventoried, not semantically certified",R6 data migration,contract + feature + upgrade tests; no deletion before evidence
eblocker-icapserver/src/test/java/org/eblocker/server/common/data/messagecenter/provider/FilterListsOutdatedMessageProviderTest.java,63df28ea2ab08d2df4521a75aa4796962f721184,eblocker-icapserver,"retain until replacement parity; inventoried, not semantically certified",R6 data migration,contract + feature + upgrade tests; no deletion before evidence
eblocker-icapserver/src/test/java/org/eblocker/server/common/data/messagecenter/provider/LicenseExpirationMessageProviderTest.java,37ec77b859776e96059146e35f8cd37b4a498254,eblocker-icapserver,"retain until replacement parity; inventoried, not semantically certified",R6 data migration,contract + feature + upgrade tests; no deletion before evidence
eblocker-icapserver/src/test/java/org/eblocker/server/common/data/messagecenter/provider/LocalDnsIsNotGatewayMessageProviderTest.java,c98881f137c991f15af6066f821db2221156a00b,eblocker-icapserver,"retain until replacement parity; inventoried, not semantically certified",R6 data migration,contract + feature + upgrade tests; no deletion before evidence
eblocker-icapserver/src/test/java/org/eblocker/server/common/data/messagecenter/provider/ReleaseNotesMessageProviderTest.java,cd8a635aa3cd49334e2fabfc8ac534f5474aa3c6,eblocker-icapserver,"retain until replacement parity; inventoried, not semantically certified",R6 data migration,contract + feature + upgrade tests; no deletion before evidence
eblocker-icapserver/src/test/java/org/eblocker/server/common/data/messagecenter/provider/RouterCompatibilityMessageProviderTest.java,f8599982e21dd5412377bf0078a3df2a2f900f2a,eblocker-icapserver,"retain until replacement parity; inventoried, not semantically certified",R6 data migration,contract + feature + upgrade tests; no deletion before evidence
eblocker-icapserver/src/test/java/org/eblocker/server/common/data/messagecenter/provider/SslSupportMessageProviderTest.java,0583a575aa518c9c6095cf23d1e22bc7f1251198,eblocker-icapserver,"retain until replacement parity; inventoried, not semantically certified",R6 data migration,contract + feature + upgrade tests; no deletion before evidence
eblocker-icapserver/src/test/java/org/eblocker/server/common/data/messagecenter/provider/UnreliableDnsServerMessageProviderTest.java,f3fc1c142903e51510044f0e40b4b030343ee826,eblocker-icapserver,"retain until replacement parity; inventoried, not semantically certified",R6 data migration,contract + feature + upgrade tests; no deletion before evidence
eblocker-icapserver/src/test/java/org/eblocker/server/common/data/migrations/MigrationsTest.java,ff0ba0e4396e4a4436e6228eaaa39431a5b282fb,eblocker-icapserver,"retain until replacement parity; inventoried, not semantically certified",R6 data migration,contract + feature + upgrade tests; no deletion before evidence
eblocker-icapserver/src/test/java/org/eblocker/server/common/data/migrations/SchemaMigrationVersion10Test.java,c11cd96f92c3288181da2cffe558d1f88f2b97eb,eblocker-icapserver,"retain until replacement parity; inventoried, not semantically certified",R6 data migration,contract + feature + upgrade tests; no deletion before evidence
eblocker-icapserver/src/test/java/org/eblocker/server/common/data/migrations/SchemaMigrationVersion11Test.java,12c9487e71f6e1b6aca1af6d38fb5fecc600fba9,eblocker-icapserver,"retain until replacement parity; inventoried, not semantically certified",R6 data migration,contract + feature + upgrade tests; no deletion before evidence
eblocker-icapserver/src/test/java/org/eblocker/server/common/data/migrations/SchemaMigrationVersion12Test.java,00782356a57f1446e1a85d60b434e2edd992409c,eblocker-icapserver,"retain until replacement parity; inventoried, not semantically certified",R6 data migration,contract + feature + upgrade tests; no deletion before evidence
eblocker-icapserver/src/test/java/org/eblocker/server/common/data/migrations/SchemaMigrationVersion13Test.java,89ca50ed22373b470cf0f6bea9c0e1ffc23759dc,eblocker-icapserver,"retain until replacement parity; inventoried, not semantically certified",R6 data migration,contract + feature + upgrade tests; no deletion before evidence
eblocker-icapserver/src/test/java/org/eblocker/server/common/data/migrations/SchemaMigrationVersion14Test.java,8e4dde1246874a461a13bee21bd568c923f7926e,eblocker-icapserver,"retain until replacement parity; inventoried, not semantically certified",R6 data migration,contract + feature + upgrade tests; no deletion before evidence
eblocker-icapserver/src/test/java/org/eblocker/server/common/data/migrations/SchemaMigrationVersion15Test.java,7b32d4c1fa9421c76fe813d1cb13de0ea0d81d5d,eblocker-icapserver,"retain until replacement parity; inventoried, not semantically certified",R6 data migration,contract + feature + upgrade tests; no deletion before evidence
eblocker-icapserver/src/test/java/org/eblocker/server/common/data/migrations/SchemaMigrationVersion16Test.java,b5a6b54299b96d0f1311f8d81931ada98b7c3890,eblocker-icapserver,"retain until replacement parity; inventoried, not semantically certified",R6 data migration,contract + feature + upgrade tests; no deletion before evidence
eblocker-icapserver/src/test/java/org/eblocker/server/common/data/migrations/SchemaMigrationVersion17Test.java,bfe9a79c476deffb440fb6a75ecb352373bd606d,eblocker-icapserver,"retain until replacement parity; inventoried, not semantically certified",R6 data migration,contract + feature + upgrade tests; no deletion before evidence
eblocker-icapserver/src/test/java/org/eblocker/server/common/data/migrations/SchemaMigrationVersion19Test.java,452d7b338ea0bdef4e0a3cf2f9ce61b6f1522311,eblocker-icapserver,"retain until replacement parity; inventoried, not semantically certified",R6 data migration,contract + feature + upgrade tests; no deletion before evidence
eblocker-icapserver/src/test/java/org/eblocker/server/common/data/migrations/SchemaMigrationVersion1Test.java,a212053fd8a6622359d0b8f77f4a685f6f092aeb,eblocker-icapserver,"retain until replacement parity; inventoried, not semantically certified",R6 data migration,contract + feature + upgrade tests; no deletion before evidence
eblocker-icapserver/src/test/java/org/eblocker/server/common/data/migrations/SchemaMigrationVersion21Test.java,a74534aab115efe0ec97d9d8e035219a0ad7ebd5,eblocker-icapserver,"retain until replacement parity; inventoried, not semantically certified",R6 data migration,contract + feature + upgrade tests; no deletion before evidence
eblocker-icapserver/src/test/java/org/eblocker/server/common/data/migrations/SchemaMigrationVersion22Test.java,0815ee86e8cbab4053d1c9fc35594b405816867c,eblocker-icapserver,"retain until replacement parity; inventoried, not semantically certified",R6 data migration,contract + feature + upgrade tests; no deletion before evidence
eblocker-icapserver/src/test/java/org/eblocker/server/common/data/migrations/SchemaMigrationVersion23Test.java,9488637c77032643bdbecc2875c90c1da0ed30b9,eblocker-icapserver,"retain until replacement parity; inventoried, not semantically certified",R6 data migration,contract + feature + upgrade tests; no deletion before evidence
eblocker-icapserver/src/test/java/org/eblocker/server/common/data/migrations/SchemaMigrationVersion24Test.java,ada85d9814305cc2a971ab62b9d0d8cc245be83b,eblocker-icapserver,"retain until replacement parity; inventoried, not semantically certified",R6 data migration,contract + feature + upgrade tests; no deletion before evidence
eblocker-icapserver/src/test/java/org/eblocker/server/common/data/migrations/SchemaMigrationVersion26Test.java,d8d858b9d8b2189a80112b41312d6a5b70c63d32,eblocker-icapserver,"retain until replacement parity; inventoried, not semantically certified",R6 data migration,contract + feature + upgrade tests; no deletion before evidence
eblocker-icapserver/src/test/java/org/eblocker/server/common/data/migrations/SchemaMigrationVersion27Test.java,5caeee0688f0dd4b9e3a2825524f4ac222ab1ea0,eblocker-icapserver,"retain until replacement parity; inventoried, not semantically certified",R6 data migration,contract + feature + upgrade tests; no deletion before evidence
eblocker-icapserver/src/test/java/org/eblocker/server/common/data/migrations/SchemaMigrationVersion28Test.java,a809d160a04cf69bcd232be15b6599ae9100f5c8,eblocker-icapserver,"retain until replacement parity; inventoried, not semantically certified",R6 data migration,contract + feature + upgrade tests; no deletion before evidence
eblocker-icapserver/src/test/java/org/eblocker/server/common/data/migrations/SchemaMigrationVersion29Test.java,bedb406433b8d6c1190c4990f0239f3547449066,eblocker-icapserver,"retain until replacement parity; inventoried, not semantically certified",R6 data migration,contract + feature + upgrade tests; no deletion before evidence
eblocker-icapserver/src/test/java/org/eblocker/server/common/data/migrations/SchemaMigrationVersion2Test.java,fec6187d9fc45ce615438cbbbc559e84c930b0d3,eblocker-icapserver,"retain until replacement parity; inventoried, not semantically certified",R6 data migration,contract + feature + upgrade tests; no deletion before evidence
eblocker-icapserver/src/test/java/org/eblocker/server/common/data/migrations/SchemaMigrationVersion30Test.java,5245f036a7e601b6486a437f4656a519d099c76a,eblocker-icapserver,"retain until replacement parity; inventoried, not semantically certified",R6 data migration,contract + feature + upgrade tests; no deletion before evidence
eblocker-icapserver/src/test/java/org/eblocker/server/common/data/migrations/SchemaMigrationVersion31Test.java,d40c70ea72ddb5af9c5a9b6ad20ed108c8885c12,eblocker-icapserver,"retain until replacement parity; inventoried, not semantically certified",R6 data migration,contract + feature + upgrade tests; no deletion before evidence
eblocker-icapserver/src/test/java/org/eblocker/server/common/data/migrations/SchemaMigrationVersion32Test.java,e4e872adda43851d034c3f76aa1f216634a81e00,eblocker-icapserver,"retain until replacement parity; inventoried, not semantically certified",R6 data migration,contract + feature + upgrade tests; no deletion before evidence
eblocker-icapserver/src/test/java/org/eblocker/server/common/data/migrations/SchemaMigrationVersion33Test.java,829ea9f2c63dc7e8b7bcec5f57314a70d915ace3,eblocker-icapserver,"retain until replacement parity; inventoried, not semantically certified",R6 data migration,contract + feature + upgrade tests; no deletion before evidence
eblocker-icapserver/src/test/java/org/eblocker/server/common/data/migrations/SchemaMigrationVersion34Test.java,d1e6fbed781441bc4177a31051c99c25b5573ab7,eblocker-icapserver,"retain until replacement parity; inventoried, not semantically certified",R6 data migration,contract + feature + upgrade tests; no deletion before evidence
eblocker-icapserver/src/test/java/org/eblocker/server/common/data/migrations/SchemaMigrationVersion35Test.java,29a2a869d6c67faaeae3be57d8ca59af4afc8885,eblocker-icapserver,"retain until replacement parity; inventoried, not semantically certified",R6 data migration,contract + feature + upgrade tests; no deletion before evidence
eblocker-icapserver/src/test/java/org/eblocker/server/common/data/migrations/SchemaMigrationVersion36Test.java,1e7ec9ab46af194e79b3f270b99de633ba2633cd,eblocker-icapserver,"retain until replacement parity; inventoried, not semantically certified",R6 data migration,contract + feature + upgrade tests; no deletion before evidence
eblocker-icapserver/src/test/java/org/eblocker/server/common/data/migrations/SchemaMigrationVersion37Test.java,66d3b2e94bff51486cc515dff2c1a51bd09a3ab3,eblocker-icapserver,"retain until replacement parity; inventoried, not semantically certified",R6 data migration,contract + feature + upgrade tests; no deletion before evidence
eblocker-icapserver/src/test/java/org/eblocker/server/common/data/migrations/SchemaMigrationVersion38Test.java,bdc6bcc4193665e6526837fe2dab648f02a46bb8,eblocker-icapserver,"retain until replacement parity; inventoried, not semantically certified",R6 data migration,contract + feature + upgrade tests; no deletion before evidence
eblocker-icapserver/src/test/java/org/eblocker/server/common/data/migrations/SchemaMigrationVersion39Test.java,9b2f053e56c967ea16a0ccbfb69e68ebf0687d7b,eblocker-icapserver,"retain until replacement parity; inventoried, not semantically certified",R6 data migration,contract + feature + upgrade tests; no deletion before evidence
eblocker-icapserver/src/test/java/org/eblocker/server/common/data/migrations/SchemaMigrationVersion3Test.java,3e0ea30669142b21f116dd1c66dfbe4b9619567d,eblocker-icapserver,"retain until replacement parity; inventoried, not semantically certified",R6 data migration,contract + feature + upgrade tests; no deletion before evidence
eblocker-icapserver/src/test/java/org/eblocker/server/common/data/migrations/SchemaMigrationVersion40Test.java,92efb80e43fc926726649ca7c2df3dfcd1820437,eblocker-icapserver,"retain until replacement parity; inventoried, not semantically certified",R6 data migration,contract + feature + upgrade tests; no deletion before evidence
eblocker-icapserver/src/test/java/org/eblocker/server/common/data/migrations/SchemaMigrationVersion44Test.java,a757f991eb1e1ab9a586ec53741816c7a33cc2aa,eblocker-icapserver,"retain until replacement parity; inventoried, not semantically certified",R6 data migration,contract + feature + upgrade tests; no deletion before evidence
eblocker-icapserver/src/test/java/org/eblocker/server/common/data/migrations/SchemaMigrationVersion45Test.java,195c43cd76bbc64bd29e035f4f7a35c281726c2c,eblocker-icapserver,"retain until replacement parity; inventoried, not semantically certified",R6 data migration,contract + feature + upgrade tests; no deletion before evidence
eblocker-icapserver/src/test/java/org/eblocker/server/common/data/migrations/SchemaMigrationVersion47Test.java,70b716807250d4f1b3d4f74618544d20c15734e9,eblocker-icapserver,"retain until replacement parity; inventoried, not semantically certified",R6 data migration,contract + feature + upgrade tests; no deletion before evidence
eblocker-icapserver/src/test/java/org/eblocker/server/common/data/migrations/SchemaMigrationVersion4Test.java,43ad02731a400d49a6ac51ceb2a267954e1d0524,eblocker-icapserver,"retain until replacement parity; inventoried, not semantically certified",R6 data migration,contract + feature + upgrade tests; no deletion before evidence
eblocker-icapserver/src/test/java/org/eblocker/server/common/data/migrations/SchemaMigrationVersion5Test.java,c30e7ca46aaa5eab01fc21a7a9105e27575e45c8,eblocker-icapserver,"retain until replacement parity; inventoried, not semantically certified",R6 data migration,contract + feature + upgrade tests; no deletion before evidence
eblocker-icapserver/src/test/java/org/eblocker/server/common/data/migrations/SchemaMigrationVersion6Test.java,7a693ce34444475f54bfb75d067552b58c70f194,eblocker-icapserver,"retain until replacement parity; inventoried, not semantically certified",R6 data migration,contract + feature + upgrade tests; no deletion before evidence
eblocker-icapserver/src/test/java/org/eblocker/server/common/data/migrations/SchemaMigrationVersion7Test.java,e5d38b8daaffa975e883ea5ecb1abb00597ea6b4,eblocker-icapserver,"retain until replacement parity; inventoried, not semantically certified",R6 data migration,contract + feature + upgrade tests; no deletion before evidence
eblocker-icapserver/src/test/java/org/eblocker/server/common/data/migrations/SchemaMigrationVersion8Test.java,e832b0c79ce9d21c2df203c79fbc9acf03e4e754,eblocker-icapserver,"retain until replacement parity; inventoried, not semantically certified",R6 data migration,contract + feature + upgrade tests; no deletion before evidence
eblocker-icapserver/src/test/java/org/eblocker/server/common/data/migrations/SchemaMigrationVersion9Test.java,f2c068ec9656c9cb7df18a82ab3aa1a9a087bcf3,eblocker-icapserver,"retain until replacement parity; inventoried, not semantically certified",R6 data migration,contract + feature + upgrade tests; no deletion before evidence
eblocker-icapserver/src/test/java/org/eblocker/server/common/data/statistic/BlockedDomainStatisticsDatabaseLoaderTest.java,e04e9fede6787e4519ea067b087ad61f42537952,eblocker-icapserver,"retain until replacement parity; inventoried, not semantically certified",R6 data migration,contract + feature + upgrade tests; no deletion before evidence
eblocker-icapserver/src/test/java/org/eblocker/server/common/data/statistic/BlockedDomainsStatisticServiceTest.java,a9b30d456621bf2c642cce3e4431bd0c4104afa0,eblocker-icapserver,"retain until replacement parity; inventoried, not semantically certified",R6 data migration,contract + feature + upgrade tests; no deletion before evidence
eblocker-icapserver/src/test/java/org/eblocker/server/common/data/statistic/JedisFilterStatisticsDataSourceTest.java,93e9e70ec8d087f964f9039016cfc9d122334139,eblocker-icapserver,"retain until replacement parity; inventoried, not semantically certified",R6 data migration,contract + feature + upgrade tests; no deletion before evidence
eblocker-icapserver/src/test/java/org/eblocker/server/common/data/validation/NetworkConfigurationValidatorTest.java,1a66aea3e71a6b2f66e046d4c07d07bcf62f6977,eblocker-icapserver,"retain until replacement parity; inventoried, not semantically certified",R6 data migration,contract + feature + upgrade tests; no deletion before evidence
eblocker-icapserver/src/test/java/org/eblocker/server/common/executor/LoggingExecutorServiceTest.java,6ce1e6c2b488d11d2e672390c46443e492bab00a,eblocker-icapserver,"retain until replacement parity; inventoried, not semantically certified",R8 feature migration,contract + feature + upgrade tests; no deletion before evidence
eblocker-icapserver/src/test/java/org/eblocker/server/common/executor/NamedCallableTest.java,3e9f4b562569675564dd5c66b3110fd210eaa14d,eblocker-icapserver,"retain until replacement parity; inventoried, not semantically certified",R8 feature migration,contract + feature + upgrade tests; no deletion before evidence
eblocker-icapserver/src/test/java/org/eblocker/server/common/executor/NamedRunnableTest.java,6dc95e75d7f3b32ed4dbfc9dcb5a94564c8ec2a1,eblocker-icapserver,"retain until replacement parity; inventoried, not semantically certified",R8 feature migration,contract + feature + upgrade tests; no deletion before evidence
eblocker-icapserver/src/test/java/org/eblocker/server/common/executor/RetryingRunnableTest.java,c14fcd105cedee6b6430fada93998c86a75fa232,eblocker-icapserver,"retain until replacement parity; inventoried, not semantically certified",R8 feature migration,contract + feature + upgrade tests; no deletion before evidence
eblocker-icapserver/src/test/java/org/eblocker/server/common/malware/MalwareFilterServiceTest.java,6eb669bb26c72ab0e6684bc48e5c027e078655b4,eblocker-icapserver,"retain until replacement parity; inventoried, not semantically certified",R8 feature migration,contract + feature + upgrade tests; no deletion before evidence
eblocker-icapserver/src/test/java/org/eblocker/server/common/malware/MalwareUtilsTest.java,a62de9fddef310b1f58dd87d596f85c0827d5ab0,eblocker-icapserver,"retain until replacement parity; inventoried, not semantically certified",R8 feature migration,contract + feature + upgrade tests; no deletion before evidence
eblocker-icapserver/src/test/java/org/eblocker/server/common/network/ArpListenerTest.java,10979fad0ba3734110204fb260a2fa5bb7ae54c0,eblocker-icapserver,"retain until replacement parity; inventoried, not semantically certified",R7 network agent and R11 packaging,contract + feature + upgrade tests; no deletion before evidence
eblocker-icapserver/src/test/java/org/eblocker/server/common/network/ArpMessageTest.java,a2ceb863f2b582acd8f140709d56c9230525b451,eblocker-icapserver,"retain until replacement parity; inventoried, not semantically certified",R7 network agent and R11 packaging,contract + feature + upgrade tests; no deletion before evidence
eblocker-icapserver/src/test/java/org/eblocker/server/common/network/ArpSpooferTest.java,b13a576f784335900ca7af81d3058e12b572d81d,eblocker-icapserver,"retain until replacement parity; inventoried, not semantically certified",R7 network agent and R11 packaging,contract + feature + upgrade tests; no deletion before evidence
eblocker-icapserver/src/test/java/org/eblocker/server/common/network/ArpSweeperTest.java,160566b2e2c6e8ec87d392efd9c009e76f6e1f96,eblocker-icapserver,"retain until replacement parity; inventoried, not semantically certified",R7 network agent and R11 packaging,contract + feature + upgrade tests; no deletion before evidence
eblocker-icapserver/src/test/java/org/eblocker/server/common/network/BaseURLsTest.java,fcb88ab1aa525ac09ea0f1b462e07a5f8ad10fd4,eblocker-icapserver,"retain until replacement parity; inventoried, not semantically certified",R7 network agent and R11 packaging,contract + feature + upgrade tests; no deletion before evidence
eblocker-icapserver/src/test/java/org/eblocker/server/common/network/ConfigurationTestBase.java,2d55492ac3df0b0cb4f4726708d9f075c4672cbd,eblocker-icapserver,"retain until replacement parity; inventoried, not semantically certified",R7 network agent and R11 packaging,contract + feature + upgrade tests; no deletion before evidence
eblocker-icapserver/src/test/java/org/eblocker/server/common/network/DeviceIpUpdaterTest.java,4765b6430d558402d9e94fbac976efc2c0187589,eblocker-icapserver,"retain until replacement parity; inventoried, not semantically certified",R7 network agent and R11 packaging,contract + feature + upgrade tests; no deletion before evidence
eblocker-icapserver/src/test/java/org/eblocker/server/common/network/DhcpBindListenerTest.java,fbb0123231cd4b288ae5684fe09f86f2e74b5da4,eblocker-icapserver,"retain until replacement parity; inventoried, not semantically certified",R7 network agent and R11 packaging,contract + feature + upgrade tests; no deletion before evidence
eblocker-icapserver/src/test/java/org/eblocker/server/common/network/DhcpListenerTest.java,22c8be9f9ea547e3d77a13e24c3d6055e04c483b,eblocker-icapserver,"retain until replacement parity; inventoried, not semantically certified",R7 network agent and R11 packaging,contract + feature + upgrade tests; no deletion before evidence
eblocker-icapserver/src/test/java/org/eblocker/server/common/network/DhcpUtilsTest.java,2ac5772d2cfbbff2c147c5da079419847da99c65,eblocker-icapserver,"retain until replacement parity; inventoried, not semantically certified",R7 network agent and R11 packaging,contract + feature + upgrade tests; no deletion before evidence
eblocker-icapserver/src/test/java/org/eblocker/server/common/network/DnsTestService.java,e8c24b7807a34a9e7c2b3a5b0d0ab5bf8c3add93,eblocker-icapserver,"retain until replacement parity; inventoried, not semantically certified",R7 network agent and R11 packaging,contract + feature + upgrade tests; no deletion before evidence
eblocker-icapserver/src/test/java/org/eblocker/server/common/network/Ip6AddressDelayedValidatorTest.java,bd1a0494b630e772473933b465b0ca1d4753f4f6,eblocker-icapserver,"retain until replacement parity; inventoried, not semantically certified",R7 network agent and R11 packaging,contract + feature + upgrade tests; no deletion before evidence
eblocker-icapserver/src/test/java/org/eblocker/server/common/network/Ip6AddressMonitorTest.java,d7257836ec7307b5a03eb0e50240187ec4bba856,eblocker-icapserver,"retain until replacement parity; inventoried, not semantically certified",R7 network agent and R11 packaging,contract + feature + upgrade tests; no deletion before evidence
eblocker-icapserver/src/test/java/org/eblocker/server/common/network/Ip6MulticastPingTest.java,c89776259483215dacb03218b2525077ced0b0b6,eblocker-icapserver,"retain until replacement parity; inventoried, not semantically certified",R7 network agent and R11 packaging,contract + feature + upgrade tests; no deletion before evidence
eblocker-icapserver/src/test/java/org/eblocker/server/common/network/Ip6PrefixMonitorTest.java,b55a479feecc56807310457bb359b55fb1044e50,eblocker-icapserver,"retain until replacement parity; inventoried, not semantically certified",R7 network agent and R11 packaging,contract + feature + upgrade tests; no deletion before evidence
eblocker-icapserver/src/test/java/org/eblocker/server/common/network/Ip6RouterAdvertiserTest.java,988f8ea48c1bcc80ade133901c71df6d044342e2,eblocker-icapserver,"retain until replacement parity; inventoried, not semantically certified",R7 network agent and R11 packaging,contract + feature + upgrade tests; no deletion before evidence
eblocker-icapserver/src/test/java/org/eblocker/server/common/network/IpAddressValidatorTest.java,6bedf54f5b323fedd2f970d1ea372868336693bd,eblocker-icapserver,"retain until replacement parity; inventoried, not semantically certified",R7 network agent and R11 packaging,contract + feature + upgrade tests; no deletion before evidence
eblocker-icapserver/src/test/java/org/eblocker/server/common/network/IpResponseTableTest.java,72d438db20cdd32e65b94948ed08d7c8a647f173,eblocker-icapserver,"retain until replacement parity; inventoried, not semantically certified",R7 network agent and R11 packaging,contract + feature + upgrade tests; no deletion before evidence
eblocker-icapserver/src/test/java/org/eblocker/server/common/network/MockTorControllerConnection.java,d32c129891bf232cf6a756f56c222d8678affcfa,eblocker-icapserver,"retain until replacement parity; inventoried, not semantically certified",R7 network agent and R11 packaging,contract + feature + upgrade tests; no deletion before evidence
eblocker-icapserver/src/test/java/org/eblocker/server/common/network/NeighborDiscoveryListenerTest.java,2fc23589050dcb4ed9f6008cc038a8129182fccb,eblocker-icapserver,"retain until replacement parity; inventoried, not semantically certified",R7 network agent and R11 packaging,contract + feature + upgrade tests; no deletion before evidence
eblocker-icapserver/src/test/java/org/eblocker/server/common/network/NetworkInterfaceWrapperTest.java,03d40ae973ea3124854af37c43c353f5f47945f3,eblocker-icapserver,"retain until replacement parity; inventoried, not semantically certified",R7 network agent and R11 packaging,contract + feature + upgrade tests; no deletion before evidence
eblocker-icapserver/src/test/java/org/eblocker/server/common/network/NetworkServiceUnixTest.java,1937d7073b4eb00b44d42580658cae0e422dc0f5,eblocker-icapserver,"retain until replacement parity; inventoried, not semantically certified",R7 network agent and R11 packaging,contract + feature + upgrade tests; no deletion before evidence
eblocker-icapserver/src/test/java/org/eblocker/server/common/network/NetworkStateMachineTest.java,a67f96d05758fe3c51c52040dcc9dad01bbbb03c,eblocker-icapserver,"retain until replacement parity; inventoried, not semantically certified",R7 network agent and R11 packaging,contract + feature + upgrade tests; no deletion before evidence
eblocker-icapserver/src/test/java/org/eblocker/server/common/network/NetworkUtilsTest.java,f23246a4534a096fe4dc545f5e6be41c3ae39eea,eblocker-icapserver,"retain until replacement parity; inventoried, not semantically certified",R7 network agent and R11 packaging,contract + feature + upgrade tests; no deletion before evidence
eblocker-icapserver/src/test/java/org/eblocker/server/common/network/RouterAdvertisementCacheTest.java,b827c39dda307450cc8a8d40aac18221129366a7,eblocker-icapserver,"retain until replacement parity; inventoried, not semantically certified",R7 network agent and R11 packaging,contract + feature + upgrade tests; no deletion before evidence
eblocker-icapserver/src/test/java/org/eblocker/server/common/network/TorConfigurationTest.java,8da67edff124975711992babc08d11483dee36e1,eblocker-icapserver,"retain until replacement parity; inventoried, not semantically certified",R7 network agent and R11 packaging,contract + feature + upgrade tests; no deletion before evidence
eblocker-icapserver/src/test/java/org/eblocker/server/common/network/TorControllerTest.java,65a13787df90ef8465569a9894a2af89a9ae6df3,eblocker-icapserver,"retain until replacement parity; inventoried, not semantically certified",R7 network agent and R11 packaging,contract + feature + upgrade tests; no deletion before evidence
eblocker-icapserver/src/test/java/org/eblocker/server/common/network/TorExitNodeCountriesTest.java,b6ce64beb308a16217ca321f5bf2f78822e0dcc0,eblocker-icapserver,"retain until replacement parity; inventoried, not semantically certified",R7 network agent and R11 packaging,contract + feature + upgrade tests; no deletion before evidence
eblocker-icapserver/src/test/java/org/eblocker/server/common/network/TrafficAccounterTest.java,cd5a37e622ab890f138696d8d56897078b20b5ca,eblocker-icapserver,"retain until replacement parity; inventoried, not semantically certified",R7 network agent and R11 packaging,contract + feature + upgrade tests; no deletion before evidence
eblocker-icapserver/src/test/java/org/eblocker/server/common/network/ZeroconfRegistrationServiceTest.java,6ddcfb0e5f4a9f1ec198db843f275902d3e85759,eblocker-icapserver,"retain until replacement parity; inventoried, not semantically certified",R7 network agent and R11 packaging,contract + feature + upgrade tests; no deletion before evidence
eblocker-icapserver/src/test/java/org/eblocker/server/common/network/icmpv6/RouterAdvertisementFactoryTest.java,3962512780850049f39f8d534a513f992b6605b0,eblocker-icapserver,"retain until replacement parity; inventoried, not semantically certified",R7 network agent and R11 packaging,contract + feature + upgrade tests; no deletion before evidence
eblocker-icapserver/src/test/java/org/eblocker/server/common/network/unix/DhcpClientLeaseReaderTest.java,292d4e4a2bb0359392f485c14e2f1398a29cffd1,eblocker-icapserver,"retain until replacement parity; inventoried, not semantically certified",R7 network agent and R11 packaging,contract + feature + upgrade tests; no deletion before evidence
eblocker-icapserver/src/test/java/org/eblocker/server/common/network/unix/DnsConfigurationTest.java,6373700c83fb5ea581ecc8fcfc0e45084ff62619,eblocker-icapserver,"retain until replacement parity; inventoried, not semantically certified",R7 network agent and R11 packaging,contract + feature + upgrade tests; no deletion before evidence
eblocker-icapserver/src/test/java/org/eblocker/server/common/network/unix/DnsEnableByDefaultCheckerTest.java,3839dedfa3c3d299bbbdd84603b2af93e560e649,eblocker-icapserver,"retain until replacement parity; inventoried, not semantically certified",R7 network agent and R11 packaging,contract + feature + upgrade tests; no deletion before evidence
eblocker-icapserver/src/test/java/org/eblocker/server/common/network/unix/DnsGatewayNamesTest.java,bed1287e252e05adec76c1a79a32f0ea5e5a42c9,eblocker-icapserver,"retain until replacement parity; inventoried, not semantically certified",R7 network agent and R11 packaging,contract + feature + upgrade tests; no deletion before evidence
eblocker-icapserver/src/test/java/org/eblocker/server/common/network/unix/DnsResolverTest.java,95b75c44ea46bdbb438bd0c05afa3b1d7497dd46,eblocker-icapserver,"retain until replacement parity; inventoried, not semantically certified",R7 network agent and R11 packaging,contract + feature + upgrade tests; no deletion before evidence
eblocker-icapserver/src/test/java/org/eblocker/server/common/network/unix/EblockerDnsServerTest.java,71158f779022ce207f1518d4489717caa0238cd3,eblocker-icapserver,"retain until replacement parity; inventoried, not semantically certified",R7 network agent and R11 packaging,contract + feature + upgrade tests; no deletion before evidence
eblocker-icapserver/src/test/java/org/eblocker/server/common/network/unix/FirewallConfigurationIp4Test.java,7c71753fe064d3e1c2c29dfa82cf456e88801b27,eblocker-icapserver,"retain until replacement parity; inventoried, not semantically certified",R7 network agent and R11 packaging,contract + feature + upgrade tests; no deletion before evidence
eblocker-icapserver/src/test/java/org/eblocker/server/common/network/unix/IpSetsTest.java,b8a6c50d10261e8d7e7ff0b13cf8cf1f2e31a275,eblocker-icapserver,"retain until replacement parity; inventoried, not semantically certified",R7 network agent and R11 packaging,contract + feature + upgrade tests; no deletion before evidence
eblocker-icapserver/src/test/java/org/eblocker/server/common/network/unix/IscDhcpServerConfigurationTest.java,c9a9f8cba60a4a42fb2aa95c662b809686044dea,eblocker-icapserver,"retain until replacement parity; inventoried, not semantically certified",R7 network agent and R11 packaging,contract + feature + upgrade tests; no deletion before evidence
eblocker-icapserver/src/test/java/org/eblocker/server/common/network/unix/IscDhcpServerTest.java,e569775dd8a3de44026eb2384578a495fc367cf4,eblocker-icapserver,"retain until replacement parity; inventoried, not semantically certified",R7 network agent and R11 packaging,contract + feature + upgrade tests; no deletion before evidence
eblocker-icapserver/src/test/java/org/eblocker/server/common/network/unix/NetworkInterfaceAliasesTest.java,47e8a14dcb5527888f4c2dbcaf00e4105566f50a,eblocker-icapserver,"retain until replacement parity; inventoried, not semantically certified",R7 network agent and R11 packaging,contract + feature + upgrade tests; no deletion before evidence
eblocker-icapserver/src/test/java/org/eblocker/server/common/network/unix/NetworkInterfaceConfigurationTest.java,689f3ba3d27c8850c27da9fbc571731130910ef5,eblocker-icapserver,"retain until replacement parity; inventoried, not semantically certified",R7 network agent and R11 packaging,contract + feature + upgrade tests; no deletion before evidence
eblocker-icapserver/src/test/java/org/eblocker/server/common/network/unix/NetworkServicesUnixTest.java,7c3c2081791aa5407c060ee609d1aa714a9e5ae4,eblocker-icapserver,"retain until replacement parity; inventoried, not semantically certified",R7 network agent and R11 packaging,contract + feature + upgrade tests; no deletion before evidence
eblocker-icapserver/src/test/java/org/eblocker/server/common/network/unix/firewall/RuleTest.java,5e622c56f2a4dad6b9eb8594bf5deb83e04dba3d,eblocker-icapserver,"retain until replacement parity; inventoried, not semantically certified",R7 network agent and R11 packaging,contract + feature + upgrade tests; no deletion before evidence
eblocker-icapserver/src/test/java/org/eblocker/server/common/network/unix/firewall/Simulator.java,63238f9c214b9bb9b036589c6d5d67c02734ee91,eblocker-icapserver,"retain until replacement parity; inventoried, not semantically certified",R7 network agent and R11 packaging,contract + feature + upgrade tests; no deletion before evidence
eblocker-icapserver/src/test/java/org/eblocker/server/common/network/unix/firewall/TableGeneratorIp4Test.java,d87dbaff46255fa78dcd33124adba56d6c8a9228,eblocker-icapserver,"retain until replacement parity; inventoried, not semantically certified",R7 network agent and R11 packaging,contract + feature + upgrade tests; no deletion before evidence
eblocker-icapserver/src/test/java/org/eblocker/server/common/network/unix/firewall/TableGeneratorIp6Test.java,dff01e76f3b9b146128f36eadf97eba620343cec,eblocker-icapserver,"retain until replacement parity; inventoried, not semantically certified",R7 network agent and R11 packaging,contract + feature + upgrade tests; no deletion before evidence
eblocker-icapserver/src/test/java/org/eblocker/server/common/network/unix/firewall/TableGeneratorTestBase.java,b584384b2903e9fe137e18a7da88265c58b08315,eblocker-icapserver,"retain until replacement parity; inventoried, not semantically certified",R7 network agent and R11 packaging,contract + feature + upgrade tests; no deletion before evidence
eblocker-icapserver/src/test/java/org/eblocker/server/common/openvpn/Ip6GatewaySelectorTest.java,31a430a60ef3ca5a59e33e55a2bcfca3b117c1da,eblocker-icapserver,"retain until replacement parity; inventoried, not semantically certified",R9 native VPN platform,contract + feature + upgrade tests; no deletion before evidence
eblocker-icapserver/src/test/java/org/eblocker/server/common/openvpn/OpenVpnChannelTest.java,2ee2df0546fd7de60d04624f2ecc9a7733a2ba60,eblocker-icapserver,"retain until replacement parity; inventoried, not semantically certified",R9 native VPN platform,contract + feature + upgrade tests; no deletion before evidence
eblocker-icapserver/src/test/java/org/eblocker/server/common/openvpn/OpenVpnClientTest.java,7918674004d19b7fca65e88972d70f50f39c8611,eblocker-icapserver,"retain until replacement parity; inventoried, not semantically certified",R9 native VPN platform,contract + feature + upgrade tests; no deletion before evidence
eblocker-icapserver/src/test/java/org/eblocker/server/common/openvpn/OpenVpnProfileFilesTest.java,c269c79749731e2d3c05b05d58a3e57ae6858a19,eblocker-icapserver,"retain until replacement parity; inventoried, not semantically certified",R9 native VPN platform,contract + feature + upgrade tests; no deletion before evidence
eblocker-icapserver/src/test/java/org/eblocker/server/common/openvpn/OpenVpnServiceTest.java,a33acab7db7c89f3093a1e70ea0142df65f875da,eblocker-icapserver,"retain until replacement parity; inventoried, not semantically certified",R9 native VPN platform,contract + feature + upgrade tests; no deletion before evidence
eblocker-icapserver/src/test/java/org/eblocker/server/common/openvpn/RoutingControllerTest.java,0e0dbe8a6e7c0f8820168e3d46d96b621e0f4e49,eblocker-icapserver,"retain until replacement parity; inventoried, not semantically certified",R9 native VPN platform,contract + feature + upgrade tests; no deletion before evidence
eblocker-icapserver/src/test/java/org/eblocker/server/common/openvpn/VpnKeepAliveTest.java,a962721e8d404d00f8a50f5169b7999fa93f5cf2,eblocker-icapserver,"retain until replacement parity; inventoried, not semantically certified",R9 native VPN platform,contract + feature + upgrade tests; no deletion before evidence
eblocker-icapserver/src/test/java/org/eblocker/server/common/openvpn/configuration/OpenVpnConfigurationParserTest.java,2d963ad6a45de472e4b5e148cfd9d1da218f3a2f,eblocker-icapserver,"retain until replacement parity; inventoried, not semantically certified",R9 native VPN platform,contract + feature + upgrade tests; no deletion before evidence
eblocker-icapserver/src/test/java/org/eblocker/server/common/openvpn/configuration/OpenVpnConfiguratorTest.java,8766edf9844fe53be131ac21028f3ae7cd477aa6,eblocker-icapserver,"retain until replacement parity; inventoried, not semantically certified",R9 native VPN platform,contract + feature + upgrade tests; no deletion before evidence
eblocker-icapserver/src/test/java/org/eblocker/server/common/openvpn/configuration/OpenVpnFileOptionValidatorTest.java,e0c856d51b480417a2bf9d8003fa7aaa0c58ad1a,eblocker-icapserver,"retain until replacement parity; inventoried, not semantically certified",R9 native VPN platform,contract + feature + upgrade tests; no deletion before evidence
eblocker-icapserver/src/test/java/org/eblocker/server/common/openvpn/connection/MobileConnectionCheckServiceTest.java,c73ff68c421cbde120690c1d0afb61aef5892aea,eblocker-icapserver,"retain until replacement parity; inventoried, not semantically certified",R9 native VPN platform,contract + feature + upgrade tests; no deletion before evidence
eblocker-icapserver/src/test/java/org/eblocker/server/common/openvpn/connection/MobileConnectionCheckTaskTest.java,92efdcad16ee8f28137098fb7b9c6788f4c82ae6,eblocker-icapserver,"retain until replacement parity; inventoried, not semantically certified",R9 native VPN platform,contract + feature + upgrade tests; no deletion before evidence
eblocker-icapserver/src/test/java/org/eblocker/server/common/openvpn/connection/MobileDnsCheckServiceTest.java,4f005ec327158217787930ede682e1008aeed3f2,eblocker-icapserver,"retain until replacement parity; inventoried, not semantically certified",R9 native VPN platform,contract + feature + upgrade tests; no deletion before evidence
eblocker-icapserver/src/test/java/org/eblocker/server/common/openvpn/server/OpenVpnAddressListenerTest.java,62957e34e5259eda0a57318aea3e329cf710570f,eblocker-icapserver,"retain until replacement parity; inventoried, not semantically certified",R9 native VPN platform,contract + feature + upgrade tests; no deletion before evidence
eblocker-icapserver/src/test/java/org/eblocker/server/common/openvpn/server/OpenVpnCaTest.java,d388fbeaa48890de060876d2ffef3435fa10bd65,eblocker-icapserver,"retain until replacement parity; inventoried, not semantically certified",R9 native VPN platform,contract + feature + upgrade tests; no deletion before evidence
eblocker-icapserver/src/test/java/org/eblocker/server/common/openvpn/server/OpenVpnClientConfigurationServiceTest.java,df58ba26eba07227b443b9492a0872bbb10c8c94,eblocker-icapserver,"retain until replacement parity; inventoried, not semantically certified",R9 native VPN platform,contract + feature + upgrade tests; no deletion before evidence
eblocker-icapserver/src/test/java/org/eblocker/server/common/page/PageContextTest.java,f3cda5f6f37d4335f53503673411d003199ab1be,eblocker-icapserver,"retain until replacement parity; inventoried, not semantically certified",R8 feature migration,contract + feature + upgrade tests; no deletion before evidence
eblocker-icapserver/src/test/java/org/eblocker/server/common/page/PageContextsTest.java,c6b9acd13a682a5eaf4aad46bc692feda9d72756,eblocker-icapserver,"retain until replacement parity; inventoried, not semantically certified",R8 feature migration,contract + feature + upgrade tests; no deletion before evidence
eblocker-icapserver/src/test/java/org/eblocker/server/common/pubsub/JedisPubSubServiceTest.java,c74af667527b14325b203f132850dabfd1c20184,eblocker-icapserver,"retain until replacement parity; inventoried, not semantically certified",R8 feature migration,contract + feature + upgrade tests; no deletion before evidence
eblocker-icapserver/src/test/java/org/eblocker/server/common/recorder/DomainRequestRecorderTest.java,3391df8020208b2126e33b41c1550bb79c3da913,eblocker-icapserver,"retain until replacement parity; inventoried, not semantically certified",R8 feature migration,contract + feature + upgrade tests; no deletion before evidence
eblocker-icapserver/src/test/java/org/eblocker/server/common/registration/DeviceRegistrationClientDnsCheckTest.java,9db3edc8d6486d32fb6125a067d31e4234c051c9,eblocker-icapserver,"retain until replacement parity; inventoried, not semantically certified",R8 feature migration,contract + feature + upgrade tests; no deletion before evidence
eblocker-icapserver/src/test/java/org/eblocker/server/common/registration/DeviceRegistrationClientErrorTest.java,45168e3bebbc8789a4b8e18fdff3973dddbe06a0,eblocker-icapserver,"retain until replacement parity; inventoried, not semantically certified",R8 feature migration,contract + feature + upgrade tests; no deletion before evidence
eblocker-icapserver/src/test/java/org/eblocker/server/common/registration/DeviceRegistrationClientTest.java,4fa62bba9aaa36a6608b5f6f6c1f70caa5e5b040,eblocker-icapserver,"retain until replacement parity; inventoried, not semantically certified",R8 feature migration,contract + feature + upgrade tests; no deletion before evidence
eblocker-icapserver/src/test/java/org/eblocker/server/common/registration/DeviceRegistrationLicenseStateImplTest.java,6f16dba8e53d0a098213ba3e5bd8648a8a6a97c8,eblocker-icapserver,"retain until replacement parity; inventoried, not semantically certified",R8 feature migration,contract + feature + upgrade tests; no deletion before evidence
eblocker-icapserver/src/test/java/org/eblocker/server/common/registration/DeviceRegistrationPropertiesTest.java,e9b386593a124e1a15df8a96e49a11fd2f9cd446,eblocker-icapserver,"retain until replacement parity; inventoried, not semantically certified",R8 feature migration,contract + feature + upgrade tests; no deletion before evidence
eblocker-icapserver/src/test/java/org/eblocker/server/common/registration/DeviceRegistrationTestBase.java,74f5762fa6b31f4d1278a5091d6a65e73cf3ab9b,eblocker-icapserver,"retain until replacement parity; inventoried, not semantically certified",R8 feature migration,contract + feature + upgrade tests; no deletion before evidence
eblocker-icapserver/src/test/java/org/eblocker/server/common/registration/LicenseExpirationServiceTest.java,dcdcff084beb32183e8cddd363deaebd6ccf3b0b,eblocker-icapserver,"retain until replacement parity; inventoried, not semantically certified",R8 feature migration,contract + feature + upgrade tests; no deletion before evidence
eblocker-icapserver/src/test/java/org/eblocker/server/common/service/FeatureServiceTest.java,725dfdd63c13e49b160106db0e1217a6a978e0af,eblocker-icapserver,"retain until replacement parity; inventoried, not semantically certified",R8 feature migration,contract + feature + upgrade tests; no deletion before evidence
eblocker-icapserver/src/test/java/org/eblocker/server/common/service/FeatureToggleRouterTest.java,d559ba4b62f728515b9100194ad34f09f1e1aa05,eblocker-icapserver,"retain until replacement parity; inventoried, not semantically certified",R8 feature migration,contract + feature + upgrade tests; no deletion before evidence
eblocker-icapserver/src/test/java/org/eblocker/server/common/service/FilterStatisticsServiceTest.java,5868bb65bb06d75a3c0615c560a7d0bfb959a248,eblocker-icapserver,"retain until replacement parity; inventoried, not semantically certified",R8 feature migration,contract + feature + upgrade tests; no deletion before evidence
eblocker-icapserver/src/test/java/org/eblocker/server/common/service/TestPubSubService.java,ca3368f26f2306dabc91a1f4c44d2a6de13c20cf,eblocker-icapserver,"retain until replacement parity; inventoried, not semantically certified",R8 feature migration,contract + feature + upgrade tests; no deletion before evidence
eblocker-icapserver/src/test/java/org/eblocker/server/common/session/DecisionStoreTest.java,2c56e07dd6fab338375593de63c8f8d3d51700a8,eblocker-icapserver,"retain until replacement parity; inventoried, not semantically certified",R8 feature migration,contract + feature + upgrade tests; no deletion before evidence
eblocker-icapserver/src/test/java/org/eblocker/server/common/session/SessionIdUtilTest.java,e984c75ff4bf8acdc165c337e7839e3e94338d09,eblocker-icapserver,"retain until replacement parity; inventoried, not semantically certified",R8 feature migration,contract + feature + upgrade tests; no deletion before evidence
eblocker-icapserver/src/test/java/org/eblocker/server/common/session/SessionStoreTest.java,876d5b1a3e941fcb512df748d0dd0045546bcc8f,eblocker-icapserver,"retain until replacement parity; inventoried, not semantically certified",R8 feature migration,contract + feature + upgrade tests; no deletion before evidence
eblocker-icapserver/src/test/java/org/eblocker/server/common/squid/SquidCacheLogReaderTest.java,eaa73ce494e232cfeff57a380de8706b5419529a,eblocker-icapserver,"retain until replacement parity; inventoried, not semantically certified",R8 feature migration,contract + feature + upgrade tests; no deletion before evidence
eblocker-icapserver/src/test/java/org/eblocker/server/common/squid/SquidConfigControllerTest.java,ec3e6362a6962508bdd33b3230a688d7687b6ad9,eblocker-icapserver,"retain until replacement parity; inventoried, not semantically certified",R8 feature migration,contract + feature + upgrade tests; no deletion before evidence
eblocker-icapserver/src/test/java/org/eblocker/server/common/squid/SquidReloadingServiceTest.java,5867e1bfae1f8d3a9e584efdb29c3fd0a4f3bdd7,eblocker-icapserver,"retain until replacement parity; inventoried, not semantically certified",R8 feature migration,contract + feature + upgrade tests; no deletion before evidence
eblocker-icapserver/src/test/java/org/eblocker/server/common/squid/SquidWarningServiceTest.java,486943a1509ea62703560ad9ee64d37d0f01f0cd,eblocker-icapserver,"retain until replacement parity; inventoried, not semantically certified",R8 feature migration,contract + feature + upgrade tests; no deletion before evidence
eblocker-icapserver/src/test/java/org/eblocker/server/common/squid/acl/SquidAclsTest.java,88d84e7b87b6bd87c16109cb21d41927f012059c,eblocker-icapserver,"retain until replacement parity; inventoried, not semantically certified",R8 feature migration,contract + feature + upgrade tests; no deletion before evidence
eblocker-icapserver/src/test/java/org/eblocker/server/common/ssl/EblockerCaTest.java,c2155070af11d48ae07b16e6228a6fd3e1a62bb4,eblocker-icapserver,"retain until replacement parity; inventoried, not semantically certified",R8 feature migration,contract + feature + upgrade tests; no deletion before evidence
eblocker-icapserver/src/test/java/org/eblocker/server/common/ssl/GeneratingKeyManagerTest.java,4e69b3c7e11a8f88960b96d75099196017be70eb,eblocker-icapserver,"retain until replacement parity; inventoried, not semantically certified",R8 feature migration,contract + feature + upgrade tests; no deletion before evidence
eblocker-icapserver/src/test/java/org/eblocker/server/common/ssl/SslCertificateClientInstallationTrackerTest.java,ffe76009ee1fe47cf9897cc82e5819ca9ac22016,eblocker-icapserver,"retain until replacement parity; inventoried, not semantically certified",R8 feature migration,contract + feature + upgrade tests; no deletion before evidence
eblocker-icapserver/src/test/java/org/eblocker/server/common/ssl/SslServiceTest.java,2770fec4131fa7f5edb3283913c3cbe2816ed87a,eblocker-icapserver,"retain until replacement parity; inventoried, not semantically certified",R8 feature migration,contract + feature + upgrade tests; no deletion before evidence
eblocker-icapserver/src/test/java/org/eblocker/server/common/ssl/SslTestListenersTest.java,062e860803f9a734ee2df6989f0f42ef3ab40796,eblocker-icapserver,"retain until replacement parity; inventoried, not semantically certified",R8 feature migration,contract + feature + upgrade tests; no deletion before evidence
eblocker-icapserver/src/test/java/org/eblocker/server/common/ssl/SslTestRequestHandlerTest.java,f3242f546c82cb37fce4ad2095ee3e87557cba39,eblocker-icapserver,"retain until replacement parity; inventoried, not semantically certified",R8 feature migration,contract + feature + upgrade tests; no deletion before evidence
eblocker-icapserver/src/test/java/org/eblocker/server/common/ssl/SslTestUtils.java,522acf5ea949b28b90adc9dfda949e53cc92cedc,eblocker-icapserver,"retain until replacement parity; inventoried, not semantically certified",R8 feature migration,contract + feature + upgrade tests; no deletion before evidence
eblocker-icapserver/src/test/java/org/eblocker/server/common/startup/SubSystemServiceIndexTest.java,ac5283e05ac178263bcf90a7e6f5f72cb1b8a1c0,eblocker-icapserver,"retain until replacement parity; inventoried, not semantically certified",R8 feature migration,contract + feature + upgrade tests; no deletion before evidence
eblocker-icapserver/src/test/java/org/eblocker/server/common/startup/SubSystemUsageInterceptorTest.java,5283a99dd179c533e597561e2c2558de3c4b1720,eblocker-icapserver,"retain until replacement parity; inventoried, not semantically certified",R8 feature migration,contract + feature + upgrade tests; no deletion before evidence
eblocker-icapserver/src/test/java/org/eblocker/server/common/status/StartupStatusReporterTest.java,7025e046e92d0b1c62f9d5eb823019ab338008ad,eblocker-icapserver,"retain until replacement parity; inventoried, not semantically certified",R8 feature migration,contract + feature + upgrade tests; no deletion before evidence
eblocker-icapserver/src/test/java/org/eblocker/server/common/system/unix/CommandRunnerUnixTest.java,52280051359b7c63b757fac87917290c2677e1c9,eblocker-icapserver,"retain until replacement parity; inventoried, not semantically certified",R8 feature migration,contract + feature + upgrade tests; no deletion before evidence
eblocker-icapserver/src/test/java/org/eblocker/server/common/system/unix/LoggingProcessUnixTest.java,7e7f66ec53d3ebf663163ed82a954ba13e32adf0,eblocker-icapserver,"retain until replacement parity; inventoried, not semantically certified",R8 feature migration,contract + feature + upgrade tests; no deletion before evidence
eblocker-icapserver/src/test/java/org/eblocker/server/common/system/unix/ScriptRunnerUnixTest.java,a2a235004035dceaf711d21273cb872b1c6c22db,eblocker-icapserver,"retain until replacement parity; inventoried, not semantically certified",R8 feature migration,contract + feature + upgrade tests; no deletion before evidence
eblocker-icapserver/src/test/java/org/eblocker/server/common/update/AutomaticUpdaterTest.java,a83e8b935dc41ac4e6041e9cfb0118bf4a64b45e,eblocker-icapserver,"retain until replacement parity; inventoried, not semantically certified",R8 feature migration,contract + feature + upgrade tests; no deletion before evidence
eblocker-icapserver/src/test/java/org/eblocker/server/common/update/ControlBarAliasUpdaterTest.java,1ea748b01e1096b77912aa6af7df19d13339bdfc,eblocker-icapserver,"retain until replacement parity; inventoried, not semantically certified",R8 feature migration,contract + feature + upgrade tests; no deletion before evidence
eblocker-icapserver/src/test/java/org/eblocker/server/common/update/DebianUpdaterTest.java,ece58a29a562879e8075e62ff5dcfd961d392ff9,eblocker-icapserver,"retain until replacement parity; inventoried, not semantically certified",R8 feature migration,contract + feature + upgrade tests; no deletion before evidence
eblocker-icapserver/src/test/java/org/eblocker/server/common/update/UpdateStatusObserverTest.java,9acac7718a25a17da566cf9c3141362376b876e3,eblocker-icapserver,"retain until replacement parity; inventoried, not semantically certified",R8 feature migration,contract + feature + upgrade tests; no deletion before evidence
eblocker-icapserver/src/test/java/org/eblocker/server/common/useragent/UserAgentUtilTest.java,246ab8a37d9eed553b099b76b8aabc002c856778,eblocker-icapserver,"retain until replacement parity; inventoried, not semantically certified",R8 feature migration,contract + feature + upgrade tests; no deletion before evidence
eblocker-icapserver/src/test/java/org/eblocker/server/common/util/ByteArraysTest.java,e06884692056b497d92491a2ec5a7ba0b90d4b69,eblocker-icapserver,"retain until replacement parity; inventoried, not semantically certified",R8 feature migration,contract + feature + upgrade tests; no deletion before evidence
eblocker-icapserver/src/test/java/org/eblocker/server/common/util/DateUtilTest.java,bb4110ce4f35f2103543e4c2e13cdc4018136e00,eblocker-icapserver,"retain until replacement parity; inventoried, not semantically certified",R8 feature migration,contract + feature + upgrade tests; no deletion before evidence
eblocker-icapserver/src/test/java/org/eblocker/server/common/util/FileUtilsTest.java,c5155bd4366b67b4038c9a039b83c4fa6ad85802,eblocker-icapserver,"retain until replacement parity; inventoried, not semantically certified",R8 feature migration,contract + feature + upgrade tests; no deletion before evidence
eblocker-icapserver/src/test/java/org/eblocker/server/common/util/FilterModeUtilsTest.java,44b1a6b799f16940da784661cfe675558044f71b,eblocker-icapserver,"retain until replacement parity; inventoried, not semantically certified",R8 feature migration,contract + feature + upgrade tests; no deletion before evidence
eblocker-icapserver/src/test/java/org/eblocker/server/common/util/HtmlUtilsTest.java,23ea0535964e60df7db9887200fca35d5137b5fd,eblocker-icapserver,"retain until replacement parity; inventoried, not semantically certified",R8 feature migration,contract + feature + upgrade tests; no deletion before evidence
eblocker-icapserver/src/test/java/org/eblocker/server/common/util/Ip4UtilsTest.java,3afced00ba6157eb2e5c2cd00f67dac4b04e9055,eblocker-icapserver,"retain until replacement parity; inventoried, not semantically certified",R8 feature migration,contract + feature + upgrade tests; no deletion before evidence
eblocker-icapserver/src/test/java/org/eblocker/server/common/util/Ip6UtilsTest.java,534f48c1ce6c5d6b4d36e8c04c2067395d13bdaa,eblocker-icapserver,"retain until replacement parity; inventoried, not semantically certified",R8 feature migration,contract + feature + upgrade tests; no deletion before evidence
eblocker-icapserver/src/test/java/org/eblocker/server/common/util/IpUtilsTest.java,9da586f7b23a576767a81ef7aec6464871d46380,eblocker-icapserver,"retain until replacement parity; inventoried, not semantically certified",R8 feature migration,contract + feature + upgrade tests; no deletion before evidence
eblocker-icapserver/src/test/java/org/eblocker/server/common/util/JedisTest.java,fba4ea8acd5b0a3216db0794f392635db7cb7c3e,eblocker-icapserver,"retain until replacement parity; inventoried, not semantically certified",R8 feature migration,contract + feature + upgrade tests; no deletion before evidence
eblocker-icapserver/src/test/java/org/eblocker/server/common/util/LevenshteinTest.java,5963144d9b6eb764ed0585a17f8b3f5da8311754,eblocker-icapserver,"retain until replacement parity; inventoried, not semantically certified",R8 feature migration,contract + feature + upgrade tests; no deletion before evidence
eblocker-icapserver/src/test/java/org/eblocker/server/common/util/RemainingPauseTest.java,a4aba562b1ada778ccaaa35cabbf8e8cb27bddb6,eblocker-icapserver,"retain until replacement parity; inventoried, not semantically certified",R8 feature migration,contract + feature + upgrade tests; no deletion before evidence
eblocker-icapserver/src/test/java/org/eblocker/server/common/util/ResourceUtilTest.java,32f0285b77c5c6fe17da98e454eccf7dbf6f6c98,eblocker-icapserver,"retain until replacement parity; inventoried, not semantically certified",R8 feature migration,contract + feature + upgrade tests; no deletion before evidence
eblocker-icapserver/src/test/java/org/eblocker/server/common/util/StartupTaskTest.java,7eda73cbc949f28fbae7a21d207462c879620246,eblocker-icapserver,"retain until replacement parity; inventoried, not semantically certified",R8 feature migration,contract + feature + upgrade tests; no deletion before evidence
eblocker-icapserver/src/test/java/org/eblocker/server/common/util/StringReplacerTest.java,4ba494969da2ba2fadf79185640cf3a7933c4708,eblocker-icapserver,"retain until replacement parity; inventoried, not semantically certified",R8 feature migration,contract + feature + upgrade tests; no deletion before evidence
eblocker-icapserver/src/test/java/org/eblocker/server/common/util/TailReaderTest.java,1783fad37b90dc2466c04116f363af1afde242a4,eblocker-icapserver,"retain until replacement parity; inventoried, not semantically certified",R8 feature migration,contract + feature + upgrade tests; no deletion before evidence
eblocker-icapserver/src/test/java/org/eblocker/server/common/util/UrlUtilsTest.java,71080a7a3b3ece606df9ef09413243bf309553f9,eblocker-icapserver,"retain until replacement parity; inventoried, not semantically certified",R8 feature migration,contract + feature + upgrade tests; no deletion before evidence
eblocker-icapserver/src/test/java/org/eblocker/server/http/backup/AppModulesBackupProviderTest.java,0254a02762b39fd01a9e47e8b7dd7d74ead80a2a,eblocker-icapserver,"retain until replacement parity; inventoried, not semantically certified",R8 feature migration,contract + feature + upgrade tests; no deletion before evidence
eblocker-icapserver/src/test/java/org/eblocker/server/http/backup/BackupProviderTest.java,bebafb32bdd87a0ce60090d3de2497ee047aa5e3,eblocker-icapserver,"retain until replacement parity; inventoried, not semantically certified",R8 feature migration,contract + feature + upgrade tests; no deletion before evidence
eblocker-icapserver/src/test/java/org/eblocker/server/http/backup/BackupProviderTestBase.java,730e416cd934653c935f5806cda5b5263dd79f1a,eblocker-icapserver,"retain until replacement parity; inventoried, not semantically certified",R8 feature migration,contract + feature + upgrade tests; no deletion before evidence
eblocker-icapserver/src/test/java/org/eblocker/server/http/backup/BlockersBackupProviderTest.java,13c1ef9a6efed02dfa605fed4d6a1e36fd1b1a67,eblocker-icapserver,"retain until replacement parity; inventoried, not semantically certified",R8 feature migration,contract + feature + upgrade tests; no deletion before evidence
eblocker-icapserver/src/test/java/org/eblocker/server/http/backup/DevicesLegacyBackupProviderTest.java,9d7f82b1f9b1085ad87b3aed9a6ab2f2f98f9332,eblocker-icapserver,"retain until replacement parity; inventoried, not semantically certified",R8 feature migration,contract + feature + upgrade tests; no deletion before evidence
eblocker-icapserver/src/test/java/org/eblocker/server/http/backup/DnsBackupProviderTest.java,36e86975cbbfe9e1a4ac0b2b6f38d9e2b8c52557,eblocker-icapserver,"retain until replacement parity; inventoried, not semantically certified",R8 feature migration,contract + feature + upgrade tests; no deletion before evidence
eblocker-icapserver/src/test/java/org/eblocker/server/http/backup/GeneralSettingsBackupProviderTest.java,3507e072c3cab74ba2180beada8f4b88f3e9941a,eblocker-icapserver,"retain until replacement parity; inventoried, not semantically certified",R8 feature migration,contract + feature + upgrade tests; no deletion before evidence
eblocker-icapserver/src/test/java/org/eblocker/server/http/backup/HttpsKeysBackupProviderTest.java,1a93b5321db71636431934a7c36b9f7d70086c10,eblocker-icapserver,"retain until replacement parity; inventoried, not semantically certified",R8 feature migration,contract + feature + upgrade tests; no deletion before evidence
eblocker-icapserver/src/test/java/org/eblocker/server/http/backup/NetworkBackupProviderTest.java,fbf38850e1c89f6d13a8b69cf5f4c8ca9a20bfec,eblocker-icapserver,"retain until replacement parity; inventoried, not semantically certified",R8 feature migration,contract + feature + upgrade tests; no deletion before evidence
eblocker-icapserver/src/test/java/org/eblocker/server/http/backup/OpenVpnClientBackupProviderTest.java,4829748d23536cc9851488eb857f70c83846ab85,eblocker-icapserver,"retain until replacement parity; inventoried, not semantically certified",R8 feature migration,contract + feature + upgrade tests; no deletion before evidence
eblocker-icapserver/src/test/java/org/eblocker/server/http/backup/OpenVpnServerBackupProviderTest.java,c4e62354c8650a5686eb6fe87485e8ea4ea41b3e,eblocker-icapserver,"retain until replacement parity; inventoried, not semantically certified",R8 feature migration,contract + feature + upgrade tests; no deletion before evidence
eblocker-icapserver/src/test/java/org/eblocker/server/http/backup/RegistrationBackupProviderTest.java,e2d470da5f61ba87882de777eb13cd97c883945f,eblocker-icapserver,"retain until replacement parity; inventoried, not semantically certified",R8 feature migration,contract + feature + upgrade tests; no deletion before evidence
eblocker-icapserver/src/test/java/org/eblocker/server/http/backup/TorConfigBackupProviderTest.java,21b6143a6dd46cf8881f065f4b43bcb19a0c3c9f,eblocker-icapserver,"retain until replacement parity; inventoried, not semantically certified",R8 feature migration,contract + feature + upgrade tests; no deletion before evidence
eblocker-icapserver/src/test/java/org/eblocker/server/http/backup/UsersBackupProviderTest.java,cc70ca027cf16a71ab2422c1f26d5c55c9431d81,eblocker-icapserver,"retain until replacement parity; inventoried, not semantically certified",R8 feature migration,contract + feature + upgrade tests; no deletion before evidence
eblocker-icapserver/src/test/java/org/eblocker/server/http/controller/boot/DiagnosticsReportControllerTest.java,c5bb3b62abcd5c4fde4f0dce969ab3e4e0c89734,eblocker-icapserver,"retain until replacement parity; inventoried, not semantically certified",R8 feature migration,contract + feature + upgrade tests; no deletion before evidence
eblocker-icapserver/src/test/java/org/eblocker/server/http/controller/converter/UserModuleConverterTest.java,9b2ee1a660ce66f7ccf0e5cc3bbf7e3dbfcb1037,eblocker-icapserver,"retain until replacement parity; inventoried, not semantically certified",R8 feature migration,contract + feature + upgrade tests; no deletion before evidence
eblocker-icapserver/src/test/java/org/eblocker/server/http/controller/impl/ConfigurationBackupControllerImplTest.java,edc527330fdfcd66de31a0a774c4fd84a79b0264,eblocker-icapserver,"retain until replacement parity; inventoried, not semantically certified",R8 feature migration,contract + feature + upgrade tests; no deletion before evidence
eblocker-icapserver/src/test/java/org/eblocker/server/http/controller/impl/ControlBarControllerImplTest.java,df57ae28779131f50e78b9778d13b8174ca89ccc,eblocker-icapserver,"retain until replacement parity; inventoried, not semantically certified",R8 feature migration,contract + feature + upgrade tests; no deletion before evidence
eblocker-icapserver/src/test/java/org/eblocker/server/http/controller/impl/ControllerTestUtils.java,74b5bb8ffc45cd62f2c8f22d35f50362aa17c896,eblocker-icapserver,"retain until replacement parity; inventoried, not semantically certified",R8 feature migration,contract + feature + upgrade tests; no deletion before evidence
eblocker-icapserver/src/test/java/org/eblocker/server/http/controller/impl/CustomDomainFilterConfigControllerImplTest.java,bc331c54cd776cbdc28e98770efa492bbf2d1985,eblocker-icapserver,"retain until replacement parity; inventoried, not semantically certified",R8 feature migration,contract + feature + upgrade tests; no deletion before evidence
eblocker-icapserver/src/test/java/org/eblocker/server/http/controller/impl/DeviceControllerImplTest.java,202fb447d0e73acc3f330349904ed40df0d2fec5,eblocker-icapserver,"retain until replacement parity; inventoried, not semantically certified",R8 feature migration,contract + feature + upgrade tests; no deletion before evidence
eblocker-icapserver/src/test/java/org/eblocker/server/http/controller/impl/DeviceRegistrationControllerImplTest.java,9cd82b4502c99e45575d566a75e2b320515d4b9a,eblocker-icapserver,"retain until replacement parity; inventoried, not semantically certified",R8 feature migration,contract + feature + upgrade tests; no deletion before evidence
eblocker-icapserver/src/test/java/org/eblocker/server/http/controller/impl/DomainWhiteListControllerImplTest.java,670804e38bbfe290ee849dec6eaf59b1c3cd1bd5,eblocker-icapserver,"retain until replacement parity; inventoried, not semantically certified",R8 feature migration,contract + feature + upgrade tests; no deletion before evidence
eblocker-icapserver/src/test/java/org/eblocker/server/http/controller/impl/MobileDnsCheckControllerImplTest.java,0b3b0c004a316e651ec8f160c2204774945a5367,eblocker-icapserver,"retain until replacement parity; inventoried, not semantically certified",R8 feature migration,contract + feature + upgrade tests; no deletion before evidence
eblocker-icapserver/src/test/java/org/eblocker/server/http/controller/impl/OpenVpnServerControllerImplTest.java,f69273b115aa8888d20d519b63503e2553d1daf8,eblocker-icapserver,"retain until replacement parity; inventoried, not semantically certified",R8 feature migration,contract + feature + upgrade tests; no deletion before evidence
eblocker-icapserver/src/test/java/org/eblocker/server/http/controller/impl/RedirectControllerImplTest.java,8e897716671875af36fa0ece2f540653141c3b09,eblocker-icapserver,"retain until replacement parity; inventoried, not semantically certified",R8 feature migration,contract + feature + upgrade tests; no deletion before evidence
eblocker-icapserver/src/test/java/org/eblocker/server/http/controller/impl/SSLControllerImplTest.java,2d4ee9dc345cef46bae0d1e41dfdfd18513262ea,eblocker-icapserver,"retain until replacement parity; inventoried, not semantically certified",R8 feature migration,contract + feature + upgrade tests; no deletion before evidence
eblocker-icapserver/src/test/java/org/eblocker/server/http/controller/impl/TimezoneControllerImplTest.java,5c868a31e1e495c40a2c265b0c2a307f578d457b,eblocker-icapserver,"retain until replacement parity; inventoried, not semantically certified",R8 feature migration,contract + feature + upgrade tests; no deletion before evidence
eblocker-icapserver/src/test/java/org/eblocker/server/http/controller/wrapper/ControllerWrapperFactoryTest.java,f8fd7d7a974893e08970c0b779943746a8c810c2,eblocker-icapserver,"retain until replacement parity; inventoried, not semantically certified",R8 feature migration,contract + feature + upgrade tests; no deletion before evidence
eblocker-icapserver/src/test/java/org/eblocker/server/http/controller/wrapper/test/ControllerA.java,88efc3156108263f521cddc558d6a8f9369df24a,eblocker-icapserver,"retain until replacement parity; inventoried, not semantically certified",R8 feature migration,contract + feature + upgrade tests; no deletion before evidence
eblocker-icapserver/src/test/java/org/eblocker/server/http/controller/wrapper/test/ControllerAImpl.java,41a3c1d1d54d872f71db630e5d8d7029e92167c6,eblocker-icapserver,"retain until replacement parity; inventoried, not semantically certified",R8 feature migration,contract + feature + upgrade tests; no deletion before evidence
eblocker-icapserver/src/test/java/org/eblocker/server/http/controller/wrapper/test/ControllerB.java,82fedb36a1943e229ed2155a68059da42bd9ab26,eblocker-icapserver,"retain until replacement parity; inventoried, not semantically certified",R8 feature migration,contract + feature + upgrade tests; no deletion before evidence
eblocker-icapserver/src/test/java/org/eblocker/server/http/controller/wrapper/test/ControllerBImpl.java,561a9714e74b66cf9ec2e7b60f1ef20e7da1a48f,eblocker-icapserver,"retain until replacement parity; inventoried, not semantically certified",R8 feature migration,contract + feature + upgrade tests; no deletion before evidence
eblocker-icapserver/src/test/java/org/eblocker/server/http/security/DashboardAuthorizationProcessorTest.java,67dc21a51e674571524f02b4382a91ecbf632a44,eblocker-icapserver,"retain until replacement parity; inventoried, not semantically certified",R8 feature migration,contract + feature + upgrade tests; no deletion before evidence
eblocker-icapserver/src/test/java/org/eblocker/server/http/security/JsonWebTokenHandlerTest.java,b60915302e6b3f5b1d6036bab346613597a5d897,eblocker-icapserver,"retain until replacement parity; inventoried, not semantically certified",R8 feature migration,contract + feature + upgrade tests; no deletion before evidence
eblocker-icapserver/src/test/java/org/eblocker/server/http/security/PasswordUtilTest.java,a9df8d3c46a09efaab3cc2a29524db9711760e34,eblocker-icapserver,"retain until replacement parity; inventoried, not semantically certified",R8 feature migration,contract + feature + upgrade tests; no deletion before evidence
eblocker-icapserver/src/test/java/org/eblocker/server/http/security/SecurityProcessorTest.java,20d1a1c56ff531779163c09d148f786a696e02d4,eblocker-icapserver,"retain until replacement parity; inventoried, not semantically certified",R8 feature migration,contract + feature + upgrade tests; no deletion before evidence
eblocker-icapserver/src/test/java/org/eblocker/server/http/security/SecurityServiceTest.java,27028aba60ef0f8cfe01a365d0b39ce0737c36af,eblocker-icapserver,"retain until replacement parity; inventoried, not semantically certified",R8 feature migration,contract + feature + upgrade tests; no deletion before evidence
eblocker-icapserver/src/test/java/org/eblocker/server/http/server/SSLContextHandlerTest.java,1f3758df5203fa32327450a366f402917102a594,eblocker-icapserver,"retain until replacement parity; inventoried, not semantically certified",R8 feature migration,contract + feature + upgrade tests; no deletion before evidence
eblocker-icapserver/src/test/java/org/eblocker/server/http/server/SessionContextControllerTest.java,010e82298711a7b9a95320e234b5c962bbb1f03c,eblocker-icapserver,"retain until replacement parity; inventoried, not semantically certified",R8 feature migration,contract + feature + upgrade tests; no deletion before evidence
eblocker-icapserver/src/test/java/org/eblocker/server/http/server/StaticFileControllerTest.java,b49a371fd7a263a939905286a4b9efaffc4aae53,eblocker-icapserver,"retain until replacement parity; inventoried, not semantically certified",R8 feature migration,contract + feature + upgrade tests; no deletion before evidence
eblocker-icapserver/src/test/java/org/eblocker/server/http/service/AccessDeniedRequestHandlerTest.java,45dc989216f55b0eccd756f112a856234f08cb68,eblocker-icapserver,"retain until replacement parity; inventoried, not semantically certified",R8 feature migration,contract + feature + upgrade tests; no deletion before evidence
eblocker-icapserver/src/test/java/org/eblocker/server/http/service/AccessDeniedServiceTest.java,8892abf3247479118aa52cc3b8aff1d3067513f0,eblocker-icapserver,"retain until replacement parity; inventoried, not semantically certified",R8 feature migration,contract + feature + upgrade tests; no deletion before evidence
eblocker-icapserver/src/test/java/org/eblocker/server/http/service/AddAttributeHandlerTest.java,dd07bf6511cb9ad78c9ddd13257cada3860d6538,eblocker-icapserver,"retain until replacement parity; inventoried, not semantically certified",R8 feature migration,contract + feature + upgrade tests; no deletion before evidence
eblocker-icapserver/src/test/java/org/eblocker/server/http/service/AnonymousServiceTest.java,2891ab871ff5c8a62abdb6d68c9078be2be2682a,eblocker-icapserver,"retain until replacement parity; inventoried, not semantically certified",R8 feature migration,contract + feature + upgrade tests; no deletion before evidence
eblocker-icapserver/src/test/java/org/eblocker/server/http/service/AppModuleServiceTest.java,35961bdfc356b4cd0f759ae617d1e593592c7404,eblocker-icapserver,"retain until replacement parity; inventoried, not semantically certified",R8 feature migration,contract + feature + upgrade tests; no deletion before evidence
eblocker-icapserver/src/test/java/org/eblocker/server/http/service/AutoTrustAppServiceTest.java,619c675fe196ba2620195a88c69beea0fb9cae08,eblocker-icapserver,"retain until replacement parity; inventoried, not semantically certified",R8 feature migration,contract + feature + upgrade tests; no deletion before evidence
eblocker-icapserver/src/test/java/org/eblocker/server/http/service/ConfigurationBackupServiceTest.java,ac6d279254ba37b55a354858d54fe8a430d33d06,eblocker-icapserver,"retain until replacement parity; inventoried, not semantically certified",R8 feature migration,contract + feature + upgrade tests; no deletion before evidence
eblocker-icapserver/src/test/java/org/eblocker/server/http/service/CustomDomainFilterConfigServiceTest.java,47b2c301b01173970865cb6432022552c3dac0cb,eblocker-icapserver,"retain until replacement parity; inventoried, not semantically certified",R8 feature migration,contract + feature + upgrade tests; no deletion before evidence
eblocker-icapserver/src/test/java/org/eblocker/server/http/service/DevicePermissionsServiceTest.java,85f98ad1b916d41c5416c9b850ed57f121dcae02,eblocker-icapserver,"retain until replacement parity; inventoried, not semantically certified",R8 feature migration,contract + feature + upgrade tests; no deletion before evidence
eblocker-icapserver/src/test/java/org/eblocker/server/http/service/DeviceScanningServiceTest.java,e7308672d01ba3cfd6098ed6e3114cd39effb300,eblocker-icapserver,"retain until replacement parity; inventoried, not semantically certified",R8 feature migration,contract + feature + upgrade tests; no deletion before evidence
eblocker-icapserver/src/test/java/org/eblocker/server/http/service/DeviceServiceTest.java,97f4152990317ce5dbb373fdb90476471e99fb8c,eblocker-icapserver,"retain until replacement parity; inventoried, not semantically certified",R8 feature migration,contract + feature + upgrade tests; no deletion before evidence
eblocker-icapserver/src/test/java/org/eblocker/server/http/service/DhcpDiscoveryServiceTest.java,3cd5cf7783b95b5068a993a75a908eba88260dda,eblocker-icapserver,"retain until replacement parity; inventoried, not semantically certified",R8 feature migration,contract + feature + upgrade tests; no deletion before evidence
eblocker-icapserver/src/test/java/org/eblocker/server/http/service/DiagnosticsReportServiceTest.java,51a3dce5c6ca9f9bf0e3d66a40bd0ec8c6177301,eblocker-icapserver,"retain until replacement parity; inventoried, not semantically certified",R8 feature migration,contract + feature + upgrade tests; no deletion before evidence
eblocker-icapserver/src/test/java/org/eblocker/server/http/service/DiskMountServiceTest.java,72e6b1e74a84f21a50248047b54a98e49d1e08d2,eblocker-icapserver,"retain until replacement parity; inventoried, not semantically certified",R8 feature migration,contract + feature + upgrade tests; no deletion before evidence
eblocker-icapserver/src/test/java/org/eblocker/server/http/service/DnsServiceTest.java,6487d56e4917092c579d8f52a0d7bcc337b5cf24,eblocker-icapserver,"retain until replacement parity; inventoried, not semantically certified",R8 feature migration,contract + feature + upgrade tests; no deletion before evidence
eblocker-icapserver/src/test/java/org/eblocker/server/http/service/DnsStatisticsServiceTest.java,4c687ccd9d62dd1f38a2065fd2fba40676120d0a,eblocker-icapserver,"retain until replacement parity; inventoried, not semantically certified",R8 feature migration,contract + feature + upgrade tests; no deletion before evidence
eblocker-icapserver/src/test/java/org/eblocker/server/http/service/DoctorServiceTest.java,701817c07d06db5b73ce0d2b5aa3bf38b1b01954,eblocker-icapserver,"retain until replacement parity; inventoried, not semantically certified",R8 feature migration,contract + feature + upgrade tests; no deletion before evidence
eblocker-icapserver/src/test/java/org/eblocker/server/http/service/DynDnsServiceTest.java,2488ad87392d11b0f2abd616d5055051a173d87b,eblocker-icapserver,"retain until replacement parity; inventoried, not semantically certified",R8 feature migration,contract + feature + upgrade tests; no deletion before evidence
eblocker-icapserver/src/test/java/org/eblocker/server/http/service/EmbeddedRedisServiceTestBase.java,ca4d2ba3f5c5f26f99bc9d098e523a93803d247e,eblocker-icapserver,"retain until replacement parity; inventoried, not semantically certified",R8 feature migration,contract + feature + upgrade tests; no deletion before evidence
eblocker-icapserver/src/test/java/org/eblocker/server/http/service/EventServiceTest.java,190731607a964c657adc943576cc52d06261565e,eblocker-icapserver,"retain until replacement parity; inventoried, not semantically certified",R8 feature migration,contract + feature + upgrade tests; no deletion before evidence
eblocker-icapserver/src/test/java/org/eblocker/server/http/service/FailedConnectionSuggestionServiceTest.java,ebf86ddf9aed9bb27305423a047f76feab2ebebe,eblocker-icapserver,"retain until replacement parity; inventoried, not semantically certified",R8 feature migration,contract + feature + upgrade tests; no deletion before evidence
eblocker-icapserver/src/test/java/org/eblocker/server/http/service/FileSystemWatchServiceTest.java,ecc1cf959a7a8c7e3e8da5396bc1945a6e7df9d5,eblocker-icapserver,"retain until replacement parity; inventoried, not semantically certified",R8 feature migration,contract + feature + upgrade tests; no deletion before evidence
eblocker-icapserver/src/test/java/org/eblocker/server/http/service/MessageCenterServiceTest.java,18c0c8fd0d6c259ae8ef45e545730f04d1f439ac,eblocker-icapserver,"retain until replacement parity; inventoried, not semantically certified",R8 feature migration,contract + feature + upgrade tests; no deletion before evidence
eblocker-icapserver/src/test/java/org/eblocker/server/http/service/OpenVpnServerServiceTest.java,055be1605d426eddc70df6157cea32c3dba38342,eblocker-icapserver,"retain until replacement parity; inventoried, not semantically certified",R8 feature migration,contract + feature + upgrade tests; no deletion before evidence
eblocker-icapserver/src/test/java/org/eblocker/server/http/service/ParentalControlAccessRestrictionsServiceTest.java,5e3158a50a5b69816d00c9ec107be673117e54d6,eblocker-icapserver,"retain until replacement parity; inventoried, not semantically certified",R8 feature migration,contract + feature + upgrade tests; no deletion before evidence
eblocker-icapserver/src/test/java/org/eblocker/server/http/service/ParentalControlFilterListsServiceTest.java,feb78430b79d720f6ce0988860a4a8b1071cdaae,eblocker-icapserver,"retain until replacement parity; inventoried, not semantically certified",R8 feature migration,contract + feature + upgrade tests; no deletion before evidence
eblocker-icapserver/src/test/java/org/eblocker/server/http/service/ParentalControlSearchEngineConfigServiceTest.java,8f734888afed9ff907802b2171b0538e12a3cca4,eblocker-icapserver,"retain until replacement parity; inventoried, not semantically certified",R8 feature migration,contract + feature + upgrade tests; no deletion before evidence
eblocker-icapserver/src/test/java/org/eblocker/server/http/service/ParentalControlServiceTest.java,9d6a9365f499265212ee7f36f39f6219c3d83124,eblocker-icapserver,"retain until replacement parity; inventoried, not semantically certified",R8 feature migration,contract + feature + upgrade tests; no deletion before evidence
eblocker-icapserver/src/test/java/org/eblocker/server/http/service/ParentalControlUsageServiceTest.java,8ed31a37fe82213bece539bd7060b98e8cdb36b6,eblocker-icapserver,"retain until replacement parity; inventoried, not semantically certified",R8 feature migration,contract + feature + upgrade tests; no deletion before evidence
eblocker-icapserver/src/test/java/org/eblocker/server/http/service/ProductInfoServiceTest.java,41612a04c1891d65b092366858470e1e0435463e,eblocker-icapserver,"retain until replacement parity; inventoried, not semantically certified",R8 feature migration,contract + feature + upgrade tests; no deletion before evidence
eblocker-icapserver/src/test/java/org/eblocker/server/http/service/ProductMigrationServiceTest.java,40d31511c9cec6e88e31de76f3f4b5c390ee3350,eblocker-icapserver,"retain until replacement parity; inventoried, not semantically certified",R8 feature migration,contract + feature + upgrade tests; no deletion before evidence
eblocker-icapserver/src/test/java/org/eblocker/server/http/service/RecordingServiceTest.java,8f2fc0b81bf77817458733c7f38a2d60b4188bcd,eblocker-icapserver,"retain until replacement parity; inventoried, not semantically certified",R8 feature migration,contract + feature + upgrade tests; no deletion before evidence
eblocker-icapserver/src/test/java/org/eblocker/server/http/service/RegistrationServiceAvailabilityCheckTest.java,d6682458b3211876271a8dbabd687040e844a9bf,eblocker-icapserver,"retain until replacement parity; inventoried, not semantically certified",R8 feature migration,contract + feature + upgrade tests; no deletion before evidence
eblocker-icapserver/src/test/java/org/eblocker/server/http/service/ResourceTestUtil.java,d79f5948e30c0f938d68fda7f9e2bbed65f545ae,eblocker-icapserver,"retain until replacement parity; inventoried, not semantically certified",R8 feature migration,contract + feature + upgrade tests; no deletion before evidence
eblocker-icapserver/src/test/java/org/eblocker/server/http/service/SSLWhitelistServiceTest.java,731eb519160523440d0c6dc1779a4deb9b10a31d,eblocker-icapserver,"retain until replacement parity; inventoried, not semantically certified",R8 feature migration,contract + feature + upgrade tests; no deletion before evidence
eblocker-icapserver/src/test/java/org/eblocker/server/http/service/SettingsServiceTest.java,36bb1ca24a1043eadc58a64f162a7e437c4be560,eblocker-icapserver,"retain until replacement parity; inventoried, not semantically certified",R8 feature migration,contract + feature + upgrade tests; no deletion before evidence
eblocker-icapserver/src/test/java/org/eblocker/server/http/service/ShutdownServiceTest.java,e16e9e443bdf5357c1f08df80db7b2633e63bb06,eblocker-icapserver,"retain until replacement parity; inventoried, not semantically certified",R8 feature migration,contract + feature + upgrade tests; no deletion before evidence
eblocker-icapserver/src/test/java/org/eblocker/server/http/service/SuccessfulSSLDomainsTest.java,f16a3d711f617b822dcdb25762f63d9dbbd9bb6a,eblocker-icapserver,"retain until replacement parity; inventoried, not semantically certified",R8 feature migration,contract + feature + upgrade tests; no deletion before evidence
eblocker-icapserver/src/test/java/org/eblocker/server/http/service/UserAgentServiceTest.java,0b7ccff144ba5235ab4687ca969d06340d5def51,eblocker-icapserver,"retain until replacement parity; inventoried, not semantically certified",R8 feature migration,contract + feature + upgrade tests; no deletion before evidence
eblocker-icapserver/src/test/java/org/eblocker/server/http/service/UserServiceInitTest.java,2366f3a4992364966e46099ed2eef7b9c6ea8865,eblocker-icapserver,"retain until replacement parity; inventoried, not semantically certified",R8 feature migration,contract + feature + upgrade tests; no deletion before evidence
eblocker-icapserver/src/test/java/org/eblocker/server/http/service/UserServiceTest.java,a680916dec53ec065bc1e9dc77f8211fc0d91d83,eblocker-icapserver,"retain until replacement parity; inventoried, not semantically certified",R8 feature migration,contract + feature + upgrade tests; no deletion before evidence
eblocker-icapserver/src/test/java/org/eblocker/server/http/service/VersionServiceTest.java,84688ed19794cf597f8d87dcb2f45c1f8b981b07,eblocker-icapserver,"retain until replacement parity; inventoried, not semantically certified",R8 feature migration,contract + feature + upgrade tests; no deletion before evidence
eblocker-icapserver/src/test/java/org/eblocker/server/http/ssl/AppWhitelistModuleTest.java,5d1e0f6f494377f67873f51c5d23aa10983ef764,eblocker-icapserver,"retain until replacement parity; inventoried, not semantically certified",R8 feature migration,contract + feature + upgrade tests; no deletion before evidence
eblocker-icapserver/src/test/java/org/eblocker/server/http/utils/NormalizationUtilsTest.java,7c2ed37572f687353a6a9e0b205e4ab3bf7b1068,eblocker-icapserver,"retain until replacement parity; inventoried, not semantically certified",R8 feature migration,contract + feature + upgrade tests; no deletion before evidence
eblocker-icapserver/src/test/java/org/eblocker/server/icap/filter/FilterListTest.java,3154029e99e6eed3f109325399f514d1a2888841,eblocker-icapserver,"retain until replacement parity; inventoried, not semantically certified",R8 feature migration,contract + feature + upgrade tests; no deletion before evidence
eblocker-icapserver/src/test/java/org/eblocker/server/icap/filter/FilterManagerTest.java,3c983f8b58cd2d6316ce7aba129c7265384a8997,eblocker-icapserver,"retain until replacement parity; inventoried, not semantically certified",R8 feature migration,contract + feature + upgrade tests; no deletion before evidence
eblocker-icapserver/src/test/java/org/eblocker/server/icap/filter/FilterParserTestBase.java,cde05298b5bcf26e795410ccd626940b9cbad7c2,eblocker-icapserver,"retain until replacement parity; inventoried, not semantically certified",R8 feature migration,contract + feature + upgrade tests; no deletion before evidence
eblocker-icapserver/src/test/java/org/eblocker/server/icap/filter/FilterPriorityTest.java,f31a53a6acf7f8309250923537aa0930d6a6842a,eblocker-icapserver,"retain until replacement parity; inventoried, not semantically certified",R8 feature migration,contract + feature + upgrade tests; no deletion before evidence
eblocker-icapserver/src/test/java/org/eblocker/server/icap/filter/FilterStoreConcurrencyTest.java,8afc0389f896dd2f8f4ca34cd6ed5e8486658b3a,eblocker-icapserver,"retain until replacement parity; inventoried, not semantically certified",R8 feature migration,contract + feature + upgrade tests; no deletion before evidence
eblocker-icapserver/src/test/java/org/eblocker/server/icap/filter/FilterStoreConcurrentModificationTest.java,01e4e4d86aa2ee3feb35dd3a282ea84ebad35e94,eblocker-icapserver,"retain until replacement parity; inventoried, not semantically certified",R8 feature migration,contract + feature + upgrade tests; no deletion before evidence
eblocker-icapserver/src/test/java/org/eblocker/server/icap/filter/FilterStoreTest.java,ef58237e701fa7a85da7c7fc7daed3f6603cea98,eblocker-icapserver,"retain until replacement parity; inventoried, not semantically certified",R8 feature migration,contract + feature + upgrade tests; no deletion before evidence
eblocker-icapserver/src/test/java/org/eblocker/server/icap/filter/FilterTest.java,729754fb6dd51a79fe6fbf04d5e2c462c61ec84a,eblocker-icapserver,"retain until replacement parity; inventoried, not semantically certified",R8 feature migration,contract + feature + upgrade tests; no deletion before evidence
eblocker-icapserver/src/test/java/org/eblocker/server/icap/filter/TestContext.java,1385d3288122378882efabdc64b13633bddc3cbe,eblocker-icapserver,"retain until replacement parity; inventoried, not semantically certified",R8 feature migration,contract + feature + upgrade tests; no deletion before evidence
eblocker-icapserver/src/test/java/org/eblocker/server/icap/filter/TestFilter.java,13076838fbd2254b1876bde83dc1e1b2bd81f1b2,eblocker-icapserver,"retain until replacement parity; inventoried, not semantically certified",R8 feature migration,contract + feature + upgrade tests; no deletion before evidence
eblocker-icapserver/src/test/java/org/eblocker/server/icap/filter/bpjm/BpjmFilterTest.java,0fb658d4cca1b0155759b61d66f1a09f0ef4f62d,eblocker-icapserver,"retain until replacement parity; inventoried, not semantically certified",R8 feature migration,contract + feature + upgrade tests; no deletion before evidence
eblocker-icapserver/src/test/java/org/eblocker/server/icap/filter/bpjm/BpjmModulSerializerTest.java,4c9df7709571801568e1e256752884f7a7a83e08,eblocker-icapserver,"retain until replacement parity; inventoried, not semantically certified",R8 feature migration,contract + feature + upgrade tests; no deletion before evidence
eblocker-icapserver/src/test/java/org/eblocker/server/icap/filter/content/ContentFilterListTest.java,025198b60399f90c35268283b4721d23c0f9ce63,eblocker-icapserver,"retain until replacement parity; inventoried, not semantically certified",R8 feature migration,contract + feature + upgrade tests; no deletion before evidence
eblocker-icapserver/src/test/java/org/eblocker/server/icap/filter/content/ContentFilterManagerTest.java,b4d8603290fd3e67af8dcc593635db9aae0b9412,eblocker-icapserver,"retain until replacement parity; inventoried, not semantically certified",R8 feature migration,contract + feature + upgrade tests; no deletion before evidence
eblocker-icapserver/src/test/java/org/eblocker/server/icap/filter/content/ContentFilterParserTest.java,6240044c5211372a8e102d6c3627ad6bad8bed55,eblocker-icapserver,"retain until replacement parity; inventoried, not semantically certified",R8 feature migration,contract + feature + upgrade tests; no deletion before evidence
eblocker-icapserver/src/test/java/org/eblocker/server/icap/filter/content/ContentFilterServiceTest.java,358c86986ed26eae877dbf6cc0ef9ddd71e5d2b8,eblocker-icapserver,"retain until replacement parity; inventoried, not semantically certified",R8 feature migration,contract + feature + upgrade tests; no deletion before evidence
eblocker-icapserver/src/test/java/org/eblocker/server/icap/filter/content/ContentFilterTest.java,ddc2de724d28f32962d95e914761506b20d0b86c,eblocker-icapserver,"retain until replacement parity; inventoried, not semantically certified",R8 feature migration,contract + feature + upgrade tests; no deletion before evidence
eblocker-icapserver/src/test/java/org/eblocker/server/icap/filter/content/DomainEntityTest.java,64b96c248d5197bb1bbd4c3fabf7ba798fd80312,eblocker-icapserver,"retain until replacement parity; inventoried, not semantically certified",R8 feature migration,contract + feature + upgrade tests; no deletion before evidence
eblocker-icapserver/src/test/java/org/eblocker/server/icap/filter/content/DomainTest.java,329a13801db9d1edbc62fd6e5f8a1c73cc3e7353,eblocker-icapserver,"retain until replacement parity; inventoried, not semantically certified",R8 feature migration,contract + feature + upgrade tests; no deletion before evidence
eblocker-icapserver/src/test/java/org/eblocker/server/icap/filter/csv/CSVLineParserTest.java,71b46a2fe6002a3c2ab8830fd3fc2cac854fcb8a,eblocker-icapserver,"retain until replacement parity; inventoried, not semantically certified",R8 feature migration,contract + feature + upgrade tests; no deletion before evidence
eblocker-icapserver/src/test/java/org/eblocker/server/icap/filter/easylist/EasyListAdFilterTest.java,7eb482e603f1ec43d8461e3f6e4e949e2ea5daa4,eblocker-icapserver,"retain until replacement parity; inventoried, not semantically certified",R8 feature migration,contract + feature + upgrade tests; no deletion before evidence
eblocker-icapserver/src/test/java/org/eblocker/server/icap/filter/easylist/EasyListLineParserUtilsTest.java,bbc353ebb3566aef1648e08e55811d6cf7cdc6fa,eblocker-icapserver,"retain until replacement parity; inventoried, not semantically certified",R8 feature migration,contract + feature + upgrade tests; no deletion before evidence
eblocker-icapserver/src/test/java/org/eblocker/server/icap/filter/easylist/EasyListRuleParserTest.java,62b87463e06c0d3ad85078a29d21c6f771afc1c4,eblocker-icapserver,"retain until replacement parity; inventoried, not semantically certified",R8 feature migration,contract + feature + upgrade tests; no deletion before evidence
eblocker-icapserver/src/test/java/org/eblocker/server/icap/filter/easylist/EasyListTrackingFilterTest.java,b36f09c0415f7a50e95c0fa262b32c5d08f03693,eblocker-icapserver,"retain until replacement parity; inventoried, not semantically certified",R8 feature migration,contract + feature + upgrade tests; no deletion before evidence
eblocker-icapserver/src/test/java/org/eblocker/server/icap/filter/json/JSONMarshallerTest.java,dee38f02d3987fec891411d8c2fde1c79408f63a,eblocker-icapserver,"retain until replacement parity; inventoried, not semantically certified",R8 feature migration,contract + feature + upgrade tests; no deletion before evidence
eblocker-icapserver/src/test/java/org/eblocker/server/icap/filter/learning/AsynchronousLearningFilterTest.java,c874210879ec6a3b04280758122a70e87c5cbec3,eblocker-icapserver,"retain until replacement parity; inventoried, not semantically certified",R8 feature migration,contract + feature + upgrade tests; no deletion before evidence
eblocker-icapserver/src/test/java/org/eblocker/server/icap/filter/learning/LearningFilterTest.java,0d714d5f80e1945740744e4269884684cc1816da,eblocker-icapserver,"retain until replacement parity; inventoried, not semantically certified",R8 feature migration,contract + feature + upgrade tests; no deletion before evidence
eblocker-icapserver/src/test/java/org/eblocker/server/icap/filter/url/ContentMatcherTest.java,873e149c559aca9b49e158a2cf419c8ad7660a7b,eblocker-icapserver,"retain until replacement parity; inventoried, not semantically certified",R8 feature migration,contract + feature + upgrade tests; no deletion before evidence
eblocker-icapserver/src/test/java/org/eblocker/server/icap/filter/url/ContentSecurityPoliciesUrlFilterTest.java,209ac9eee8d815b44dc09cb95568c51207d6d809,eblocker-icapserver,"retain until replacement parity; inventoried, not semantically certified",R8 feature migration,contract + feature + upgrade tests; no deletion before evidence
eblocker-icapserver/src/test/java/org/eblocker/server/icap/filter/url/DomainExcluderTest.java,bb2ee6f4e548b48d7b49e94c5f1c7cb7ec76eb50,eblocker-icapserver,"retain until replacement parity; inventoried, not semantically certified",R8 feature migration,contract + feature + upgrade tests; no deletion before evidence
eblocker-icapserver/src/test/java/org/eblocker/server/icap/filter/url/DomainFilterTest.java,48305f16f635b315e20fb87b0b09485f62f0e8f0,eblocker-icapserver,"retain until replacement parity; inventoried, not semantically certified",R8 feature migration,contract + feature + upgrade tests; no deletion before evidence
eblocker-icapserver/src/test/java/org/eblocker/server/icap/filter/url/RegexUrlFilterTest.java,3b5b51b8d76b59b80a4f26a5f4df0b9f2b67534e,eblocker-icapserver,"retain until replacement parity; inventoried, not semantically certified",R8 feature migration,contract + feature + upgrade tests; no deletion before evidence
eblocker-icapserver/src/test/java/org/eblocker/server/icap/filter/url/SubstringUrlFilterTest.java,e51a9b4879cba992c397461d7fa0866ccbb97e06,eblocker-icapserver,"retain until replacement parity; inventoried, not semantically certified",R8 feature migration,contract + feature + upgrade tests; no deletion before evidence
eblocker-icapserver/src/test/java/org/eblocker/server/icap/filter/url/UrlLineParserTest.java,980151b8d7d1755287a571e97d00d5900ceeaa4e,eblocker-icapserver,"retain until replacement parity; inventoried, not semantically certified",R8 feature migration,contract + feature + upgrade tests; no deletion before evidence
eblocker-icapserver/src/test/java/org/eblocker/server/icap/resources/OnePixelImageTest.java,e51ed93d04ec148c6385199fe5c107ce6b2d5455,eblocker-icapserver,"retain until replacement parity; inventoried, not semantically certified",R8 feature migration,contract + feature + upgrade tests; no deletion before evidence
eblocker-icapserver/src/test/java/org/eblocker/server/icap/resources/ResourceLoaderTest.java,58cce69c3594a82366deae621e7e38502967b32e,eblocker-icapserver,"retain until replacement parity; inventoried, not semantically certified",R8 feature migration,contract + feature + upgrade tests; no deletion before evidence
eblocker-icapserver/src/test/java/org/eblocker/server/icap/resources/TemplateExpanderTest.java,2c9843e087f52390f7c8d197dcc280a1da364369,eblocker-icapserver,"retain until replacement parity; inventoried, not semantically certified",R8 feature migration,contract + feature + upgrade tests; no deletion before evidence
eblocker-icapserver/src/test/java/org/eblocker/server/icap/service/CustomDomainFilterWhitelistServiceTest.java,de80cbc9bf4d1ac95f8703455e8a0a53f6a513cb,eblocker-icapserver,"retain until replacement parity; inventoried, not semantically certified",R8 feature migration,contract + feature + upgrade tests; no deletion before evidence
eblocker-icapserver/src/test/java/org/eblocker/server/icap/service/ScriptletServiceTest.java,19ea74f391fe1136727052ec599e6df4d9dd693c,eblocker-icapserver,"retain until replacement parity; inventoried, not semantically certified",R8 feature migration,contract + feature + upgrade tests; no deletion before evidence
eblocker-icapserver/src/test/java/org/eblocker/server/icap/service/SurrogateServiceTest.java,ed0a303ddbf9d5b6b1d1e89ffefc6b1d14bb59d6,eblocker-icapserver,"retain until replacement parity; inventoried, not semantically certified",R8 feature migration,contract + feature + upgrade tests; no deletion before evidence
eblocker-icapserver/src/test/java/org/eblocker/server/icap/transaction/TransactionHandlerTest.java,b35f82aa552289600ed52063c43a3d41b9bea6e9,eblocker-icapserver,"retain until replacement parity; inventoried, not semantically certified",R8 feature migration,contract + feature + upgrade tests; no deletion before evidence
eblocker-icapserver/src/test/java/org/eblocker/server/icap/transaction/TransactionProcessorsConfigurationTest.java,99ce7d69b0a717fb1e58622095755e56a24d7337,eblocker-icapserver,"retain until replacement parity; inventoried, not semantically certified",R8 feature migration,contract + feature + upgrade tests; no deletion before evidence
eblocker-icapserver/src/test/java/org/eblocker/server/icap/transaction/TransactionProcessorsModuleTest.java,567a8673ab06a5799f1e95949a9be99386477689,eblocker-icapserver,"retain until replacement parity; inventoried, not semantically certified",R8 feature migration,contract + feature + upgrade tests; no deletion before evidence
eblocker-icapserver/src/test/java/org/eblocker/server/icap/transaction/processor/AdBlockerProcessorTest.java,60833997f683de6760326bfa25935e6db2a11a47,eblocker-icapserver,"retain until replacement parity; inventoried, not semantically certified",R8 feature migration,contract + feature + upgrade tests; no deletion before evidence
eblocker-icapserver/src/test/java/org/eblocker/server/icap/transaction/processor/BpjmFilterProcessorTest.java,0671602e93474cc5f1625a1664058aeb58507fed,eblocker-icapserver,"retain until replacement parity; inventoried, not semantically certified",R8 feature migration,contract + feature + upgrade tests; no deletion before evidence
eblocker-icapserver/src/test/java/org/eblocker/server/icap/transaction/processor/CaptivePortalCheckProcessorTest.java,17b091796c8373a46f73939aaebe4a848cd8afbb,eblocker-icapserver,"retain until replacement parity; inventoried, not semantically certified",R8 feature migration,contract + feature + upgrade tests; no deletion before evidence
eblocker-icapserver/src/test/java/org/eblocker/server/icap/transaction/processor/CompressProcessorTest.java,56062ee8f91c78d335e735d79204a25437fe2a3f,eblocker-icapserver,"retain until replacement parity; inventoried, not semantically certified",R8 feature migration,contract + feature + upgrade tests; no deletion before evidence
eblocker-icapserver/src/test/java/org/eblocker/server/icap/transaction/processor/ContentSecurityPoliciesProcessorTest.java,fbf25b3a384cdbd2ad6c532a87491519810cbff5,eblocker-icapserver,"retain until replacement parity; inventoried, not semantically certified",R8 feature migration,contract + feature + upgrade tests; no deletion before evidence
eblocker-icapserver/src/test/java/org/eblocker/server/icap/transaction/processor/CustomDomainFilterWhitelistProcessorTest.java,9c5c5948b022b59f0a8560367e21508f58fa8cdc,eblocker-icapserver,"retain until replacement parity; inventoried, not semantically certified",R8 feature migration,contract + feature + upgrade tests; no deletion before evidence
eblocker-icapserver/src/test/java/org/eblocker/server/icap/transaction/processor/DecompressProcessorTest.java,73c7daa1e98dc99ec959214660f1667e172c8fc9,eblocker-icapserver,"retain until replacement parity; inventoried, not semantically certified",R8 feature migration,contract + feature + upgrade tests; no deletion before evidence
eblocker-icapserver/src/test/java/org/eblocker/server/icap/transaction/processor/EBlockerFilterProcessorTest.java,006ee381309e9d2a9545e655cb15515b42b7ab04,eblocker-icapserver,"retain until replacement parity; inventoried, not semantically certified",R8 feature migration,contract + feature + upgrade tests; no deletion before evidence
eblocker-icapserver/src/test/java/org/eblocker/server/icap/transaction/processor/HtmlInjectionProcessorTest.java,abaf1433f3b0df96ea710980894247d1e196db46,eblocker-icapserver,"retain until replacement parity; inventoried, not semantically certified",R8 feature migration,contract + feature + upgrade tests; no deletion before evidence
eblocker-icapserver/src/test/java/org/eblocker/server/icap/transaction/processor/MalwareFilterProcessorTest.java,6b855b2405b161c2e2906b78fc7aefa9706764e4,eblocker-icapserver,"retain until replacement parity; inventoried, not semantically certified",R8 feature migration,contract + feature + upgrade tests; no deletion before evidence
eblocker-icapserver/src/test/java/org/eblocker/server/icap/transaction/processor/MalwarePatternFilterProcessorTest.java,e4625932b2134f340357a1a39e9077fe82919a90,eblocker-icapserver,"retain until replacement parity; inventoried, not semantically certified",R8 feature migration,contract + feature + upgrade tests; no deletion before evidence
eblocker-icapserver/src/test/java/org/eblocker/server/icap/transaction/processor/PageContextProcessorTest.java,aaf7744e1d32ccfa1f9bff3d775ee0da209fa4a6,eblocker-icapserver,"retain until replacement parity; inventoried, not semantically certified",R8 feature migration,contract + feature + upgrade tests; no deletion before evidence
eblocker-icapserver/src/test/java/org/eblocker/server/icap/transaction/processor/PatternFilterStatisticsProcessorTest.java,29b6d573bda6a877591d2b5ac225086312160a93,eblocker-icapserver,"retain until replacement parity; inventoried, not semantically certified",R8 feature migration,contract + feature + upgrade tests; no deletion before evidence
eblocker-icapserver/src/test/java/org/eblocker/server/icap/transaction/processor/RedirectFromSetupPageProcessorTest.java,99789bd5651e9473c29c7e8a8ad7238a061332be,eblocker-icapserver,"retain until replacement parity; inventoried, not semantically certified",R8 feature migration,contract + feature + upgrade tests; no deletion before evidence
eblocker-icapserver/src/test/java/org/eblocker/server/icap/transaction/processor/RemoveTrackingParametersProcessorTest.java,052c7b766525f39816e857f91e895688848b86f0,eblocker-icapserver,"retain until replacement parity; inventoried, not semantically certified",R8 feature migration,contract + feature + upgrade tests; no deletion before evidence
eblocker-icapserver/src/test/java/org/eblocker/server/icap/transaction/processor/SessionProcessorTest.java,9902442b79b80e8ec982b4eed1d89868a96f420b,eblocker-icapserver,"retain until replacement parity; inventoried, not semantically certified",R8 feature migration,contract + feature + upgrade tests; no deletion before evidence
eblocker-icapserver/src/test/java/org/eblocker/server/icap/transaction/processor/TrackingBlockerProcessorTest.java,dcd150681fcd944f115fe1c9215850fe9212351f,eblocker-icapserver,"retain until replacement parity; inventoried, not semantically certified",R8 feature migration,contract + feature + upgrade tests; no deletion before evidence
eblocker-icapserver/src/test/java/org/eblocker/server/icap/transaction/processor/TransactionRecorderProcessorTest.java,e18742ed3c45d509a39237f3ff9dc17fde07d026,eblocker-icapserver,"retain until replacement parity; inventoried, not semantically certified",R8 feature migration,contract + feature + upgrade tests; no deletion before evidence
eblocker-icapserver/src/test/java/org/eblocker/server/icap/transaction/processor/UserAgentSpoofProcessorTest.java,b627f8431c5cb37fd8427c251e1622990f23e6d0,eblocker-icapserver,"retain until replacement parity; inventoried, not semantically certified",R8 feature migration,contract + feature + upgrade tests; no deletion before evidence
eblocker-icapserver/src/test/java/org/eblocker/server/icap/transaction/processor/WebRTCBlockerTest.java,f9023b220e87bdd57066a91faaa1b77713941b78,eblocker-icapserver,"retain until replacement parity; inventoried, not semantically certified",R8 feature migration,contract + feature + upgrade tests; no deletion before evidence
eblocker-icapserver/src/test/java/org/eblocker/server/icap/transaction/processor/filter/PatternBlockerUtilsTest.java,b733d95311bb63f4409b21e23df652ed7c95bd81,eblocker-icapserver,"retain until replacement parity; inventoried, not semantically certified",R8 feature migration,contract + feature + upgrade tests; no deletion before evidence
eblocker-icapserver/src/test/java/org/eblocker/server/junit/Assert5.java,e67732dca18a6914ffb78dd0dd04c8568de3087a,eblocker-icapserver,"retain until replacement parity; inventoried, not semantically certified",R8 feature migration,contract + feature + upgrade tests; no deletion before evidence
eblocker-icapserver/src/test/java/org/eblocker/server/upnp/NetworkAddressFactoryCustomizationTest.java,83d0d52341d1b15aab3bda8447bfa285b8bfad2a,eblocker-icapserver,"retain until replacement parity; inventoried, not semantically certified",R8 feature migration,contract + feature + upgrade tests; no deletion before evidence
eblocker-icapserver/src/test/java/org/eblocker/server/upnp/UpnpManagementServiceTest.java,736cf742c12be5c3cab3555fda4f94f8329fb8b9,eblocker-icapserver,"retain until replacement parity; inventoried, not semantically certified",R8 feature migration,contract + feature + upgrade tests; no deletion before evidence
eblocker-icapserver/src/test/java/org/eblocker/server/upnp/UpnpPortForwardingAddTest.java,a4ead3ff818eb2fbc1ea9e423bf09a5c96408ea4,eblocker-icapserver,"retain until replacement parity; inventoried, not semantically certified",R8 feature migration,contract + feature + upgrade tests; no deletion before evidence
eblocker-icapserver/src/test/java/org/eblocker/server/upnp/UpnpPortForwardingDeleteTest.java,989ba32314cdaed02266f37d859fd2cc7ea32c30,eblocker-icapserver,"retain until replacement parity; inventoried, not semantically certified",R8 feature migration,contract + feature + upgrade tests; no deletion before evidence
eblocker-icapserver/src/test/resources/block-artefacts/1px.svg,940673e5aaec5f18dc9c85d1c1331d3bcea17000,eblocker-icapserver,"retain until replacement parity; inventoried, not semantically certified",R8 feature migration,contract + feature + upgrade tests; no deletion before evidence
eblocker-icapserver/src/test/resources/block-artefacts/expected-1px.svg,5b6131534f579f1db26674ba0ed0b385bfbb0ea2,eblocker-icapserver,"retain until replacement parity; inventoried, not semantically certified",R8 feature migration,contract + feature + upgrade tests; no deletion before evidence
eblocker-icapserver/src/test/resources/device-sample-1.properties,c1d487334f89e393c643e4fd679753233f85506c,eblocker-icapserver,"retain until replacement parity; inventoried, not semantically certified",R8 feature migration,contract + feature + upgrade tests; no deletion before evidence
eblocker-icapserver/src/test/resources/device-sample-2.properties,c2749f5640e16e1c1296074c8446bb3967065182,eblocker-icapserver,"retain until replacement parity; inventoried, not semantically certified",R8 feature migration,contract + feature + upgrade tests; no deletion before evidence
eblocker-icapserver/src/test/resources/device-with-led.properties,0a310ca9eaa538a6c770c39b00d2753a21fe8f6b,eblocker-icapserver,"retain until replacement parity; inventoried, not semantically certified",R8 feature migration,contract + feature + upgrade tests; no deletion before evidence
eblocker-icapserver/src/test/resources/device-without-led.properties,07b7d82aa43b8cb8cdb7b81f9b7472b3c00383e3,eblocker-icapserver,"retain until replacement parity; inventoried, not semantically certified",R8 feature migration,contract + feature + upgrade tests; no deletion before evidence
eblocker-icapserver/src/test/resources/log4j2-test.xml,8b48dd6223648a05420c19d900988ae32cf1bf71,eblocker-icapserver,"retain until replacement parity; inventoried, not semantically certified",R8 feature migration,contract + feature + upgrade tests; no deletion before evidence
eblocker-icapserver/src/test/resources/redirect-test/redirect-mock.html,02d9d206eaee62e939778ee7262ee2fb607450c9,eblocker-icapserver,"retain until replacement parity; inventoried, not semantically certified",R8 feature migration,contract + feature + upgrade tests; no deletion before evidence
eblocker-icapserver/src/test/resources/test-data/01-eblocker-lists,27d9c3f97fadaef26aada9a76f1de2d8d7969dd7,eblocker-icapserver,"retain until replacement parity; inventoried, not semantically certified",R8 feature migration,contract + feature + upgrade tests; no deletion before evidence
eblocker-icapserver/src/test/resources/test-data/appwhitelistmodules/app-whitelist-modules-test-unique.json,2f7af93742b1109a71a25872636febdf84085548,eblocker-icapserver,"retain until replacement parity; inventoried, not semantically certified",R8 feature migration,contract + feature + upgrade tests; no deletion before evidence
eblocker-icapserver/src/test/resources/test-data/appwhitelistmodules/app-whitelist-modules-test-updated.json,a45767737c61855ebd111fcdb917b19a29da0b64,eblocker-icapserver,"retain until replacement parity; inventoried, not semantically certified",R8 feature migration,contract + feature + upgrade tests; no deletion before evidence
eblocker-icapserver/src/test/resources/test-data/appwhitelistmodules/app-whitelist-modules-test.json,c252776c3f36bc17aef332501bca221ef28c4556,eblocker-icapserver,"retain until replacement parity; inventoried, not semantically certified",R8 feature migration,contract + feature + upgrade tests; no deletion before evidence
eblocker-icapserver/src/test/resources/test-data/backup/HttpsKeysBackupV4.zip,c2e6aa4e421cb10199f868680cec7e2f3e94ffa0,eblocker-icapserver,"retain until replacement parity; inventoried, not semantically certified",R8 feature migration,contract + feature + upgrade tests; no deletion before evidence
eblocker-icapserver/src/test/resources/test-data/bpjm/modultest.depth,4d26cc235930f64244e408df9d7d9974a3d5c6bd,eblocker-icapserver,"retain until replacement parity; inventoried, not semantically certified",R8 feature migration,contract + feature + upgrade tests; no deletion before evidence
eblocker-icapserver/src/test/resources/test-data/bpjm/modultest.domain,5065d2c845cee5faba38d47a17d38b0e6739d60b,eblocker-icapserver,"retain until replacement parity; inventoried, not semantically certified",R8 feature migration,contract + feature + upgrade tests; no deletion before evidence
eblocker-icapserver/src/test/resources/test-data/bpjm/modultest.path,f9c019c287c6a8d896ff8d58a009ee9b7f55f46e,eblocker-icapserver,"retain until replacement parity; inventoried, not semantically certified",R8 feature migration,contract + feature + upgrade tests; no deletion before evidence
eblocker-icapserver/src/test/resources/test-data/bpjm/modultest.url,cbdb1c17c2f23a1f65118b75e49bbbcc84d27672,eblocker-icapserver,"retain until replacement parity; inventoried, not semantically certified",R8 feature migration,contract + feature + upgrade tests; no deletion before evidence
eblocker-icapserver/src/test/resources/test-data/ca.crt,ea5bcb7e4f2b84ab7505860df5ba0130887e7879,eblocker-icapserver,"retain until replacement parity; inventoried, not semantically certified",R8 feature migration,contract + feature + upgrade tests; no deletion before evidence
eblocker-icapserver/src/test/resources/test-data/compressed/html,42682b4746225a1fa7df6f272925245827119f42,eblocker-icapserver,"retain until replacement parity; inventoried, not semantically certified",R8 feature migration,contract + feature + upgrade tests; no deletion before evidence
eblocker-icapserver/src/test/resources/test-data/compressed/html.deflate,e4e1a8df2555cd7f86757a0e66eaeb5b327b9836,eblocker-icapserver,"retain until replacement parity; inventoried, not semantically certified",R8 feature migration,contract + feature + upgrade tests; no deletion before evidence
eblocker-icapserver/src/test/resources/test-data/compressed/html.deflate-noWrap,b327b842847c364d6d78f4105e406e0075330bb4,eblocker-icapserver,"retain until replacement parity; inventoried, not semantically certified",R8 feature migration,contract + feature + upgrade tests; no deletion before evidence
eblocker-icapserver/src/test/resources/test-data/compressed/html.gz,ec19de0e678cec3f11d707d1d5e7c0991eedde19,eblocker-icapserver,"retain until replacement parity; inventoried, not semantically certified",R8 feature migration,contract + feature + upgrade tests; no deletion before evidence
eblocker-icapserver/src/test/resources/test-data/cpuinfo-noserial.txt,8ad70ca1ac4f9f4746cba48d79eac4e50b17c15d,eblocker-icapserver,"retain until replacement parity; inventoried, not semantically certified",R8 feature migration,contract + feature + upgrade tests; no deletion before evidence
eblocker-icapserver/src/test/resources/test-data/cpuinfo.txt,b8a826ec47f93f4cdcafb252c7190398e94363ac,eblocker-icapserver,"retain until replacement parity; inventoried, not semantically certified",R8 feature migration,contract + feature + upgrade tests; no deletion before evidence
eblocker-icapserver/src/test/resources/test-data/device:001122334455-macos.ovpn,c8b1820b70c08035eb525ef40e840ea5318e9b91,eblocker-icapserver,"retain until replacement parity; inventoried, not semantically certified",R8 feature migration,contract + feature + upgrade tests; no deletion before evidence
eblocker-icapserver/src/test/resources/test-data/device:001122334455-unix.ovpn,bf99734c39ece9bc2bcf7e93464299cf891d26f0,eblocker-icapserver,"retain until replacement parity; inventoried, not semantically certified",R8 feature migration,contract + feature + upgrade tests; no deletion before evidence
eblocker-icapserver/src/test/resources/test-data/device:001122334455-windows.ovpn,71cf2a06f096a102be24008c1c33eb38c8760908,eblocker-icapserver,"retain until replacement parity; inventoried, not semantically certified",R8 feature migration,contract + feature + upgrade tests; no deletion before evidence
eblocker-icapserver/src/test/resources/test-data/device:001122334455.crt,6013ddc4f00d871aa38801b4ef8baf367f9a513a,eblocker-icapserver,"retain until replacement parity; inventoried, not semantically certified",R8 feature migration,contract + feature + upgrade tests; no deletion before evidence
eblocker-icapserver/src/test/resources/test-data/device:001122334455.key,89026da31ac3b17cbe64855b18afc6fdca51b6a3,eblocker-icapserver,"retain until replacement parity; inventoried, not semantically certified",R8 feature migration,contract + feature + upgrade tests; no deletion before evidence
eblocker-icapserver/src/test/resources/test-data/dhclient-noLeases.leases,2882cb5c91b0cfaa8dff710e0a4173bc759ccf30,eblocker-icapserver,"retain until replacement parity; inventoried, not semantically certified",R8 feature migration,contract + feature + upgrade tests; no deletion before evidence
eblocker-icapserver/src/test/resources/test-data/dhclient.leases,3cfce98b6d1584f2fdaa78f33ff906323ca91bcc,eblocker-icapserver,"retain until replacement parity; inventoried, not semantically certified",R8 feature migration,contract + feature + upgrade tests; no deletion before evidence
eblocker-icapserver/src/test/resources/test-data/dhcpd-custom-lease-time-240-minutes.conf,5d77f01596460515a7f307b8b5c9ff051c1348ca,eblocker-icapserver,"retain until replacement parity; inventoried, not semantically certified",R8 feature migration,contract + feature + upgrade tests; no deletion before evidence
eblocker-icapserver/src/test/resources/test-data/dhcpd-custom-lease-time-3-minutes.conf,6aef87bfda50fd659928e8fd1545ae5311d0b1f3,eblocker-icapserver,"retain until replacement parity; inventoried, not semantically certified",R8 feature migration,contract + feature + upgrade tests; no deletion before evidence
eblocker-icapserver/src/test/resources/test-data/dhcpd-custom-lease-time-30-minutes.conf,b8781409d0f2a4fb07dbdd5df8f5e6bc01c23a42,eblocker-icapserver,"retain until replacement parity; inventoried, not semantically certified",R8 feature migration,contract + feature + upgrade tests; no deletion before evidence
eblocker-icapserver/src/test/resources/test-data/dhcpd-extended-minimum.conf,c0114898657fcadb931222b03844f25967928948,eblocker-icapserver,"retain until replacement parity; inventoried, not semantically certified",R8 feature migration,contract + feature + upgrade tests; no deletion before evidence
eblocker-icapserver/src/test/resources/test-data/dhcpd-extended.conf,0828ed8f2cc11557537d9a8e43142f1b51c477a1,eblocker-icapserver,"retain until replacement parity; inventoried, not semantically certified",R8 feature migration,contract + feature + upgrade tests; no deletion before evidence
eblocker-icapserver/src/test/resources/test-data/dhcpd-fixed-and-disabled.conf,7fb6145a45c7c4cdcf219b4561b7684adf077aca,eblocker-icapserver,"retain until replacement parity; inventoried, not semantically certified",R8 feature migration,contract + feature + upgrade tests; no deletion before evidence
eblocker-icapserver/src/test/resources/test-data/dhcpd-fixed-ip-addresses.conf,5b8ec7dd076a65338a136411a9c5f69c6ca9ec0f,eblocker-icapserver,"retain until replacement parity; inventoried, not semantically certified",R8 feature migration,contract + feature + upgrade tests; no deletion before evidence
eblocker-icapserver/src/test/resources/test-data/dhcpd-minimum.conf,e2e804fdefa8f3075dc020d5cdf795fbea4d80f6,eblocker-icapserver,"retain until replacement parity; inventoried, not semantically certified",R8 feature migration,contract + feature + upgrade tests; no deletion before evidence
eblocker-icapserver/src/test/resources/test-data/dhcpd-segmented-ip-range.conf,cea4446e9ef608d40d9af4c97abf79f7a0bee3d5,eblocker-icapserver,"retain until replacement parity; inventoried, not semantically certified",R8 feature migration,contract + feature + upgrade tests; no deletion before evidence
eblocker-icapserver/src/test/resources/test-data/dhcpd.conf,05352a7ea7e41dfe8ef4f6774ee83e0823e83554,eblocker-icapserver,"retain until replacement parity; inventoried, not semantically certified",R8 feature migration,contract + feature + upgrade tests; no deletion before evidence
eblocker-icapserver/src/test/resources/test-data/document-root/dashboard/index.html,25710017a7568a8916b4301013221d0d146f6bb9,eblocker-icapserver,"retain until replacement parity; inventoried, not semantically certified",R8 feature migration,contract + feature + upgrade tests; no deletion before evidence
eblocker-icapserver/src/test/resources/test-data/document-root/directory/index.html,e3e15d0f84c03b8bfdd7dba109f5ec4875798741,eblocker-icapserver,"retain until replacement parity; inventoried, not semantically certified",R8 feature migration,contract + feature + upgrade tests; no deletion before evidence
eblocker-icapserver/src/test/resources/test-data/document-root/settings/index.html,0e7390aebd94f9ef6b0de9a2ce22f93bfedc12bb,eblocker-icapserver,"retain until replacement parity; inventoried, not semantically certified",R8 feature migration,contract + feature + upgrade tests; no deletion before evidence
eblocker-icapserver/src/test/resources/test-data/document-root/test.html,3d3908851de26e21ee45c36850b3c76ca963a80d,eblocker-icapserver,"retain until replacement parity; inventoried, not semantically certified",R8 feature migration,contract + feature + upgrade tests; no deletion before evidence
eblocker-icapserver/src/test/resources/test-data/document-root/test.html.gz,810d77e0ca7e97ca04f0318a0959a91bd05058bc,eblocker-icapserver,"retain until replacement parity; inventoried, not semantically certified",R8 feature migration,contract + feature + upgrade tests; no deletion before evidence
eblocker-icapserver/src/test/resources/test-data/document-root/test.svg,26ae44075821e7f92b692f453cdf6ba9bc673377,eblocker-icapserver,"retain until replacement parity; inventoried, not semantically certified",R8 feature migration,contract + feature + upgrade tests; no deletion before evidence
eblocker-icapserver/src/test/resources/test-data/domainblacklists/bottom-1000,706744afb5494e6d0102dc5a3c95b1ae3ef2d925,eblocker-icapserver,"retain until replacement parity; inventoried, not semantically certified",R8 feature migration,contract + feature + upgrade tests; no deletion before evidence
eblocker-icapserver/src/test/resources/test-data/domainblacklists/top-1000,d49d0ac4aa15797d3a6849561e4a0603b81d46e6,eblocker-icapserver,"retain until replacement parity; inventoried, not semantically certified",R8 feature migration,contract + feature + upgrade tests; no deletion before evidence
eblocker-icapserver/src/test/resources/test-data/domainblacklists/top-1000.filter.v1,e852f5813e61e4e8f692312f13fa2c50eb3326ad,eblocker-icapserver,"retain until replacement parity; inventoried, not semantically certified",R8 feature migration,contract + feature + upgrade tests; no deletion before evidence
eblocker-icapserver/src/test/resources/test-data/easy-rsa/crl.pem,c8043a8df7847ea010c2a81693b377fb33bfaa42,eblocker-icapserver,"retain until replacement parity; inventoried, not semantically certified",R8 feature migration,contract + feature + upgrade tests; no deletion before evidence
eblocker-icapserver/src/test/resources/test-data/eblocker-https-expired.jks,f3409ed1484a227f86ab53c1a27c40a4af3e3124,eblocker-icapserver,"retain until replacement parity; inventoried, not semantically certified",R8 feature migration,contract + feature + upgrade tests; no deletion before evidence
eblocker-icapserver/src/test/resources/test-data/eblocker-https.jks,7fe43bd6fbea2b09463c69c17f2021300bb853ba,eblocker-icapserver,"retain until replacement parity; inventoried, not semantically certified",R8 feature migration,contract + feature + upgrade tests; no deletion before evidence
eblocker-icapserver/src/test/resources/test-data/filter/domain/cachetest-index-format0.json,a7dcbe8f8bbd0a476e33c1cfcde2290c5563c3b1,eblocker-icapserver,"retain until replacement parity; inventoried, not semantically certified",R8 feature migration,contract + feature + upgrade tests; no deletion before evidence
eblocker-icapserver/src/test/resources/test-data/filter/domain/cachetest-index-format1.json,da0f8889467b1eeb9949124ad9bc2047ef43dc94,eblocker-icapserver,"retain until replacement parity; inventoried, not semantically certified",R8 feature migration,contract + feature + upgrade tests; no deletion before evidence
eblocker-icapserver/src/test/resources/test-data/filter/domain/cachetest-index-format2.json,264c92d509b6779acad11402938f1b3156c65b2c,eblocker-icapserver,"retain until replacement parity; inventoried, not semantically certified",R8 feature migration,contract + feature + upgrade tests; no deletion before evidence
eblocker-icapserver/src/test/resources/test-data/filter/domain/cachetest-index-format3.json,ae10f46a17e7a7a41bd04df5e16b07ee01df2c04,eblocker-icapserver,"retain until replacement parity; inventoried, not semantically certified",R8 feature migration,contract + feature + upgrade tests; no deletion before evidence
eblocker-icapserver/src/test/resources/test-data/filter/domain/cachetest-index-format4.json,ae10f46a17e7a7a41bd04df5e16b07ee01df2c04,eblocker-icapserver,"retain until replacement parity; inventoried, not semantically certified",R8 feature migration,contract + feature + upgrade tests; no deletion before evidence
eblocker-icapserver/src/test/resources/test-data/filter/domain/cachetest-index.json,2078294b07bcfdea4b8e5895fa641812fafe297a,eblocker-icapserver,"retain until replacement parity; inventoried, not semantically certified",R8 feature migration,contract + feature + upgrade tests; no deletion before evidence
eblocker-icapserver/src/test/resources/test-data/filter/domain/domainblacklistservicetest-index.json,7fd164aae894c9d4ffec86efabc9f30fdf66d36f,eblocker-icapserver,"retain until replacement parity; inventoried, not semantically certified",R8 feature migration,contract + feature + upgrade tests; no deletion before evidence
eblocker-icapserver/src/test/resources/test-data/filter/easylist.txt,9824a2cc300755487acc6e7369362b3cfa3f2b23,eblocker-icapserver,"retain until replacement parity; inventoried, not semantically certified",R8 feature migration,contract + feature + upgrade tests; no deletion before evidence
eblocker-icapserver/src/test/resources/test-data/filter/easyprivacy.txt,d88e5766511d2a3c8df993a3767c1ab0def02200,eblocker-icapserver,"retain until replacement parity; inventoried, not semantically certified",R8 feature migration,contract + feature + upgrade tests; no deletion before evidence
eblocker-icapserver/src/test/resources/test-data/filter/empty.txt,e69de29bb2d1d6434b8b29ae775ad8c2e48c5391,eblocker-icapserver,"retain until replacement parity; inventoried, not semantically certified",R8 feature migration,contract + feature + upgrade tests; no deletion before evidence
eblocker-icapserver/src/test/resources/test-data/firewall/access-restrictions.conf,c0cf019ca0b2ee331086b325c1631e4cfb9508e5,eblocker-icapserver,"retain until replacement parity; inventoried, not semantically certified",R8 feature migration,contract + feature + upgrade tests; no deletion before evidence
eblocker-icapserver/src/test/resources/test-data/firewall/active-vpnprofile-noclients.conf,01d4c1dea1a3a8225a64f5667f5b824d3b630799,eblocker-icapserver,"retain until replacement parity; inventoried, not semantically certified",R8 feature migration,contract + feature + upgrade tests; no deletion before evidence
eblocker-icapserver/src/test/resources/test-data/firewall/active-vpnprofile-oneclient-no-ip.conf,01d4c1dea1a3a8225a64f5667f5b824d3b630799,eblocker-icapserver,"retain until replacement parity; inventoried, not semantically certified",R8 feature migration,contract + feature + upgrade tests; no deletion before evidence
eblocker-icapserver/src/test/resources/test-data/firewall/active-vpnprofile-oneclient.conf,763ae62e05a21c457b4cc47a72e996a5140b5817,eblocker-icapserver,"retain until replacement parity; inventoried, not semantically certified",R8 feature migration,contract + feature + upgrade tests; no deletion before evidence
eblocker-icapserver/src/test/resources/test-data/firewall/active-vpnprofile-restart.conf,706d03c871021bb5ff84834a1c4b521f64f9a861,eblocker-icapserver,"retain until replacement parity; inventoried, not semantically certified",R8 feature migration,contract + feature + upgrade tests; no deletion before evidence
eblocker-icapserver/src/test/resources/test-data/firewall/diff-ssl-disabled.conf,06da8ab2a9779a77233e3d6d1e895e1a701846ce,eblocker-icapserver,"retain until replacement parity; inventoried, not semantically certified",R8 feature migration,contract + feature + upgrade tests; no deletion before evidence
eblocker-icapserver/src/test/resources/test-data/firewall/diff-ssl-enabled.conf,29169b56a2ee5150bd92f6d5edd3c33a89aa5e2b,eblocker-icapserver,"retain until replacement parity; inventoried, not semantically certified",R8 feature migration,contract + feature + upgrade tests; no deletion before evidence
eblocker-icapserver/src/test/resources/test-data/firewall/diff-ssl-switch.conf,bc290387d405643d72e27367bc74b9189f8ccdef,eblocker-icapserver,"retain until replacement parity; inventoried, not semantically certified",R8 feature migration,contract + feature + upgrade tests; no deletion before evidence
eblocker-icapserver/src/test/resources/test-data/firewall/excluded-devices.conf,0699e3c612ece3fb986bbbf8461bd7dd836dfcf7,eblocker-icapserver,"retain until replacement parity; inventoried, not semantically certified",R8 feature migration,contract + feature + upgrade tests; no deletion before evidence
eblocker-icapserver/src/test/resources/test-data/firewall/firewall.conf,9ddfb85d601c9f2dd61033b29d8d69ac11c47b75,eblocker-icapserver,"retain until replacement parity; inventoried, not semantically certified",R8 feature migration,contract + feature + upgrade tests; no deletion before evidence
eblocker-icapserver/src/test/resources/test-data/firewall/malware-set-disabled.conf,13ebc69bef82802d1509259da8fc872e87afb8f0,eblocker-icapserver,"retain until replacement parity; inventoried, not semantically certified",R8 feature migration,contract + feature + upgrade tests; no deletion before evidence
eblocker-icapserver/src/test/resources/test-data/firewall/malware-set-enabled.conf,56dd41992060d58c3a536d34a6cab611716a32c8,eblocker-icapserver,"retain until replacement parity; inventoried, not semantically certified",R8 feature migration,contract + feature + upgrade tests; no deletion before evidence
eblocker-icapserver/src/test/resources/test-data/firewall/masquerade.conf,7b6dd0bed0d9b0e6877b3477b5d4c5ad502322aa,eblocker-icapserver,"retain until replacement parity; inventoried, not semantically certified",R8 feature migration,contract + feature + upgrade tests; no deletion before evidence
eblocker-icapserver/src/test/resources/test-data/firewall/mobile-private-network.conf,3fcdbedd59d14a3c072357e5ac1d746608a03ea0,eblocker-icapserver,"retain until replacement parity; inventoried, not semantically certified",R8 feature migration,contract + feature + upgrade tests; no deletion before evidence
eblocker-icapserver/src/test/resources/test-data/firewall/no-changes.conf,65b2592964f7856cc7a62e61774cfb514cbeb535,eblocker-icapserver,"retain until replacement parity; inventoried, not semantically certified",R8 feature migration,contract + feature + upgrade tests; no deletion before evidence
eblocker-icapserver/src/test/resources/test-data/firewall/server-openvpn-server-disabled.conf,9d755b53492a46b1664eb65d81f370cea91bde74,eblocker-icapserver,"retain until replacement parity; inventoried, not semantically certified",R8 feature migration,contract + feature + upgrade tests; no deletion before evidence
eblocker-icapserver/src/test/resources/test-data/firewall/server-openvpn-server-enabled.conf,248d5ec7faa734da0a400f68486718942f177fee,eblocker-icapserver,"retain until replacement parity; inventoried, not semantically certified",R8 feature migration,contract + feature + upgrade tests; no deletion before evidence
eblocker-icapserver/src/test/resources/test-data/firewall/server.conf,8987477faa86659fab941fa1c05f9dada5807283,eblocker-icapserver,"retain until replacement parity; inventoried, not semantically certified",R8 feature migration,contract + feature + upgrade tests; no deletion before evidence
eblocker-icapserver/src/test/resources/test-data/firewall/tor-dns-disabled.conf,3743cbde195cf9159f4207c1ece6ab737abe8db0,eblocker-icapserver,"retain until replacement parity; inventoried, not semantically certified",R8 feature migration,contract + feature + upgrade tests; no deletion before evidence
eblocker-icapserver/src/test/resources/test-data/firewall/tor-dns-enabled.conf,ff7b2d8ff072826536ed88c5e58276a80733e051,eblocker-icapserver,"retain until replacement parity; inventoried, not semantically certified",R8 feature migration,contract + feature + upgrade tests; no deletion before evidence
eblocker-icapserver/src/test/resources/test-data/firewall/tor-mobile.conf,c268c95bd578dee20f90750f508dd334da5422e9,eblocker-icapserver,"retain until replacement parity; inventoried, not semantically certified",R8 feature migration,contract + feature + upgrade tests; no deletion before evidence
eblocker-icapserver/src/test/resources/test-data/interfaces-dhcp.conf,01a6b97d413f6c326dd485fe4390a601e0f8f594,eblocker-icapserver,"retain until replacement parity; inventoried, not semantically certified",R8 feature migration,contract + feature + upgrade tests; no deletion before evidence
eblocker-icapserver/src/test/resources/test-data/interfaces-static.conf,0d065a82e7f4bdfa52c5cef1d6b814217914fcdc,eblocker-icapserver,"retain until replacement parity; inventoried, not semantically certified",R8 feature migration,contract + feature + upgrade tests; no deletion before evidence
eblocker-icapserver/src/test/resources/test-data/ipsets-create.ipset,5265e1ac61df4856eb92bb4ed42cd79a5e7347ea,eblocker-icapserver,"retain until replacement parity; inventoried, not semantically certified",R8 feature migration,contract + feature + upgrade tests; no deletion before evidence
eblocker-icapserver/src/test/resources/test-data/ipsets-update.ipset,0db904a4a3d6816df7cac30ff6476b83fac94ebf,eblocker-icapserver,"retain until replacement parity; inventoried, not semantically certified",R8 feature migration,contract + feature + upgrade tests; no deletion before evidence
eblocker-icapserver/src/test/resources/test-data/mock-server/root-ca.cert,33a8b28622628ddf7a91b05c590c44c74d9db9a9,eblocker-icapserver,"retain until replacement parity; inventoried, not semantically certified",R8 feature migration,contract + feature + upgrade tests; no deletion before evidence
eblocker-icapserver/src/test/resources/test-data/mock-server/root-ca.jks,d69ff8a7520ee1165a3fae0807f7dbe060f89806,eblocker-icapserver,"retain until replacement parity; inventoried, not semantically certified",R8 feature migration,contract + feature + upgrade tests; no deletion before evidence
eblocker-icapserver/src/test/resources/test-data/mount/pc-mounted.json,34ac75691bc887ebf765ebc4f666130f38c14a4a,eblocker-icapserver,"retain until replacement parity; inventoried, not semantically certified",R8 feature migration,contract + feature + upgrade tests; no deletion before evidence
eblocker-icapserver/src/test/resources/test-data/mount/pc-no-drive.json,02f4f489f12d7c87a6d95ee0adb6f96b9e77f816,eblocker-icapserver,"retain until replacement parity; inventoried, not semantically certified",R8 feature migration,contract + feature + upgrade tests; no deletion before evidence
eblocker-icapserver/src/test/resources/test-data/mount/pc-not-mounted.json,8cb412478a87918b4519d4225e619d9a05e1bb95,eblocker-icapserver,"retain until replacement parity; inventoried, not semantically certified",R8 feature migration,contract + feature + upgrade tests; no deletion before evidence
eblocker-icapserver/src/test/resources/test-data/mount/raspi-mounted.json,2f2935a01ff40d2cef44fa165329570dca6f4784,eblocker-icapserver,"retain until replacement parity; inventoried, not semantically certified",R8 feature migration,contract + feature + upgrade tests; no deletion before evidence
eblocker-icapserver/src/test/resources/test-data/mount/raspi-no-drive.json,b2eb874cc1b8b8bcc66f2848b164c240f0086ded,eblocker-icapserver,"retain until replacement parity; inventoried, not semantically certified",R8 feature migration,contract + feature + upgrade tests; no deletion before evidence
eblocker-icapserver/src/test/resources/test-data/mount/raspi-not-mounted.json,34204b572cf88886dfc6fa29f74bbdf4a61f8b20,eblocker-icapserver,"retain until replacement parity; inventoried, not semantically certified",R8 feature migration,contract + feature + upgrade tests; no deletion before evidence
eblocker-icapserver/src/test/resources/test-data/mount/vm-eos4-no-drive.json,97ca82105619f4788ece13b9548cc2ade4543aab,eblocker-icapserver,"retain until replacement parity; inventoried, not semantically certified",R8 feature migration,contract + feature + upgrade tests; no deletion before evidence
eblocker-icapserver/src/test/resources/test-data/mount/vm-mounted.json,fe4d0e41d57d6eb2a1a66f55b9546b9a21c2a06d,eblocker-icapserver,"retain until replacement parity; inventoried, not semantically certified",R8 feature migration,contract + feature + upgrade tests; no deletion before evidence
eblocker-icapserver/src/test/resources/test-data/mount/vm-no-drive.json,5c80e9b62b5b8389a0a6c237a8701346ad1772fa,eblocker-icapserver,"retain until replacement parity; inventoried, not semantically certified",R8 feature migration,contract + feature + upgrade tests; no deletion before evidence
eblocker-icapserver/src/test/resources/test-data/mount/vm-not-mounted.json,eed95c5d134102939463dadbf60adf5fb6bf0788,eblocker-icapserver,"retain until replacement parity; inventoried, not semantically certified",R8 feature migration,contract + feature + upgrade tests; no deletion before evidence
eblocker-icapserver/src/test/resources/test-data/openvpn-server-client.macos-template.conf,1de9130115a35dc0b9ec7d8205bf04f48391ad38,eblocker-icapserver,"retain until replacement parity; inventoried, not semantically certified",R8 feature migration,contract + feature + upgrade tests; no deletion before evidence
eblocker-icapserver/src/test/resources/test-data/openvpn-server-client.unix-template.conf,0b88fdf7bf0a6a90ccd576cac0eee5e0c92db0b1,eblocker-icapserver,"retain until replacement parity; inventoried, not semantically certified",R8 feature migration,contract + feature + upgrade tests; no deletion before evidence
eblocker-icapserver/src/test/resources/test-data/openvpn-server-client.windows-template.conf,c8395768db3e6f4847a956dd655ab3e61371005a,eblocker-icapserver,"retain until replacement parity; inventoried, not semantically certified",R8 feature migration,contract + feature + upgrade tests; no deletion before evidence
eblocker-icapserver/src/test/resources/test-data/parentalControlRedirectService-expired.jks,fc5a26697a1be7b4afb5c5d5b77ff32312262d36,eblocker-icapserver,"retain until replacement parity; inventoried, not semantically certified",R8 feature migration,contract + feature + upgrade tests; no deletion before evidence
eblocker-icapserver/src/test/resources/test-data/parentalControlRedirectService.jks,bcb1a767ee0ab2785445ac087016de1fc78e0fcf,eblocker-icapserver,"retain until replacement parity; inventoried, not semantically certified",R8 feature migration,contract + feature + upgrade tests; no deletion before evidence
eblocker-icapserver/src/test/resources/test-data/resolv.conf,07891beb3d0ef6d045942c346bc54608279b9351,eblocker-icapserver,"retain until replacement parity; inventoried, not semantically certified",R8 feature migration,contract + feature + upgrade tests; no deletion before evidence
eblocker-icapserver/src/test/resources/test-data/resource-handler-test.txt,e965047ad7c57865823c7d992b1d046ea66edf78,eblocker-icapserver,"retain until replacement parity; inventoried, not semantically certified",R8 feature migration,contract + feature + upgrade tests; no deletion before evidence
eblocker-icapserver/src/test/resources/test-data/sample-inlay.xhtml,c9d979b03337b56412d379fdcd9d9a4c4807a3c3,eblocker-icapserver,"retain until replacement parity; inventoried, not semantically certified",R8 feature migration,contract + feature + upgrade tests; no deletion before evidence
eblocker-icapserver/src/test/resources/test-data/sample.xhtml,477c330be28b627b1536923069f3c85a1ef65791,eblocker-icapserver,"retain until replacement parity; inventoried, not semantically certified",R8 feature migration,contract + feature + upgrade tests; no deletion before evidence
eblocker-icapserver/src/test/resources/test-data/script-runner/scriptWrapper.sh,11f2093be92189f7fcf364484694040cd32e8025,eblocker-icapserver,"retain until replacement parity; inventoried, not semantically certified",R8 feature migration,contract + feature + upgrade tests; no deletion before evidence
eblocker-icapserver/src/test/resources/test-data/squid/mimetypes-with-javascript.conf,1d188acdbef47ab2559d58862e3aa7d3f3a3744a,eblocker-icapserver,"retain until replacement parity; inventoried, not semantically certified",R8 feature migration,contract + feature + upgrade tests; no deletion before evidence
eblocker-icapserver/src/test/resources/test-data/squid/mimetypes.conf,0e2023dc8ae06c4a382eed3645ffbb1d9a853ff0,eblocker-icapserver,"retain until replacement parity; inventoried, not semantically certified",R8 feature migration,contract + feature + upgrade tests; no deletion before evidence
eblocker-icapserver/src/test/resources/test-data/squid/noSsl.exclusive.conf,3cbd0283b3350487552ea05671607c9bc1f498d3,eblocker-icapserver,"retain until replacement parity; inventoried, not semantically certified",R8 feature migration,contract + feature + upgrade tests; no deletion before evidence
eblocker-icapserver/src/test/resources/test-data/squid/squid-eblocker-cache-log.conf,8c5aa5a3b28f9e70e63e2cc2f792fa652507893d,eblocker-icapserver,"retain until replacement parity; inventoried, not semantically certified",R8 feature migration,contract + feature + upgrade tests; no deletion before evidence
eblocker-icapserver/src/test/resources/test-data/squid/squid-eblocker-embedded.conf,3fd932f4a49f9880095b180d2032bd679c77e562,eblocker-icapserver,"retain until replacement parity; inventoried, not semantically certified",R8 feature migration,contract + feature + upgrade tests; no deletion before evidence
eblocker-icapserver/src/test/resources/test-data/squid/squid-eblocker-ip6.conf,4cc6cea24d686d9ee09bcca958523980681a3781,eblocker-icapserver,"retain until replacement parity; inventoried, not semantically certified",R8 feature migration,contract + feature + upgrade tests; no deletion before evidence
eblocker-icapserver/src/test/resources/test-data/squid/squid-eblocker-no-ssl.conf,b420041ed88983622ae0d9a898e8e6685a469b85,eblocker-icapserver,"retain until replacement parity; inventoried, not semantically certified",R8 feature migration,contract + feature + upgrade tests; no deletion before evidence
eblocker-icapserver/src/test/resources/test-data/squid/squid-eblocker-server.conf,6d91523a94b10e200438be396b59c3096a79af93,eblocker-icapserver,"retain until replacement parity; inventoried, not semantically certified",R8 feature migration,contract + feature + upgrade tests; no deletion before evidence
eblocker-icapserver/src/test/resources/test-data/squid/squid-eblocker-vpnclient.conf,a9781f73b2ca71f4adb387d39a577818875eacda,eblocker-icapserver,"retain until replacement parity; inventoried, not semantically certified",R8 feature migration,contract + feature + upgrade tests; no deletion before evidence
eblocker-icapserver/src/test/resources/test-data/squid/ssl-template.conf,328eccdf520b01b7545051ab46607c9ca1fd7417,eblocker-icapserver,"retain until replacement parity; inventoried, not semantically certified",R8 feature migration,contract + feature + upgrade tests; no deletion before evidence
eblocker-icapserver/src/test/resources/test-data/squid/ssl.exclusive.conf,c4b58c6bfec4342aeb276a87f7eb084b75126947,eblocker-icapserver,"retain until replacement parity; inventoried, not semantically certified",R8 feature migration,contract + feature + upgrade tests; no deletion before evidence
eblocker-icapserver/src/test/resources/test-data/squid/sslclients.conf,72571cd6b05d12ca051d48f8f31a6f18a952b809,eblocker-icapserver,"retain until replacement parity; inventoried, not semantically certified",R8 feature migration,contract + feature + upgrade tests; no deletion before evidence
eblocker-icapserver/src/test/resources/test-data/squid/static.conf,e14ad574840496e75857836b60b8bd45ea96fdab,eblocker-icapserver,"retain until replacement parity; inventoried, not semantically certified",R8 feature migration,contract + feature + upgrade tests; no deletion before evidence
eblocker-icapserver/src/test/resources/test-data/squid/torclients.conf,bc632411b9bc58a76a1933cbbfe7098b57d8a8ce,eblocker-icapserver,"retain until replacement parity; inventoried, not semantically certified",R8 feature migration,contract + feature + upgrade tests; no deletion before evidence
eblocker-icapserver/src/test/resources/test-data/squid/xforward.domains.acl,9557bd2fcb17fd6b8f5bed9b9fe3311ffe6f9ae4,eblocker-icapserver,"retain until replacement parity; inventoried, not semantically certified",R8 feature migration,contract + feature + upgrade tests; no deletion before evidence
eblocker-icapserver/src/test/resources/test-data/squid/xforward.ips.acl,f2d6cc3586a92be3af39c22b52eb6967ffb7b2db,eblocker-icapserver,"retain until replacement parity; inventoried, not semantically certified",R8 feature migration,contract + feature + upgrade tests; no deletion before evidence
eblocker-icapserver/src/test/resources/test-data/ssldomainwhitelist-user.txt,fd2222e062a6b758664e1eabcdec9f330cba3e35,eblocker-icapserver,"retain until replacement parity; inventoried, not semantically certified",R8 feature migration,contract + feature + upgrade tests; no deletion before evidence
eblocker-icapserver/src/test/resources/test-data/ssldomainwhitelist.txt,9055d174083b05bcdacb931c98f69371020495af,eblocker-icapserver,"retain until replacement parity; inventoried, not semantically certified",R8 feature migration,contract + feature + upgrade tests; no deletion before evidence
eblocker-icapserver/src/test/resources/test-data/startup-status/eblocker-status-database-failure.html,ce43741534ff88be0751ab7a29cd1b8e8226bc89,eblocker-icapserver,"retain until replacement parity; inventoried, not semantically certified",R8 feature migration,contract + feature + upgrade tests; no deletion before evidence
eblocker-icapserver/src/test/resources/test-data/startup-status/eblocker-status-failure.html,46c28b80ccba0a87fb2a87c2371e28c69e053154,eblocker-icapserver,"retain until replacement parity; inventoried, not semantically certified",R8 feature migration,contract + feature + upgrade tests; no deletion before evidence
eblocker-icapserver/src/test/resources/test-data/startup-status/eblocker-status-network-down.html,616d3003b28269a86bbef25e96d94e66062ad731,eblocker-icapserver,"retain until replacement parity; inventoried, not semantically certified",R8 feature migration,contract + feature + upgrade tests; no deletion before evidence
eblocker-icapserver/src/test/resources/test-data/startup-status/eblocker-status-success.html,1e6cba0c51627f3d49d1c0f65703c90c3ca66257,eblocker-icapserver,"retain until replacement parity; inventoried, not semantically certified",R8 feature migration,contract + feature + upgrade tests; no deletion before evidence
eblocker-icapserver/src/test/resources/test-data/ta.key,efa5664f6b0d10dfd6ab5785ba3ea84f9ae52ea9,eblocker-icapserver,"retain until replacement parity; inventoried, not semantically certified",R8 feature migration,contract + feature + upgrade tests; no deletion before evidence
eblocker-icapserver/src/test/resources/test-data/tor/torrc-allCountries.txt,4da316af39f64113bef7ea07ef98387d2feffadd,eblocker-icapserver,"retain until replacement parity; inventoried, not semantically certified",R8 feature migration,contract + feature + upgrade tests; no deletion before evidence
eblocker-icapserver/src/test/resources/test-data/tor/torrc-someCountries.txt,390af3097409bc2649cae4ec11e2d5f5085fa24a,eblocker-icapserver,"retain until replacement parity; inventoried, not semantically certified",R8 feature migration,contract + feature + upgrade tests; no deletion before evidence
eblocker-icapserver/src/test/resources/test-data/tor/torrc.template,3f14968fec310c584669d471a9b2b6190a54b009,eblocker-icapserver,"retain until replacement parity; inventoried, not semantically certified",R8 feature migration,contract + feature + upgrade tests; no deletion before evidence
eblocker-icapserver/src/test/resources/test-data/unit-test-alternative-ca.jks,645c395ab1de758be8361f2fe759eef5d4e78d50,eblocker-icapserver,"retain until replacement parity; inventoried, not semantically certified",R8 feature migration,contract + feature + upgrade tests; no deletion before evidence
eblocker-icapserver/src/test/resources/test-data/unit-test-ca.jks,e9e0a8b22079bb8fc670e7044ea6f18bc6a69585,eblocker-icapserver,"retain until replacement parity; inventoried, not semantically certified",R8 feature migration,contract + feature + upgrade tests; no deletion before evidence
eblocker-icapserver/src/test/resources/test-data/unit-test-expired-ca.jks,064f2f96c8c15771c0d2d604c711f4906477f610,eblocker-icapserver,"retain until replacement parity; inventoried, not semantically certified",R8 feature migration,contract + feature + upgrade tests; no deletion before evidence
eblocker-icapserver/src/test/resources/test-data/unit-test-https-localhost.jks,4fbf9a98a8cd9ae10c518e5ae78910856e73459c,eblocker-icapserver,"retain until replacement parity; inventoried, not semantically certified",R8 feature migration,contract + feature + upgrade tests; no deletion before evidence
eblocker-icapserver/src/test/resources/test-data/usermessages/release_note_test.json,e69de29bb2d1d6434b8b29ae775ad8c2e48c5391,eblocker-icapserver,"retain until replacement parity; inventoried, not semantically certified",R8 feature migration,contract + feature + upgrade tests; no deletion before evidence
eblocker-icapserver/src/test/resources/test-data/vpn/Amsterdam2-256.ovpn,748c0b96e3e33f12ffd0a6596177546a3590ef0e,eblocker-icapserver,"retain until replacement parity; inventoried, not semantically certified",R8 feature migration,contract + feature + upgrade tests; no deletion before evidence
eblocker-icapserver/src/test/resources/test-data/vpn/certificate-invalid-encoding.pem,c93932902470f9f9add273b3e699c5cd9696e915,eblocker-icapserver,"retain until replacement parity; inventoried, not semantically certified",R8 feature migration,contract + feature + upgrade tests; no deletion before evidence
eblocker-icapserver/src/test/resources/test-data/vpn/certificate.pem,88b4c7a5073c8def06ddf1b5aa13f466623338a8,eblocker-icapserver,"retain until replacement parity; inventoried, not semantically certified",R8 feature migration,contract + feature + upgrade tests; no deletion before evidence
eblocker-icapserver/src/test/resources/test-data/vpn/dh1024.pem,b2e8358834f3241627cd825fce258c5951dc8fcd,eblocker-icapserver,"retain until replacement parity; inventoried, not semantically certified",R8 feature migration,contract + feature + upgrade tests; no deletion before evidence
eblocker-icapserver/src/test/resources/test-data/vpn/invalid-type.pem,40245e1e2850f68b13b863758d48e08e986ae581,eblocker-icapserver,"retain until replacement parity; inventoried, not semantically certified",R8 feature migration,contract + feature + upgrade tests; no deletion before evidence
eblocker-icapserver/src/test/resources/test-data/vpn/openVpnStatic.key,f0d914cef7831fbe1d681b17b3557e65c1129ea6,eblocker-icapserver,"retain until replacement parity; inventoried, not semantically certified",R8 feature migration,contract + feature + upgrade tests; no deletion before evidence
eblocker-icapserver/src/test/resources/test-data/vpn/openVpnStaticInvalid.key,16618c573db438b2402554055c0d0515e92e34a0,eblocker-icapserver,"retain until replacement parity; inventoried, not semantically certified",R8 feature migration,contract + feature + upgrade tests; no deletion before evidence
eblocker-icapserver/src/test/resources/test-data/vpn/openvpn-test.default-options.ovpn,3ca22b5d127339700cac6ea11fa8272009fd3190,eblocker-icapserver,"retain until replacement parity; inventoried, not semantically certified",R8 feature migration,contract + feature + upgrade tests; no deletion before evidence
eblocker-icapserver/src/test/resources/test-data/vpn/openvpn-test.options.blacklist,310fb5c5b5422abf88a49a4c05a63dae2af007ab,eblocker-icapserver,"retain until replacement parity; inventoried, not semantically certified",R8 feature migration,contract + feature + upgrade tests; no deletion before evidence
eblocker-icapserver/src/test/resources/test-data/vpn/openvpn-test.options.group,082c5ad2e61a26fc2e53845c910c6dd18f225688,eblocker-icapserver,"retain until replacement parity; inventoried, not semantically certified",R8 feature migration,contract + feature + upgrade tests; no deletion before evidence
eblocker-icapserver/src/test/resources/test-data/vpn/openvpn-test.options.inline,81fa95c81ceafe3c977a988a59552267b29df7d4,eblocker-icapserver,"retain until replacement parity; inventoried, not semantically certified",R8 feature migration,contract + feature + upgrade tests; no deletion before evidence
eblocker-icapserver/src/test/resources/test-data/vpn/openvpn-test.options.whitelist,3ab355bcc648c7f5387ec2bdccab3d1ca43f6fc3,eblocker-icapserver,"retain until replacement parity; inventoried, not semantically certified",R8 feature migration,contract + feature + upgrade tests; no deletion before evidence
eblocker-icapserver/src/test/resources/test-data/vpn/private-key.pem,21a960ef5db7d0bf5957424fe87412d2c51c7336,eblocker-icapserver,"retain until replacement parity; inventoried, not semantically certified",R8 feature migration,contract + feature + upgrade tests; no deletion before evidence
eblocker-icapserver/src/test/resources/test-data/vpn/rt_tables,541abfd27256d9160e75ae71138fd2716abb3fd2,eblocker-icapserver,"retain until replacement parity; inventoried, not semantically certified",R8 feature migration,contract + feature + upgrade tests; no deletion before evidence
eblocker-icapserver/src/test/resources/test-data/vpn/rt_tables_expected,adc76ce0c3846f5bbcebc50adcfa244b7d930344,eblocker-icapserver,"retain until replacement parity; inventoried, not semantically certified",R8 feature migration,contract + feature + upgrade tests; no deletion before evidence
eblocker-icapserver/src/test/resources/test-data/vpn/test.ovpn,83d67b167fede53ccb92d13708ff314bdbbfd875,eblocker-icapserver,"retain until replacement parity; inventoried, not semantically certified",R8 feature migration,contract + feature + upgrade tests; no deletion before evidence
eblocker-icapserver/src/test/resources/test-data/webrtc/no-webrtc,42682b4746225a1fa7df6f272925245827119f42,eblocker-icapserver,"retain until replacement parity; inventoried, not semantically certified",R8 feature migration,contract + feature + upgrade tests; no deletion before evidence
eblocker-icapserver/src/test/resources/test-data/webrtc/webrtc,b6aaf7ddac8ec9f6e7bf18a1e9866fde5f68ed66,eblocker-icapserver,"retain until replacement parity; inventoried, not semantically certified",R8 feature migration,contract + feature + upgrade tests; no deletion before evidence
eblocker-icapserver/src/test/resources/test-data/webrtc/webrtc-replaced,f7c24912bf986f2a50c40a87c4f7d9cc18038192,eblocker-icapserver,"retain until replacement parity; inventoried, not semantically certified",R8 feature migration,contract + feature + upgrade tests; no deletion before evidence
eblocker-icapserver/src/test/resources/test-data/webrtc/webrtc2,b72e71ce4507c71fd982c328672198cce4fe9a7c,eblocker-icapserver,"retain until replacement parity; inventoried, not semantically certified",R8 feature migration,contract + feature + upgrade tests; no deletion before evidence
eblocker-icapserver/src/test/resources/test-data/webrtc/webrtc3,44afdeaff4f9cec45a1c54ac1077090dff55cbc5,eblocker-icapserver,"retain until replacement parity; inventoried, not semantically certified",R8 feature migration,contract + feature + upgrade tests; no deletion before evidence
eblocker-icapserver/src/test/resources/useragent-samples/userAgents.txt,0ec0e61c28a74ebb2fdbd8de768079420354d277,eblocker-icapserver,"retain until replacement parity; inventoried, not semantically certified",R8 feature migration,contract + feature + upgrade tests; no deletion before evidence
eblocker-parent/pom.xml,89d9910d78e78113bb793090a976af3b8742cdb3,eblocker-parent,"retain until replacement parity; inventoried, not semantically certified",R2 build then R13 legacy removal,contract + feature + upgrade tests; no deletion before evidence
eblocker-ui/.babelrc,7513b402f163f8ac544c775714ab65464ff8accd,eblocker-ui,"retain until replacement parity; inventoried, not semantically certified",R5 UI foundation then R8 screen parity,contract + feature + upgrade tests; no deletion before evidence
eblocker-ui/.bowerrc,8bf1650ea79a47ed46a4f2adf571dc6580418c1b,eblocker-ui,"retain until replacement parity; inventoried, not semantically certified",R5 UI foundation then R8 screen parity,contract + feature + upgrade tests; no deletion before evidence
eblocker-ui/.gitignore,481bc7f547bfd15a0cd3e93783878af5cd2ad2f2,eblocker-ui,"retain until replacement parity; inventoried, not semantically certified",R5 UI foundation then R8 screen parity,contract + feature + upgrade tests; no deletion before evidence
eblocker-ui/.jscsrc,022a15093154b4df1a3cd1e793da1a69e3894bec,eblocker-ui,"retain until replacement parity; inventoried, not semantically certified",R5 UI foundation then R8 screen parity,contract + feature + upgrade tests; no deletion before evidence
eblocker-ui/.jshintrc,8384d5c9f55ad8f7e08dc5c0b9df94664b96170b,eblocker-ui,"retain until replacement parity; inventoried, not semantically certified",R5 UI foundation then R8 screen parity,contract + feature + upgrade tests; no deletion before evidence
eblocker-ui/README.md,2d649b05f4b3bd9f62350da9ed442edd9ee79dd8,eblocker-ui,"retain until replacement parity; inventoried, not semantically certified",R5 UI foundation then R8 screen parity,contract + feature + upgrade tests; no deletion before evidence
eblocker-ui/bower.json,ad100ef67580f2af74cddb7dffde3f936aecee5e,eblocker-ui,"retain until replacement parity; inventoried, not semantically certified",R5 UI foundation then R8 screen parity,contract + feature + upgrade tests; no deletion before evidence
eblocker-ui/deb/control/control,de68a224fd466156f90ccb83a63846fa4e95a656,eblocker-ui,"retain until replacement parity; inventoried, not semantically certified",R5 UI foundation then R8 screen parity,contract + feature + upgrade tests; no deletion before evidence
eblocker-ui/deb/control/postinst,03447b7d1997a953634931fa4fdddb418f540994,eblocker-ui,"retain until replacement parity; inventoried, not semantically certified",R5 UI foundation then R8 screen parity,contract + feature + upgrade tests; no deletion before evidence
eblocker-ui/deb/control/prerm,d2a0092fe6a089333ac3120b7ef8be2e100a78c9,eblocker-ui,"retain until replacement parity; inventoried, not semantically certified",R5 UI foundation then R8 screen parity,contract + feature + upgrade tests; no deletion before evidence
eblocker-ui/gulp.config.js,c272d2a173c304eab92aa0fe89d126a1e821fc37,eblocker-ui,"retain until replacement parity; inventoried, not semantically certified",R5 UI foundation then R8 screen parity,contract + feature + upgrade tests; no deletion before evidence
eblocker-ui/gulpfile.js,dd4f52d2a0a064b0d8e1405034829f0d1830861a,eblocker-ui,build lifecycle and locale revisions refactored; legacy pipeline retained,R5 UI foundation then R8 screen parity,contract + feature + upgrade tests; no deletion before evidence
eblocker-ui/karma.conf.ci.js,e2483cfe921fca944133f8c0a98e3ad3b08dc1c5,eblocker-ui,"retain until replacement parity; inventoried, not semantically certified",R5 UI foundation then R8 screen parity,contract + feature + upgrade tests; no deletion before evidence
eblocker-ui/karma.conf.js,93ff59278106498576ae479d93cff8100dcb5e5a,eblocker-ui,"retain until replacement parity; inventoried, not semantically certified",R5 UI foundation then R8 screen parity,contract + feature + upgrade tests; no deletion before evidence
eblocker-ui/npm_integrations/chart-js/index.js,fc4a608270e42349994ee1ec26c3614d6f26a5b6,eblocker-ui,"retain until replacement parity; inventoried, not semantically certified",R5 UI foundation then R8 screen parity,contract + feature + upgrade tests; no deletion before evidence
eblocker-ui/npm_integrations/jQuery/index.js,dc761529973be682cb6011e195c7648466609e3a,eblocker-ui,"retain until replacement parity; inventoried, not semantically certified",R5 UI foundation then R8 screen parity,contract + feature + upgrade tests; no deletion before evidence
eblocker-ui/npm_integrations/ng-fileupload/index.js,e95928976a8f8174c931a4a0e3ce808b37b43658,eblocker-ui,"retain until replacement parity; inventoried, not semantically certified",R5 UI foundation then R8 screen parity,contract + feature + upgrade tests; no deletion before evidence
eblocker-ui/npm_integrations/ng-idle/index.js,01a841bec9797c55bf979a160a47a67be950872d,eblocker-ui,"retain until replacement parity; inventoried, not semantically certified",R5 UI foundation then R8 screen parity,contract + feature + upgrade tests; no deletion before evidence
eblocker-ui/npm_integrations/ng-storage/index.js,a54df9c962f6e5e1ff48e2f2653c3357a556258e,eblocker-ui,"retain until replacement parity; inventoried, not semantically certified",R5 UI foundation then R8 screen parity,contract + feature + upgrade tests; no deletion before evidence
eblocker-ui/npm_integrations/ui-sortable/index.js,7f26daaab543b42b87301f4f4d3f15e18c44221c,eblocker-ui,"retain until replacement parity; inventoried, not semantically certified",R5 UI foundation then R8 screen parity,contract + feature + upgrade tests; no deletion before evidence
eblocker-ui/package-lock.json,c63cbfabaeca1b848732394a2f410f890a985858,eblocker-ui,"retain until replacement parity; inventoried, not semantically certified",R5 UI foundation then R8 screen parity,contract + feature + upgrade tests; no deletion before evidence
eblocker-ui/package.json,bdcd8899a00833c9a59fcd3736d2193d51b0605c,eblocker-ui,"retain until replacement parity; inventoried, not semantically certified",R5 UI foundation then R8 screen parity,contract + feature + upgrade tests; no deletion before evidence
eblocker-ui/pom.xml,f741e88c6dae64ee35bff8d53cea749fbadecc24,eblocker-ui,"retain until replacement parity; inventoried, not semantically certified",R5 UI foundation then R8 screen parity,contract + feature + upgrade tests; no deletion before evidence
eblocker-ui/src/advice/app/_bootstrap/_configs/idleConfig.js,f2e9cccb0bec14d62cc2dc3c0216b0942a11311c,eblocker-ui,"retain until replacement parity; inventoried, not semantically certified",R5 UI foundation then R8 screen parity,contract + feature + upgrade tests; no deletion before evidence
eblocker-ui/src/advice/app/_bootstrap/_configs/locationConfig.js,91d3910d5f2f0854a70585ca5b4d854e49abb3b1,eblocker-ui,"retain until replacement parity; inventoried, not semantically certified",R5 UI foundation then R8 screen parity,contract + feature + upgrade tests; no deletion before evidence
eblocker-ui/src/advice/app/_bootstrap/_configs/routeConfig.js,6e0da2c9d0d12e0bb796aa262d21d1aea56640d6,eblocker-ui,"retain until replacement parity; inventoried, not semantically certified",R5 UI foundation then R8 screen parity,contract + feature + upgrade tests; no deletion before evidence
eblocker-ui/src/advice/app/_bootstrap/_configs/translationConfig.js,2437406fefdc09359951d8408bdd4d7b84c2b61f,eblocker-ui,"retain until replacement parity; inventoried, not semantically certified",R5 UI foundation then R8 screen parity,contract + feature + upgrade tests; no deletion before evidence
eblocker-ui/src/advice/app/advice.component.html,ff5f2cefce6b9a1028e65c8e7d81b22b8d6c603c,eblocker-ui,"retain until replacement parity; inventoried, not semantically certified",R5 UI foundation then R8 screen parity,contract + feature + upgrade tests; no deletion before evidence
eblocker-ui/src/advice/app/advice.component.js,b7c0f16a9a64635ff41732dd40b962453bd8f2e8,eblocker-ui,"retain until replacement parity; inventoried, not semantically certified",R5 UI foundation then R8 screen parity,contract + feature + upgrade tests; no deletion before evidence
eblocker-ui/src/advice/app/advice.component.spec.js,9a50b4570f4da0cd50c0be5871c7dda68626054b,eblocker-ui,"retain until replacement parity; inventoried, not semantically certified",R5 UI foundation then R8 screen parity,contract + feature + upgrade tests; no deletion before evidence
eblocker-ui/src/advice/app/advice.constants.js,647244c4ad131ad34c6d6e3278e9cb81e1db1b85,eblocker-ui,"retain until replacement parity; inventoried, not semantically certified",R5 UI foundation then R8 screen parity,contract + feature + upgrade tests; no deletion before evidence
eblocker-ui/src/advice/app/advice.module.js,33205522788c31c3379c6cb355c8d97339d9127e,eblocker-ui,"retain until replacement parity; inventoried, not semantically certified",R5 UI foundation then R8 screen parity,contract + feature + upgrade tests; no deletion before evidence
eblocker-ui/src/advice/app/reminder/reminder.component.html,d9943b6923e189a1103134226e1cba3b007dc6da,eblocker-ui,"retain until replacement parity; inventoried, not semantically certified",R5 UI foundation then R8 screen parity,contract + feature + upgrade tests; no deletion before evidence
eblocker-ui/src/advice/app/reminder/reminder.component.js,168cd7d8770a4ed789349262b55c128665b744e0,eblocker-ui,"retain until replacement parity; inventoried, not semantically certified",R5 UI foundation then R8 screen parity,contract + feature + upgrade tests; no deletion before evidence
eblocker-ui/src/advice/app/service/closeWindow/AutoCloseService.js,95ce3d25825fd28e1b269230f384cccd34b69204,eblocker-ui,"retain until replacement parity; inventoried, not semantically certified",R5 UI foundation then R8 screen parity,contract + feature + upgrade tests; no deletion before evidence
eblocker-ui/src/advice/app/service/console/ConsoleService.js,c57d446675f32f18c11b0a59812daeb0581cb96b,eblocker-ui,"retain until replacement parity; inventoried, not semantically certified",R5 UI foundation then R8 screen parity,contract + feature + upgrade tests; no deletion before evidence
eblocker-ui/src/advice/app/service/device/DeviceService.js,9fdb3c47dc8a24116079c4a8e57593150975fc07,eblocker-ui,"retain until replacement parity; inventoried, not semantically certified",R5 UI foundation then R8 screen parity,contract + feature + upgrade tests; no deletion before evidence
eblocker-ui/src/advice/app/service/dialog/DialogService.js,da536ff5e45edf36f2ed93026121cab99bf275af,eblocker-ui,"retain until replacement parity; inventoried, not semantically certified",R5 UI foundation then R8 screen parity,contract + feature + upgrade tests; no deletion before evidence
eblocker-ui/src/advice/app/service/logger/logger.module.js,e6e5fd313223ef80efd3eb78fd7105adebdf2b8f,eblocker-ui,"retain until replacement parity; inventoried, not semantically certified",R5 UI foundation then R8 screen parity,contract + feature + upgrade tests; no deletion before evidence
eblocker-ui/src/advice/app/service/registration/RegistrationService.js,7b9b8078aa5ea07c3e60a3e1a175576174bfda22,eblocker-ui,"retain until replacement parity; inventoried, not semantically certified",R5 UI foundation then R8 screen parity,contract + feature + upgrade tests; no deletion before evidence
eblocker-ui/src/advice/app/service/security/security.module.js,514269cb854613ba80754929a7aaabd028491d42,eblocker-ui,"retain until replacement parity; inventoried, not semantically certified",R5 UI foundation then R8 screen parity,contract + feature + upgrade tests; no deletion before evidence
eblocker-ui/src/advice/app/service/security/security.service.js,459e36e60143e9fbbb0b97da5ebb3c3f2088ea34,eblocker-ui,"retain until replacement parity; inventoried, not semantically certified",R5 UI foundation then R8 screen parity,contract + feature + upgrade tests; no deletion before evidence
eblocker-ui/src/advice/app/service/settings/settings.module.js,f5136d9d665ad7b207d74f7e575fcb181543ecbc,eblocker-ui,"retain until replacement parity; inventoried, not semantically certified",R5 UI foundation then R8 screen parity,contract + feature + upgrade tests; no deletion before evidence
eblocker-ui/src/advice/app/service/settings/settings.service.js,ceaa8dacc84651a1deb1f17c9e9a23049c85c18e,eblocker-ui,"retain until replacement parity; inventoried, not semantically certified",R5 UI foundation then R8 screen parity,contract + feature + upgrade tests; no deletion before evidence
eblocker-ui/src/advice/app/service/system/LoadingService.js,927b4231ff5ad8799d78d9d7d3b3f82d98c39dca,eblocker-ui,"retain until replacement parity; inventoried, not semantically certified",R5 UI foundation then R8 screen parity,contract + feature + upgrade tests; no deletion before evidence
eblocker-ui/src/advice/app/welcome/welcome.component.html,8e362c96f99126c2160981ece7465f93df1f207f,eblocker-ui,"retain until replacement parity; inventoried, not semantically certified",R5 UI foundation then R8 screen parity,contract + feature + upgrade tests; no deletion before evidence
eblocker-ui/src/advice/app/welcome/welcome.component.js,5cbeda61a59960cb5a344f6b0dcc26076e3aca56,eblocker-ui,"retain until replacement parity; inventoried, not semantically certified",R5 UI foundation then R8 screen parity,contract + feature + upgrade tests; no deletion before evidence
eblocker-ui/src/advice/index.html,249737ceee23fd8d573046d1e94b96938aaa88b4,eblocker-ui,"retain until replacement parity; inventoried, not semantically certified",R5 UI foundation then R8 screen parity,contract + feature + upgrade tests; no deletion before evidence
eblocker-ui/src/advice/styles/advice.scss,e2d6ad0a134cede8ac9f27f065f428107a4b03dd,eblocker-ui,"retain until replacement parity; inventoried, not semantically certified",R5 UI foundation then R8 screen parity,contract + feature + upgrade tests; no deletion before evidence
eblocker-ui/src/controlbar/app/_bootstrap/_configs/idleConfig.js,f2e9cccb0bec14d62cc2dc3c0216b0942a11311c,eblocker-ui,"retain until replacement parity; inventoried, not semantically certified",R5 UI foundation then R8 screen parity,contract + feature + upgrade tests; no deletion before evidence
eblocker-ui/src/controlbar/app/_bootstrap/_configs/locationConfig.js,91d3910d5f2f0854a70585ca5b4d854e49abb3b1,eblocker-ui,"retain until replacement parity; inventoried, not semantically certified",R5 UI foundation then R8 screen parity,contract + feature + upgrade tests; no deletion before evidence
eblocker-ui/src/controlbar/app/_bootstrap/_configs/routeConfig.js,1e6e8b15661d3e2f7ed3e51dea4622cc3f382d5c,eblocker-ui,"retain until replacement parity; inventoried, not semantically certified",R5 UI foundation then R8 screen parity,contract + feature + upgrade tests; no deletion before evidence
eblocker-ui/src/controlbar/app/_bootstrap/_configs/translationConfig.js,29942c3f9358e2b5312f95efb1c8e23ce6b0431c,eblocker-ui,"retain until replacement parity; inventoried, not semantically certified",R5 UI foundation then R8 screen parity,contract + feature + upgrade tests; no deletion before evidence
eblocker-ui/src/controlbar/app/components/activation/activation.component.html,a9f118f5c79b7b2db237b23b78fba0798c8640ca,eblocker-ui,"retain until replacement parity; inventoried, not semantically certified",R5 UI foundation then R8 screen parity,contract + feature + upgrade tests; no deletion before evidence
eblocker-ui/src/controlbar/app/components/activation/activation.component.js,a58a9b3716af2ecb5cf90621e27be5a80a5a696b,eblocker-ui,"retain until replacement parity; inventoried, not semantically certified",R5 UI foundation then R8 screen parity,contract + feature + upgrade tests; no deletion before evidence
eblocker-ui/src/controlbar/app/components/activation/activation.component.spec.js,db09f4da5e6fe10c3aef0f81ff86612274a94573,eblocker-ui,"retain until replacement parity; inventoried, not semantically certified",R5 UI foundation then R8 screen parity,contract + feature + upgrade tests; no deletion before evidence
eblocker-ui/src/controlbar/app/components/anon/ip-anon.component.html,2eed6866c7053558363da8b2fb2acd3c78b37690,eblocker-ui,"retain until replacement parity; inventoried, not semantically certified",R5 UI foundation then R8 screen parity,contract + feature + upgrade tests; no deletion before evidence
eblocker-ui/src/controlbar/app/components/anon/ip-anon.component.js,197b0040da5686b3eae7793b4ffb4578ad141cd0,eblocker-ui,"retain until replacement parity; inventoried, not semantically certified",R5 UI foundation then R8 screen parity,contract + feature + upgrade tests; no deletion before evidence
eblocker-ui/src/controlbar/app/components/anon/ip-anon.component.spec.js,1df406cc97f8334dbb24aec59b62bde68141f374,eblocker-ui,"retain until replacement parity; inventoried, not semantically certified",R5 UI foundation then R8 screen parity,contract + feature + upgrade tests; no deletion before evidence
eblocker-ui/src/controlbar/app/components/cloaking/cloaking.component.html,5cd74ab0b961484004643f01f4f8c6f75866e883,eblocker-ui,"retain until replacement parity; inventoried, not semantically certified",R5 UI foundation then R8 screen parity,contract + feature + upgrade tests; no deletion before evidence
eblocker-ui/src/controlbar/app/components/cloaking/cloaking.component.js,e42e757446ec632451c4fe73ccc55dd59307b35e,eblocker-ui,"retain until replacement parity; inventoried, not semantically certified",R5 UI foundation then R8 screen parity,contract + feature + upgrade tests; no deletion before evidence
eblocker-ui/src/controlbar/app/components/cloaking/cloaking.component.spec.js,50a732295cffe685d21a71f02c51c0d12f8e0081,eblocker-ui,"retain until replacement parity; inventoried, not semantically certified",R5 UI foundation then R8 screen parity,contract + feature + upgrade tests; no deletion before evidence
eblocker-ui/src/controlbar/app/components/com/com.component.html,b9528b46e1d5e23c3fd0b9479e9641bbf5ea2fc9,eblocker-ui,"retain until replacement parity; inventoried, not semantically certified",R5 UI foundation then R8 screen parity,contract + feature + upgrade tests; no deletion before evidence
eblocker-ui/src/controlbar/app/components/com/com.component.js,b10174b7673dd6dc6077efb858c14a914a0b02db,eblocker-ui,"retain until replacement parity; inventoried, not semantically certified",R5 UI foundation then R8 screen parity,contract + feature + upgrade tests; no deletion before evidence
eblocker-ui/src/controlbar/app/components/com/com.component.spec.js,b5b1e0c37fdf86d308489aed4fdae24dc3aab20f,eblocker-ui,"retain until replacement parity; inventoried, not semantically certified",R5 UI foundation then R8 screen parity,contract + feature + upgrade tests; no deletion before evidence
eblocker-ui/src/controlbar/app/components/dashboardLink/dashboard-link.component.html,3cae19a801c0c4c110fddd006a6b0e2ccb22ac32,eblocker-ui,"retain until replacement parity; inventoried, not semantically certified",R5 UI foundation then R8 screen parity,contract + feature + upgrade tests; no deletion before evidence
eblocker-ui/src/controlbar/app/components/dashboardLink/dashboard-link.component.js,5613d8cc90de3011d4a0b1ee62ac82a7fbd7868a,eblocker-ui,"retain until replacement parity; inventoried, not semantically certified",R5 UI foundation then R8 screen parity,contract + feature + upgrade tests; no deletion before evidence
eblocker-ui/src/controlbar/app/components/help/help.component.html,320faad1faa6dc50d385325b0af8de47d26bf472,eblocker-ui,"retain until replacement parity; inventoried, not semantically certified",R5 UI foundation then R8 screen parity,contract + feature + upgrade tests; no deletion before evidence
eblocker-ui/src/controlbar/app/components/help/help.component.js,5f2af4adb0f7cab48fac27d0a0e92e7d4e8df0f8,eblocker-ui,"retain until replacement parity; inventoried, not semantically certified",R5 UI foundation then R8 screen parity,contract + feature + upgrade tests; no deletion before evidence
eblocker-ui/src/controlbar/app/components/help/help.component.spec.js,451bbcba18a26c9f212135f5f055b40b18554c44,eblocker-ui,"retain until replacement parity; inventoried, not semantically certified",R5 UI foundation then R8 screen parity,contract + feature + upgrade tests; no deletion before evidence
eblocker-ui/src/controlbar/app/components/messages/messages.component.html,c32bfa0d0a778abd7a2f2f885962bd0d08737d43,eblocker-ui,"retain until replacement parity; inventoried, not semantically certified",R5 UI foundation then R8 screen parity,contract + feature + upgrade tests; no deletion before evidence
eblocker-ui/src/controlbar/app/components/messages/messages.component.js,6faea8d7943f31706c3a9adfabba6006d52a49b4,eblocker-ui,"retain until replacement parity; inventoried, not semantically certified",R5 UI foundation then R8 screen parity,contract + feature + upgrade tests; no deletion before evidence
eblocker-ui/src/controlbar/app/components/messages/messages.component.spec.js,80fb0fcef9100f8afc86ae81bee5077630db9622,eblocker-ui,"retain until replacement parity; inventoried, not semantically certified",R5 UI foundation then R8 screen parity,contract + feature + upgrade tests; no deletion before evidence
eblocker-ui/src/controlbar/app/components/onlineTime/online-time.component.html,e7dd0864f99b7de4aab9d5c20d48ef30c1ebd8ab,eblocker-ui,"retain until replacement parity; inventoried, not semantically certified",R5 UI foundation then R8 screen parity,contract + feature + upgrade tests; no deletion before evidence
eblocker-ui/src/controlbar/app/components/onlineTime/online-time.component.js,5c128554779cbf5c9a7b508c49a7b2811fe58f76,eblocker-ui,"retain until replacement parity; inventoried, not semantically certified",R5 UI foundation then R8 screen parity,contract + feature + upgrade tests; no deletion before evidence
eblocker-ui/src/controlbar/app/components/onlineTime/online-time.component.spec.js,b18d88bca98410c5e0c813a78850e1c17d5d7e82,eblocker-ui,"retain until replacement parity; inventoried, not semantically certified",R5 UI foundation then R8 screen parity,contract + feature + upgrade tests; no deletion before evidence
eblocker-ui/src/controlbar/app/components/pause/pause.component.html,0beba238288e862952231e7d27359ac3d3395764,eblocker-ui,"retain until replacement parity; inventoried, not semantically certified",R5 UI foundation then R8 screen parity,contract + feature + upgrade tests; no deletion before evidence
eblocker-ui/src/controlbar/app/components/pause/pause.component.js,eb68139b4e47d17d8de0021dd07223277fa074fa,eblocker-ui,"retain until replacement parity; inventoried, not semantically certified",R5 UI foundation then R8 screen parity,contract + feature + upgrade tests; no deletion before evidence
eblocker-ui/src/controlbar/app/components/pause/pause.component.spec.js,ac26074561455a224c8ccb787de6117fff65b655,eblocker-ui,"retain until replacement parity; inventoried, not semantically certified",R5 UI foundation then R8 screen parity,contract + feature + upgrade tests; no deletion before evidence
eblocker-ui/src/controlbar/app/components/renew/renew.component.html,a1bd31239adc96a20458e01b20a85e036af7fe4f,eblocker-ui,"retain until replacement parity; inventoried, not semantically certified",R5 UI foundation then R8 screen parity,contract + feature + upgrade tests; no deletion before evidence
eblocker-ui/src/controlbar/app/components/renew/renew.component.js,5f573dd16114e802c4759a2a777c7ee0aedd3ccc,eblocker-ui,"retain until replacement parity; inventoried, not semantically certified",R5 UI foundation then R8 screen parity,contract + feature + upgrade tests; no deletion before evidence
eblocker-ui/src/controlbar/app/components/renew/renew.component.spec.js,3f69875a5003f902530fbd4f857da4f84e2f77d9,eblocker-ui,"retain until replacement parity; inventoried, not semantically certified",R5 UI foundation then R8 screen parity,contract + feature + upgrade tests; no deletion before evidence
eblocker-ui/src/controlbar/app/components/settings/settings.component.html,3fddeddf4a441684fb2c68ced5bf5052cec12c92,eblocker-ui,"retain until replacement parity; inventoried, not semantically certified",R5 UI foundation then R8 screen parity,contract + feature + upgrade tests; no deletion before evidence
eblocker-ui/src/controlbar/app/components/settings/settings.component.js,35c8cc2dfca69683c4071857eefcff6b57afa1a4,eblocker-ui,"retain until replacement parity; inventoried, not semantically certified",R5 UI foundation then R8 screen parity,contract + feature + upgrade tests; no deletion before evidence
eblocker-ui/src/controlbar/app/components/settings/settings.component.spec.js,71c6875192cb3bea948f706383f56653a3739eaa,eblocker-ui,"retain until replacement parity; inventoried, not semantically certified",R5 UI foundation then R8 screen parity,contract + feature + upgrade tests; no deletion before evidence
eblocker-ui/src/controlbar/app/components/trackers/trackers.component.html,76d4d5ef81b70b7e1675240e2cc18e391c64bc6f,eblocker-ui,"retain until replacement parity; inventoried, not semantically certified",R5 UI foundation then R8 screen parity,contract + feature + upgrade tests; no deletion before evidence
eblocker-ui/src/controlbar/app/components/trackers/trackers.component.js,48c093569608d1b3d2d75134f821a6b82833e3dc,eblocker-ui,"retain until replacement parity; inventoried, not semantically certified",R5 UI foundation then R8 screen parity,contract + feature + upgrade tests; no deletion before evidence
eblocker-ui/src/controlbar/app/components/trackers/trackers.component.spec.js,26919c289caf2a243dd51d9e312a8b4330b88d45,eblocker-ui,"retain until replacement parity; inventoried, not semantically certified",R5 UI foundation then R8 screen parity,contract + feature + upgrade tests; no deletion before evidence
eblocker-ui/src/controlbar/app/components/user/user.component.html,c9b68ee7db01b263afa9e8b1fa9855a0cf6e2a99,eblocker-ui,"retain until replacement parity; inventoried, not semantically certified",R5 UI foundation then R8 screen parity,contract + feature + upgrade tests; no deletion before evidence
eblocker-ui/src/controlbar/app/components/user/user.component.js,a9836cf3f0f8bbdcd122ac5775592cb93599d015,eblocker-ui,"retain until replacement parity; inventoried, not semantically certified",R5 UI foundation then R8 screen parity,contract + feature + upgrade tests; no deletion before evidence
eblocker-ui/src/controlbar/app/components/user/user.component.spec.js,b5b12b5f1631fad2b3d9d3edcbb81bf242cee51a,eblocker-ui,"retain until replacement parity; inventoried, not semantically certified",R5 UI foundation then R8 screen parity,contract + feature + upgrade tests; no deletion before evidence
eblocker-ui/src/controlbar/app/controlbar.constants.js,1aaee337620c9dfec490774453fc7baafbb45a0f,eblocker-ui,"retain until replacement parity; inventoried, not semantically certified",R5 UI foundation then R8 screen parity,contract + feature + upgrade tests; no deletion before evidence
eblocker-ui/src/controlbar/app/controlbar.controller.js,876402380ebab21de9ae2fc410e7c58206d2ccf2,eblocker-ui,"retain until replacement parity; inventoried, not semantically certified",R5 UI foundation then R8 screen parity,contract + feature + upgrade tests; no deletion before evidence
eblocker-ui/src/controlbar/app/controlbar.html,b7c4564ba017330241c6fc6d5e752bbfbf5d30aa,eblocker-ui,"retain until replacement parity; inventoried, not semantically certified",R5 UI foundation then R8 screen parity,contract + feature + upgrade tests; no deletion before evidence
eblocker-ui/src/controlbar/app/controlbar.module.js,bd5914bf6150fdf3c6470ea413b5518d8f344aae,eblocker-ui,"retain until replacement parity; inventoried, not semantically certified",R5 UI foundation then R8 screen parity,contract + feature + upgrade tests; no deletion before evidence
eblocker-ui/src/controlbar/app/controlbar.router.js,69eb39b1801c1b01ee48920b322b933b7e40bd86,eblocker-ui,"retain until replacement parity; inventoried, not semantically certified",R5 UI foundation then R8 screen parity,contract + feature + upgrade tests; no deletion before evidence
eblocker-ui/src/controlbar/app/dialogs/anon/vpn-activation.dialog.html,d261290239962bab230f37e30646808e9b06667e,eblocker-ui,"retain until replacement parity; inventoried, not semantically certified",R5 UI foundation then R8 screen parity,contract + feature + upgrade tests; no deletion before evidence
eblocker-ui/src/controlbar/app/dialogs/anon/vpn-activation.dialog.js,c3cc8bb5ffe49c53c3c2eea0d9988b1fee1c7cb1,eblocker-ui,"retain until replacement parity; inventoried, not semantically certified",R5 UI foundation then R8 screen parity,contract + feature + upgrade tests; no deletion before evidence
eblocker-ui/src/controlbar/app/dialogs/cloaking/custom-userAgent.dialog.html,d954c61ae8a3cde40790ad103aab3b80c3ba558f,eblocker-ui,"retain until replacement parity; inventoried, not semantically certified",R5 UI foundation then R8 screen parity,contract + feature + upgrade tests; no deletion before evidence
eblocker-ui/src/controlbar/app/dialogs/cloaking/custom-userAgent.dialog.js,0ff9ed9c56f49fc76f799863b74593e9d85b9482,eblocker-ui,"retain until replacement parity; inventoried, not semantically certified",R5 UI foundation then R8 screen parity,contract + feature + upgrade tests; no deletion before evidence
eblocker-ui/src/controlbar/app/dialogs/messages/message.dialog.html,5afd10d0203f44ab1d331484772dbb075012f3a6,eblocker-ui,"retain until replacement parity; inventoried, not semantically certified",R5 UI foundation then R8 screen parity,contract + feature + upgrade tests; no deletion before evidence
eblocker-ui/src/controlbar/app/dialogs/messages/message.dialog.js,6966cf2fdf0f3c3edf0120ff56d17d50b5805039,eblocker-ui,"retain until replacement parity; inventoried, not semantically certified",R5 UI foundation then R8 screen parity,contract + feature + upgrade tests; no deletion before evidence
eblocker-ui/src/controlbar/app/dialogs/pause/pause-confirmation.dialog.html,c654edd8724c05d652a03f0890497b802f33b169,eblocker-ui,"retain until replacement parity; inventoried, not semantically certified",R5 UI foundation then R8 screen parity,contract + feature + upgrade tests; no deletion before evidence
eblocker-ui/src/controlbar/app/dialogs/pause/pause-confirmation.dialog.js,f4543b50848e686608273ec40118229dba8d6818,eblocker-ui,"retain until replacement parity; inventoried, not semantically certified",R5 UI foundation then R8 screen parity,contract + feature + upgrade tests; no deletion before evidence
eblocker-ui/src/controlbar/app/dialogs/pin/change-pin.dialog.html,24c03d7c0634619a9bc01a305707a883f6d56357,eblocker-ui,"retain until replacement parity; inventoried, not semantically certified",R5 UI foundation then R8 screen parity,contract + feature + upgrade tests; no deletion before evidence
eblocker-ui/src/controlbar/app/dialogs/pin/change-pin.dialog.js,d5a2c7520387af94303bfb8faf79faba0a63abb6,eblocker-ui,"retain until replacement parity; inventoried, not semantically certified",R5 UI foundation then R8 screen parity,contract + feature + upgrade tests; no deletion before evidence
eblocker-ui/src/controlbar/app/dialogs/pin/provide-pin.dialog.html,5e99ecc4a207c99d6b10a0ab7991d07ddc246210,eblocker-ui,"retain until replacement parity; inventoried, not semantically certified",R5 UI foundation then R8 screen parity,contract + feature + upgrade tests; no deletion before evidence
eblocker-ui/src/controlbar/app/dialogs/pin/provide-pin.dialog.js,6e31330e927f27f16feae7f1a1516b450d4e9bb0,eblocker-ui,"retain until replacement parity; inventoried, not semantically certified",R5 UI foundation then R8 screen parity,contract + feature + upgrade tests; no deletion before evidence
eblocker-ui/src/controlbar/app/directives/button-entry.directive.html,bd47023bd0dd08a9b8d5b0ee9bfd12ef62507636,eblocker-ui,"retain until replacement parity; inventoried, not semantically certified",R5 UI foundation then R8 screen parity,contract + feature + upgrade tests; no deletion before evidence
eblocker-ui/src/controlbar/app/directives/button-entry.directive.js,6c6fa60b3d9582d23deb2647ed4cf01a152d4e07,eblocker-ui,"retain until replacement parity; inventoried, not semantically certified",R5 UI foundation then R8 screen parity,contract + feature + upgrade tests; no deletion before evidence
eblocker-ui/src/controlbar/app/directives/dropdown-anon.directive.html,94850da79e084aaa3b4745235854f06c25bb5495,eblocker-ui,"retain until replacement parity; inventoried, not semantically certified",R5 UI foundation then R8 screen parity,contract + feature + upgrade tests; no deletion before evidence
eblocker-ui/src/controlbar/app/directives/dropdown-anon.directive.js,0e1d67335257cf9400849708eae5807288a97c28,eblocker-ui,"retain until replacement parity; inventoried, not semantically certified",R5 UI foundation then R8 screen parity,contract + feature + upgrade tests; no deletion before evidence
eblocker-ui/src/controlbar/app/directives/dropdown-cloaking.directive.html,a76b7b7ee43727be76625081af121a0651be931c,eblocker-ui,"retain until replacement parity; inventoried, not semantically certified",R5 UI foundation then R8 screen parity,contract + feature + upgrade tests; no deletion before evidence
eblocker-ui/src/controlbar/app/directives/dropdown-cloaking.directive.js,4072c0219973948e404ead4d8cd02fe96e4cabdb,eblocker-ui,"retain until replacement parity; inventoried, not semantically certified",R5 UI foundation then R8 screen parity,contract + feature + upgrade tests; no deletion before evidence
eblocker-ui/src/controlbar/app/directives/dropdown-filters.directive.html,0388f484a3bcb4665d58052eea743c1beb2bd836,eblocker-ui,"retain until replacement parity; inventoried, not semantically certified",R5 UI foundation then R8 screen parity,contract + feature + upgrade tests; no deletion before evidence
eblocker-ui/src/controlbar/app/directives/dropdown-filters.directive.js,a63ef439beea5ff8b5d00744a6090f395d7a5295,eblocker-ui,"retain until replacement parity; inventoried, not semantically certified",R5 UI foundation then R8 screen parity,contract + feature + upgrade tests; no deletion before evidence
eblocker-ui/src/controlbar/app/directives/dropdown-online-time.directive.html,7d8451d406980e319e75298ee040ba2ac5ae0843,eblocker-ui,"retain until replacement parity; inventoried, not semantically certified",R5 UI foundation then R8 screen parity,contract + feature + upgrade tests; no deletion before evidence
eblocker-ui/src/controlbar/app/directives/dropdown-online-time.directive.js,56811b88cbca1e402253f6d6b2f97c04cc1da196,eblocker-ui,"retain until replacement parity; inventoried, not semantically certified",R5 UI foundation then R8 screen parity,contract + feature + upgrade tests; no deletion before evidence
eblocker-ui/src/controlbar/app/directives/dropdown-user.directive.html,27a446df28d840814c5415d80b26b45346874096,eblocker-ui,"retain until replacement parity; inventoried, not semantically certified",R5 UI foundation then R8 screen parity,contract + feature + upgrade tests; no deletion before evidence
eblocker-ui/src/controlbar/app/directives/dropdown-user.directive.js,616d10302233bce07ffb976424172fae9fc9e603,eblocker-ui,"retain until replacement parity; inventoried, not semantically certified",R5 UI foundation then R8 screen parity,contract + feature + upgrade tests; no deletion before evidence
eblocker-ui/src/controlbar/app/directives/my-cloak.directive.js,a2b1d5a49ef29e1bd40ccd3716f33b35f27ef8fa,eblocker-ui,"retain until replacement parity; inventoried, not semantically certified",R5 UI foundation then R8 screen parity,contract + feature + upgrade tests; no deletion before evidence
eblocker-ui/src/controlbar/app/main.controller.js,5ebe882c41c529c2d6ada3af3f367f6d34295e88,eblocker-ui,"retain until replacement parity; inventoried, not semantically certified",R5 UI foundation then R8 screen parity,contract + feature + upgrade tests; no deletion before evidence
eblocker-ui/src/controlbar/app/main.controller.spec.js,b42c4cb41f84afd87dd7c15832f956c55adc268d,eblocker-ui,"retain until replacement parity; inventoried, not semantically certified",R5 UI foundation then R8 screen parity,contract + feature + upgrade tests; no deletion before evidence
eblocker-ui/src/controlbar/app/main.html,9144cce6e0e4e1cd19709f03158dfb3ef16bc0dd,eblocker-ui,"retain until replacement parity; inventoried, not semantically certified",R5 UI foundation then R8 screen parity,contract + feature + upgrade tests; no deletion before evidence
eblocker-ui/src/controlbar/app/service/anon/TorService.js,add27519168883eaf2a1c3302ac3f3be8522b811,eblocker-ui,"retain until replacement parity; inventoried, not semantically certified",R5 UI foundation then R8 screen parity,contract + feature + upgrade tests; no deletion before evidence
eblocker-ui/src/controlbar/app/service/anon/VpnService.js,0da3c01b6ef71e53ab1e9fefb47e5623b57ebd32,eblocker-ui,"retain until replacement parity; inventoried, not semantically certified",R5 UI foundation then R8 screen parity,contract + feature + upgrade tests; no deletion before evidence
eblocker-ui/src/controlbar/app/service/console/ConsoleService.js,ca9ac2b9d1a4ef1cd78bba4fb436c1bd02575975,eblocker-ui,"retain until replacement parity; inventoried, not semantically certified",R5 UI foundation then R8 screen parity,contract + feature + upgrade tests; no deletion before evidence
eblocker-ui/src/controlbar/app/service/controlbar/ControlbarService.js,34af34c64267ef6107b70e07832b186b68d7c0f7,eblocker-ui,"retain until replacement parity; inventoried, not semantically certified",R5 UI foundation then R8 screen parity,contract + feature + upgrade tests; no deletion before evidence
eblocker-ui/src/controlbar/app/service/device/DeviceService.js,941b48eeaf7f09ab92346764f328426ec8d66fc4,eblocker-ui,"retain until replacement parity; inventoried, not semantically certified",R5 UI foundation then R8 screen parity,contract + feature + upgrade tests; no deletion before evidence
eblocker-ui/src/controlbar/app/service/filters/DnsStatisticsService.js,15d386da41dc2f08d13a6489a5de8ce5f56de91e,eblocker-ui,"retain until replacement parity; inventoried, not semantically certified",R5 UI foundation then R8 screen parity,contract + feature + upgrade tests; no deletion before evidence
eblocker-ui/src/controlbar/app/service/filters/DnsStatisticsService.spec.js,c24d24364d4a4dd73846b4b2c055c61a71425620,eblocker-ui,"retain until replacement parity; inventoried, not semantically certified",R5 UI foundation then R8 screen parity,contract + feature + upgrade tests; no deletion before evidence
eblocker-ui/src/controlbar/app/service/filters/FiltersService.js,d217ca87dd2fd5dbe5852ca4f91da2122f7f77ec,eblocker-ui,"retain until replacement parity; inventoried, not semantically certified",R5 UI foundation then R8 screen parity,contract + feature + upgrade tests; no deletion before evidence
eblocker-ui/src/controlbar/app/service/filters/WhitelistService.js,0f0be1bbbc3769997cbd2f61409dd2ec50711d49,eblocker-ui,"retain until replacement parity; inventoried, not semantically certified",R5 UI foundation then R8 screen parity,contract + feature + upgrade tests; no deletion before evidence
eblocker-ui/src/controlbar/app/service/logger/logger.module.js,e6e5fd313223ef80efd3eb78fd7105adebdf2b8f,eblocker-ui,"retain until replacement parity; inventoried, not semantically certified",R5 UI foundation then R8 screen parity,contract + feature + upgrade tests; no deletion before evidence
eblocker-ui/src/controlbar/app/service/messages/MessageService.js,6b616d545ce789ac926bb98dff7d0ce3817b4905,eblocker-ui,"retain until replacement parity; inventoried, not semantically certified",R5 UI foundation then R8 screen parity,contract + feature + upgrade tests; no deletion before evidence
eblocker-ui/src/controlbar/app/service/messages/MessageService.spec.js,a7eb0f0f3d6cf52735dd9960ab4f4c865c8bd643,eblocker-ui,"retain until replacement parity; inventoried, not semantically certified",R5 UI foundation then R8 screen parity,contract + feature + upgrade tests; no deletion before evidence
eblocker-ui/src/controlbar/app/service/pageContext/PageContextService.js,a6026147fd2f771bdee3c1b2758e7902a085c4d6,eblocker-ui,"retain until replacement parity; inventoried, not semantically certified",R5 UI foundation then R8 screen parity,contract + feature + upgrade tests; no deletion before evidence
eblocker-ui/src/controlbar/app/service/parentalControl/AccessUsageService.js,00c0bdd283743188eadcfc472b3371395bcda812,eblocker-ui,"retain until replacement parity; inventoried, not semantically certified",R5 UI foundation then R8 screen parity,contract + feature + upgrade tests; no deletion before evidence
eblocker-ui/src/controlbar/app/service/registration/RegistrationService.js,2021c6687c9c31e694767ec0ec7590e0a5a31329,eblocker-ui,"retain until replacement parity; inventoried, not semantically certified",R5 UI foundation then R8 screen parity,contract + feature + upgrade tests; no deletion before evidence
eblocker-ui/src/controlbar/app/service/security/security.module.js,514269cb854613ba80754929a7aaabd028491d42,eblocker-ui,"retain until replacement parity; inventoried, not semantically certified",R5 UI foundation then R8 screen parity,contract + feature + upgrade tests; no deletion before evidence
eblocker-ui/src/controlbar/app/service/security/security.service.js,ee765832dbb811144ca0706e14f7f0118d3442a7,eblocker-ui,"retain until replacement parity; inventoried, not semantically certified",R5 UI foundation then R8 screen parity,contract + feature + upgrade tests; no deletion before evidence
eblocker-ui/src/controlbar/app/service/settings/settings.module.js,f5136d9d665ad7b207d74f7e575fcb181543ecbc,eblocker-ui,"retain until replacement parity; inventoried, not semantically certified",R5 UI foundation then R8 screen parity,contract + feature + upgrade tests; no deletion before evidence
eblocker-ui/src/controlbar/app/service/settings/settings.service.js,ace352de5269a6f8c1e03e973ee5b0eb669e1238,eblocker-ui,"retain until replacement parity; inventoried, not semantically certified",R5 UI foundation then R8 screen parity,contract + feature + upgrade tests; no deletion before evidence
eblocker-ui/src/controlbar/app/service/ssl/SslService.js,bb1a9431833a6a2dda21725228dbb3fe3a9c3ae8,eblocker-ui,"retain until replacement parity; inventoried, not semantically certified",R5 UI foundation then R8 screen parity,contract + feature + upgrade tests; no deletion before evidence
eblocker-ui/src/controlbar/app/service/time/TimeService.js,4e93f38ab72ebe3e584ca0d2c904773e70519541,eblocker-ui,"retain until replacement parity; inventoried, not semantically certified",R5 UI foundation then R8 screen parity,contract + feature + upgrade tests; no deletion before evidence
eblocker-ui/src/controlbar/app/service/user/UserService.js,2c882024d4f5bbf467aa1355755617bb8643b292,eblocker-ui,"retain until replacement parity; inventoried, not semantically certified",R5 UI foundation then R8 screen parity,contract + feature + upgrade tests; no deletion before evidence
eblocker-ui/src/controlbar/app/service/userAgent/UserAgentService.js,b3a52f1826c279db8ef47a51baa17ae8110623fe,eblocker-ui,"retain until replacement parity; inventoried, not semantically certified",R5 UI foundation then R8 screen parity,contract + feature + upgrade tests; no deletion before evidence
eblocker-ui/src/controlbar/index.html,b023e4f72f9de7efb630825c9f98492e8113a38e,eblocker-ui,"retain until replacement parity; inventoried, not semantically certified",R5 UI foundation then R8 screen parity,contract + feature + upgrade tests; no deletion before evidence
eblocker-ui/src/controlbar/styles/controlbar.scss,c3b1bd1fec163ced12055f92d7c6d2098c5ffe6c,eblocker-ui,"retain until replacement parity; inventoried, not semantically certified",R5 UI foundation then R8 screen parity,contract + feature + upgrade tests; no deletion before evidence
eblocker-ui/src/dashboard/app/_bootstrap/_configs/httpInterceptor.js,1d359f90d15875622892c2d0251322d787e6f6eb,eblocker-ui,"retain until replacement parity; inventoried, not semantically certified",R5 UI foundation then R8 screen parity,contract + feature + upgrade tests; no deletion before evidence
eblocker-ui/src/dashboard/app/_bootstrap/_configs/idleConfig.js,f3cc8b75ecf3c3378d8ea73836e93ac4e23ce982,eblocker-ui,"retain until replacement parity; inventoried, not semantically certified",R5 UI foundation then R8 screen parity,contract + feature + upgrade tests; no deletion before evidence
eblocker-ui/src/dashboard/app/_bootstrap/_configs/locationConfig.js,91d3910d5f2f0854a70585ca5b4d854e49abb3b1,eblocker-ui,"retain until replacement parity; inventoried, not semantically certified",R5 UI foundation then R8 screen parity,contract + feature + upgrade tests; no deletion before evidence
eblocker-ui/src/dashboard/app/_bootstrap/_configs/routeConfig.js,2d809ef649f4c7a1f6d9e4c22b3dd6b6be81d7e5,eblocker-ui,"retain until replacement parity; inventoried, not semantically certified",R5 UI foundation then R8 screen parity,contract + feature + upgrade tests; no deletion before evidence
eblocker-ui/src/dashboard/app/_bootstrap/_configs/translationConfig.js,53484eb3384b0be0483dfd712dc61123601884f2,eblocker-ui,"retain until replacement parity; inventoried, not semantically certified",R5 UI foundation then R8 screen parity,contract + feature + upgrade tests; no deletion before evidence
eblocker-ui/src/dashboard/app/_bootstrap/_constants/cardHtml.js,ac7894d246b3eca4bc55eea024e47e25b05af85c,eblocker-ui,"retain until replacement parity; inventoried, not semantically certified",R5 UI foundation then R8 screen parity,contract + feature + upgrade tests; no deletion before evidence
eblocker-ui/src/dashboard/app/_bootstrap/_constants/events.js,71389681e4ff0f66d4cec52da023522e0f1555d1,eblocker-ui,"retain until replacement parity; inventoried, not semantically certified",R5 UI foundation then R8 screen parity,contract + feature + upgrade tests; no deletion before evidence
eblocker-ui/src/dashboard/app/action.controller.js,189e19113d37994ba97be6bbfe3c61a3b9321773,eblocker-ui,"retain until replacement parity; inventoried, not semantically certified",R5 UI foundation then R8 screen parity,contract + feature + upgrade tests; no deletion before evidence
eblocker-ui/src/dashboard/app/blocker/access-denied.component.html,9be02815ec308c6fef8e68825e4f98731738d882,eblocker-ui,"retain until replacement parity; inventoried, not semantically certified",R5 UI foundation then R8 screen parity,contract + feature + upgrade tests; no deletion before evidence
eblocker-ui/src/dashboard/app/blocker/access-denied.component.js,924289e6c6fa93ba8eb1af59dcec7041dcfcd03b,eblocker-ui,"retain until replacement parity; inventoried, not semantically certified",R5 UI foundation then R8 screen parity,contract + feature + upgrade tests; no deletion before evidence
eblocker-ui/src/dashboard/app/blocker/blocked-ads-trackers.component.html,42239c1d6c4ab27c1d13cba32e3678c4f3f65580,eblocker-ui,"retain until replacement parity; inventoried, not semantically certified",R5 UI foundation then R8 screen parity,contract + feature + upgrade tests; no deletion before evidence
eblocker-ui/src/dashboard/app/blocker/blocked-ads-trackers.component.js,55b73ef773aadb35a9ed4c39472ece203dd5b5a6,eblocker-ui,"retain until replacement parity; inventoried, not semantically certified",R5 UI foundation then R8 screen parity,contract + feature + upgrade tests; no deletion before evidence
eblocker-ui/src/dashboard/app/blocker/blocked-malware.component.html,1b43e9d6ed8dcad18277b0491048687a040c8d36,eblocker-ui,"retain until replacement parity; inventoried, not semantically certified",R5 UI foundation then R8 screen parity,contract + feature + upgrade tests; no deletion before evidence
eblocker-ui/src/dashboard/app/blocker/blocked-malware.component.js,2bd5ac36e4fd927e29165cf0bff84e084a32ce33,eblocker-ui,"retain until replacement parity; inventoried, not semantically certified",R5 UI foundation then R8 screen parity,contract + feature + upgrade tests; no deletion before evidence
eblocker-ui/src/dashboard/app/blocker/blocked-whitelisted.component.html,96f4e51a7cedd296e43e968bba8b62250370bc9d,eblocker-ui,"retain until replacement parity; inventoried, not semantically certified",R5 UI foundation then R8 screen parity,contract + feature + upgrade tests; no deletion before evidence
eblocker-ui/src/dashboard/app/blocker/blocked-whitelisted.component.js,0a5f23d66a55e12644340207b7d78da53d282ef1,eblocker-ui,"retain until replacement parity; inventoried, not semantically certified",R5 UI foundation then R8 screen parity,contract + feature + upgrade tests; no deletion before evidence
eblocker-ui/src/dashboard/app/blocker/blocker.component.html,31800c0de80ec4149b9275af96795f61329ccc63,eblocker-ui,"retain until replacement parity; inventoried, not semantically certified",R5 UI foundation then R8 screen parity,contract + feature + upgrade tests; no deletion before evidence
eblocker-ui/src/dashboard/app/blocker/blocker.component.js,5a04b8de183bdc6227fa64a80ac84f11351efc82,eblocker-ui,"retain until replacement parity; inventoried, not semantically certified",R5 UI foundation then R8 screen parity,contract + feature + upgrade tests; no deletion before evidence
eblocker-ui/src/dashboard/app/blocker/squid-error.component.html,abd6079aafe839ca0a10efc31c05b084ac7d786d,eblocker-ui,"retain until replacement parity; inventoried, not semantically certified",R5 UI foundation then R8 screen parity,contract + feature + upgrade tests; no deletion before evidence
eblocker-ui/src/dashboard/app/blocker/squid-error.component.js,671a5f23fe87ef5d34b43152bc880fbbb11c587e,eblocker-ui,"retain until replacement parity; inventoried, not semantically certified",R5 UI foundation then R8 screen parity,contract + feature + upgrade tests; no deletion before evidence
eblocker-ui/src/dashboard/app/blocker/ssl-whitelist-options.component.html,e3516bcc4934e826b335a68bf14df5b264cc5db9,eblocker-ui,"retain until replacement parity; inventoried, not semantically certified",R5 UI foundation then R8 screen parity,contract + feature + upgrade tests; no deletion before evidence
eblocker-ui/src/dashboard/app/blocker/ssl-whitelist-options.component.js,3e31dadc684874e982f19998527efb44f5d6dfe8,eblocker-ui,"retain until replacement parity; inventoried, not semantically certified",R5 UI foundation then R8 screen parity,contract + feature + upgrade tests; no deletion before evidence
eblocker-ui/src/dashboard/app/cards/anon/anon.component.html,53fa571be733abd91a2cafd34abf8ca77ed4f602,eblocker-ui,"retain until replacement parity; inventoried, not semantically certified",R5 UI foundation then R8 screen parity,contract + feature + upgrade tests; no deletion before evidence
eblocker-ui/src/dashboard/app/cards/anon/anon.component.js,85932c4511f639dcdccf83c67e20cda26ebfcf69,eblocker-ui,"retain until replacement parity; inventoried, not semantically certified",R5 UI foundation then R8 screen parity,contract + feature + upgrade tests; no deletion before evidence
eblocker-ui/src/dashboard/app/cards/anon/anon.component.spec.js,a01dfb381dab45c28ad815735101a46fd0d89f74,eblocker-ui,"retain until replacement parity; inventoried, not semantically certified",R5 UI foundation then R8 screen parity,contract + feature + upgrade tests; no deletion before evidence
eblocker-ui/src/dashboard/app/cards/connectionTest/connectionTestDetail.component.html,5bbcf73d19d1821dd2c5fedbf6c6e11f28398c3e,eblocker-ui,"retain until replacement parity; inventoried, not semantically certified",R5 UI foundation then R8 screen parity,contract + feature + upgrade tests; no deletion before evidence
eblocker-ui/src/dashboard/app/cards/connectionTest/connectionTestDetail.component.js,54ea2023ba7735445b43ad91363d993ef9ce8776,eblocker-ui,"retain until replacement parity; inventoried, not semantically certified",R5 UI foundation then R8 screen parity,contract + feature + upgrade tests; no deletion before evidence
eblocker-ui/src/dashboard/app/cards/connectionTest/connectiontest.component.html,ca8a0adb4def1f89974517fcd7d9e91025c1f3a2,eblocker-ui,"retain until replacement parity; inventoried, not semantically certified",R5 UI foundation then R8 screen parity,contract + feature + upgrade tests; no deletion before evidence
eblocker-ui/src/dashboard/app/cards/connectionTest/connectiontest.component.js,99d0eeeba0d636d4e2adcd48ff41fad69d167f81,eblocker-ui,"retain until replacement parity; inventoried, not semantically certified",R5 UI foundation then R8 screen parity,contract + feature + upgrade tests; no deletion before evidence
eblocker-ui/src/dashboard/app/cards/connectionTest/connectiontest.component.spec.js,02a80867c37540e759df736c2bf5f267113d87dd,eblocker-ui,"retain until replacement parity; inventoried, not semantically certified",R5 UI foundation then R8 screen parity,contract + feature + upgrade tests; no deletion before evidence
eblocker-ui/src/dashboard/app/cards/console/console.component.html,16230005ff550ab27d1c0059af2f7ef0be79b294,eblocker-ui,"retain until replacement parity; inventoried, not semantically certified",R5 UI foundation then R8 screen parity,contract + feature + upgrade tests; no deletion before evidence
eblocker-ui/src/dashboard/app/cards/console/console.component.js,4a187893b823c86caef33e9cdd62387c01468136,eblocker-ui,"retain until replacement parity; inventoried, not semantically certified",R5 UI foundation then R8 screen parity,contract + feature + upgrade tests; no deletion before evidence
eblocker-ui/src/dashboard/app/cards/console/console.component.spec.js,0efb0f66d30cff370e306c208672512885d1397b,eblocker-ui,"retain until replacement parity; inventoried, not semantically certified",R5 UI foundation then R8 screen parity,contract + feature + upgrade tests; no deletion before evidence
eblocker-ui/src/dashboard/app/cards/deviceFirewall/device-firewall.component.html,caa70ca6364ad9e6ec876eb1b41ebdb86929115b,eblocker-ui,"retain until replacement parity; inventoried, not semantically certified",R5 UI foundation then R8 screen parity,contract + feature + upgrade tests; no deletion before evidence
eblocker-ui/src/dashboard/app/cards/deviceFirewall/device-firewall.component.js,f17703530e6bae3201638f4f2eaa0b4569426356,eblocker-ui,"retain until replacement parity; inventoried, not semantically certified",R5 UI foundation then R8 screen parity,contract + feature + upgrade tests; no deletion before evidence
eblocker-ui/src/dashboard/app/cards/deviceStatus/device-status.component.html,f7a265037063a40d289b273f4d64b0fa8fd5939b,eblocker-ui,"retain until replacement parity; inventoried, not semantically certified",R5 UI foundation then R8 screen parity,contract + feature + upgrade tests; no deletion before evidence
eblocker-ui/src/dashboard/app/cards/deviceStatus/device-status.component.js,6fae504e75ffdf9fd04069b011c92e734ec73be3,eblocker-ui,"retain until replacement parity; inventoried, not semantically certified",R5 UI foundation then R8 screen parity,contract + feature + upgrade tests; no deletion before evidence
eblocker-ui/src/dashboard/app/cards/domainBlocklist/domain-blocklist-table.component.html,2b3656280a66e23f00b48a567f02ced92abc1a5b,eblocker-ui,"retain until replacement parity; inventoried, not semantically certified",R5 UI foundation then R8 screen parity,contract + feature + upgrade tests; no deletion before evidence
eblocker-ui/src/dashboard/app/cards/domainBlocklist/domain-blocklist-table.component.js,52095200e4835b52a063b02459a0182337d76a12,eblocker-ui,"retain until replacement parity; inventoried, not semantically certified",R5 UI foundation then R8 screen parity,contract + feature + upgrade tests; no deletion before evidence
eblocker-ui/src/dashboard/app/cards/domainBlocklist/domain-blocklist.component.html,21ca453e33f12f7d0f903733cb9be21acaf373dd,eblocker-ui,"retain until replacement parity; inventoried, not semantically certified",R5 UI foundation then R8 screen parity,contract + feature + upgrade tests; no deletion before evidence
eblocker-ui/src/dashboard/app/cards/domainBlocklist/domain-blocklist.component.js,b94ab6ce0ff6c05806771a31e095a666c36648ed,eblocker-ui,"retain until replacement parity; inventoried, not semantically certified",R5 UI foundation then R8 screen parity,contract + feature + upgrade tests; no deletion before evidence
eblocker-ui/src/dashboard/app/cards/domainBlocklist/domain-passlist.component.html,8e1101188d8cf066f7bb9acd3971e6734d7059e3,eblocker-ui,"retain until replacement parity; inventoried, not semantically certified",R5 UI foundation then R8 screen parity,contract + feature + upgrade tests; no deletion before evidence
eblocker-ui/src/dashboard/app/cards/domainBlocklist/domain-passlist.component.js,e2aafebaf16caa42d03c721921b5bfa6eaa189a5,eblocker-ui,"retain until replacement parity; inventoried, not semantically certified",R5 UI foundation then R8 screen parity,contract + feature + upgrade tests; no deletion before evidence
eblocker-ui/src/dashboard/app/cards/filterCard/filter.component.html,cdc09573f47fa47a856448231a656db046813b9d,eblocker-ui,"retain until replacement parity; inventoried, not semantically certified",R5 UI foundation then R8 screen parity,contract + feature + upgrade tests; no deletion before evidence
eblocker-ui/src/dashboard/app/cards/filterCard/filter.component.js,0960723597708bf57939fd862e0a5048d0835225,eblocker-ui,"retain until replacement parity; inventoried, not semantically certified",R5 UI foundation then R8 screen parity,contract + feature + upgrade tests; no deletion before evidence
eblocker-ui/src/dashboard/app/cards/filterCard/filter.component.spec.js,79b3b20feb9e261099c320005a739e6be313bbed,eblocker-ui,"retain until replacement parity; inventoried, not semantically certified",R5 UI foundation then R8 screen parity,contract + feature + upgrade tests; no deletion before evidence
eblocker-ui/src/dashboard/app/cards/filterStatistics/filterStatistics.component.html,c8c96678820159cd6d2cc7159349efe536f888d4,eblocker-ui,"retain until replacement parity; inventoried, not semantically certified",R5 UI foundation then R8 screen parity,contract + feature + upgrade tests; no deletion before evidence
eblocker-ui/src/dashboard/app/cards/filterStatistics/filterStatistics.component.js,93c4368505424962c7e46b15b3297b60efe5fb79,eblocker-ui,"retain until replacement parity; inventoried, not semantically certified",R5 UI foundation then R8 screen parity,contract + feature + upgrade tests; no deletion before evidence
eblocker-ui/src/dashboard/app/cards/filterStatistics/filterStatistics.component.spec.js,6dc52130f5816f01d13e9a2757eedbbd4c9aaab6,eblocker-ui,"retain until replacement parity; inventoried, not semantically certified",R5 UI foundation then R8 screen parity,contract + feature + upgrade tests; no deletion before evidence
eblocker-ui/src/dashboard/app/cards/filterStatistics/filterStatisticsDiagram.component.html,de6c4dca88e18c8a45b7000c693073cf064623ed,eblocker-ui,"retain until replacement parity; inventoried, not semantically certified",R5 UI foundation then R8 screen parity,contract + feature + upgrade tests; no deletion before evidence
eblocker-ui/src/dashboard/app/cards/filterStatistics/filterStatisticsDiagram.component.js,ac0b8e57eccb1224b581695a3d04d6367f45295c,eblocker-ui,"retain until replacement parity; inventoried, not semantically certified",R5 UI foundation then R8 screen parity,contract + feature + upgrade tests; no deletion before evidence
eblocker-ui/src/dashboard/app/cards/filterStatisticsTotal/filterStatisticsTotal.component.html,6a950f3e54a89cc307ff00520f48b050a010ad98,eblocker-ui,"retain until replacement parity; inventoried, not semantically certified",R5 UI foundation then R8 screen parity,contract + feature + upgrade tests; no deletion before evidence
eblocker-ui/src/dashboard/app/cards/filterStatisticsTotal/filterStatisticsTotal.component.js,ef62be27f53c640e0ce2ef5214f53a822fc00542,eblocker-ui,"retain until replacement parity; inventoried, not semantically certified",R5 UI foundation then R8 screen parity,contract + feature + upgrade tests; no deletion before evidence
eblocker-ui/src/dashboard/app/cards/fragFinn/frag-finn.component.html,eaa3e9c3074b41449ae008481151b5187ab126f7,eblocker-ui,"retain until replacement parity; inventoried, not semantically certified",R5 UI foundation then R8 screen parity,contract + feature + upgrade tests; no deletion before evidence
eblocker-ui/src/dashboard/app/cards/fragFinn/frag-finn.component.js,ed2f2f8ba714364cd88a10908c8a0209e2df2103,eblocker-ui,"retain until replacement parity; inventoried, not semantically certified",R5 UI foundation then R8 screen parity,contract + feature + upgrade tests; no deletion before evidence
eblocker-ui/src/dashboard/app/cards/fragFinn/frag-finn.component.spec.js,c3dca133724a7fb7a6356e15feb65d3207934fe1,eblocker-ui,"retain until replacement parity; inventoried, not semantically certified",R5 UI foundation then R8 screen parity,contract + feature + upgrade tests; no deletion before evidence
eblocker-ui/src/dashboard/app/cards/icon/icon.component.html,6c0ae30a0f6ca21124f8083c0bf22ab503b47dec,eblocker-ui,"retain until replacement parity; inventoried, not semantically certified",R5 UI foundation then R8 screen parity,contract + feature + upgrade tests; no deletion before evidence
eblocker-ui/src/dashboard/app/cards/icon/icon.component.js,9942f1d9999a06be83453db6ddebf5a21a1653c2,eblocker-ui,"retain until replacement parity; inventoried, not semantically certified",R5 UI foundation then R8 screen parity,contract + feature + upgrade tests; no deletion before evidence
eblocker-ui/src/dashboard/app/cards/message/message.component.html,fc0fb85673d9c0410957c7a20571855b5fef5894,eblocker-ui,"retain until replacement parity; inventoried, not semantically certified",R5 UI foundation then R8 screen parity,contract + feature + upgrade tests; no deletion before evidence
eblocker-ui/src/dashboard/app/cards/message/message.component.js,b53e806c4eb713f47d44384ce3a8e47b74e789a1,eblocker-ui,"retain until replacement parity; inventoried, not semantically certified",R5 UI foundation then R8 screen parity,contract + feature + upgrade tests; no deletion before evidence
eblocker-ui/src/dashboard/app/cards/message/message.component.spec.js,6fc8d0941ef630860aa56c1599676b7df70797a8,eblocker-ui,"retain until replacement parity; inventoried, not semantically certified",R5 UI foundation then R8 screen parity,contract + feature + upgrade tests; no deletion before evidence
eblocker-ui/src/dashboard/app/cards/mobile/eblocker-mobile.component.html,211171cabef3f7b7b6cd546eb77825b180f0d22e,eblocker-ui,"retain until replacement parity; inventoried, not semantically certified",R5 UI foundation then R8 screen parity,contract + feature + upgrade tests; no deletion before evidence
eblocker-ui/src/dashboard/app/cards/mobile/eblocker-mobile.component.js,5b47dbc9880f3a3aac00948511ce27b4d6a2ea26,eblocker-ui,"retain until replacement parity; inventoried, not semantically certified",R5 UI foundation then R8 screen parity,contract + feature + upgrade tests; no deletion before evidence
eblocker-ui/src/dashboard/app/cards/mobile/eblocker-mobile.component.spec.js,8515c50a595a0b396a4570488df6f11a4fa3916d,eblocker-ui,"retain until replacement parity; inventoried, not semantically certified",R5 UI foundation then R8 screen parity,contract + feature + upgrade tests; no deletion before evidence
eblocker-ui/src/dashboard/app/cards/onlineTime/onlineTime.component.html,383543b04355d284038c74475a2009fbcf3fd47d,eblocker-ui,"retain until replacement parity; inventoried, not semantically certified",R5 UI foundation then R8 screen parity,contract + feature + upgrade tests; no deletion before evidence
eblocker-ui/src/dashboard/app/cards/onlineTime/onlineTime.component.js,c1864c7267b2fb9127f43a01cbbc9891bfd16ee1,eblocker-ui,"retain until replacement parity; inventoried, not semantically certified",R5 UI foundation then R8 screen parity,contract + feature + upgrade tests; no deletion before evidence
eblocker-ui/src/dashboard/app/cards/onlineTime/onlineTime.component.spec.js,6f9504a6452ca2ef3457978b3af9d74a9bc5052a,eblocker-ui,"retain until replacement parity; inventoried, not semantically certified",R5 UI foundation then R8 screen parity,contract + feature + upgrade tests; no deletion before evidence
eblocker-ui/src/dashboard/app/cards/parentalControl/parental-control.component.html,529e9b5fded6b26d533cea9569a8d34b38cb58db,eblocker-ui,"retain until replacement parity; inventoried, not semantically certified",R5 UI foundation then R8 screen parity,contract + feature + upgrade tests; no deletion before evidence
eblocker-ui/src/dashboard/app/cards/parentalControl/parental-control.component.js,d21798af3d8eac744e602753c98a27e20987f713,eblocker-ui,"retain until replacement parity; inventoried, not semantically certified",R5 UI foundation then R8 screen parity,contract + feature + upgrade tests; no deletion before evidence
eblocker-ui/src/dashboard/app/cards/parentalControl/parental-control.component.spec.js,939636287149a9317802fc93de37f8c469fdff79,eblocker-ui,"retain until replacement parity; inventoried, not semantically certified",R5 UI foundation then R8 screen parity,contract + feature + upgrade tests; no deletion before evidence
eblocker-ui/src/dashboard/app/cards/pause/pause.component.html,23651848b1f0c5186ab61abb571f802f5a390f5c,eblocker-ui,"retain until replacement parity; inventoried, not semantically certified",R5 UI foundation then R8 screen parity,contract + feature + upgrade tests; no deletion before evidence
eblocker-ui/src/dashboard/app/cards/pause/pause.component.js,e95cf7ae13a7b69033d0d17f8eec32473e15480e,eblocker-ui,"retain until replacement parity; inventoried, not semantically certified",R5 UI foundation then R8 screen parity,contract + feature + upgrade tests; no deletion before evidence
eblocker-ui/src/dashboard/app/cards/pause/pause.component.spec.js,46cec18ff93414c5c3a1dbd78827c693061b3d76,eblocker-ui,"retain until replacement parity; inventoried, not semantically certified",R5 UI foundation then R8 screen parity,contract + feature + upgrade tests; no deletion before evidence
eblocker-ui/src/dashboard/app/cards/ssl/ssl.component.html,e538de25daa65e0f1e696fdbb946d7f8499ea3d9,eblocker-ui,"retain until replacement parity; inventoried, not semantically certified",R5 UI foundation then R8 screen parity,contract + feature + upgrade tests; no deletion before evidence
eblocker-ui/src/dashboard/app/cards/ssl/ssl.component.js,9504a69678952e760316b1131f3b6f10c2866e8a,eblocker-ui,"retain until replacement parity; inventoried, not semantically certified",R5 UI foundation then R8 screen parity,contract + feature + upgrade tests; no deletion before evidence
eblocker-ui/src/dashboard/app/cards/ssl/ssl.component.spec.js,111ae34e842a7b8d880f3fee897b32558d5f6199,eblocker-ui,"retain until replacement parity; inventoried, not semantically certified",R5 UI foundation then R8 screen parity,contract + feature + upgrade tests; no deletion before evidence
eblocker-ui/src/dashboard/app/cards/user/user.component.html,7134444fb2869fad730986d3bbdb19b8c6633e81,eblocker-ui,"retain until replacement parity; inventoried, not semantically certified",R5 UI foundation then R8 screen parity,contract + feature + upgrade tests; no deletion before evidence
eblocker-ui/src/dashboard/app/cards/user/user.component.js,bd733f7e048ada0bac17478657a3baa95fdec882,eblocker-ui,"retain until replacement parity; inventoried, not semantically certified",R5 UI foundation then R8 screen parity,contract + feature + upgrade tests; no deletion before evidence
eblocker-ui/src/dashboard/app/cards/user/user.component.spec.js,e5d392a9ddebc0df243976a9881ec81c72cd8241,eblocker-ui,"retain until replacement parity; inventoried, not semantically certified",R5 UI foundation then R8 screen parity,contract + feature + upgrade tests; no deletion before evidence
eblocker-ui/src/dashboard/app/cards/whitelist/whitelist.component.html,c7715d95840fba4189577b90573a7decbd2846dd,eblocker-ui,"retain until replacement parity; inventoried, not semantically certified",R5 UI foundation then R8 screen parity,contract + feature + upgrade tests; no deletion before evidence
eblocker-ui/src/dashboard/app/cards/whitelist/whitelist.component.js,c369933af59cd0892a7fa1e46e3db9e2f3dc14b3,eblocker-ui,"retain until replacement parity; inventoried, not semantically certified",R5 UI foundation then R8 screen parity,contract + feature + upgrade tests; no deletion before evidence
eblocker-ui/src/dashboard/app/cards/whitelist/whitelist.component.spec.js,2ab1f898a9e4b23d797147e2f820c2cfc75761c4,eblocker-ui,"retain until replacement parity; inventoried, not semantically certified",R5 UI foundation then R8 screen parity,contract + feature + upgrade tests; no deletion before evidence
eblocker-ui/src/dashboard/app/components/card.component.html,ced5dd69591c9ad79e3a4c91d712d83043234941,eblocker-ui,"retain until replacement parity; inventoried, not semantically certified",R5 UI foundation then R8 screen parity,contract + feature + upgrade tests; no deletion before evidence
eblocker-ui/src/dashboard/app/components/card.component.js,6fc8e3fb7f801c4e65d8b2f4dbdae3a3a2e4d806,eblocker-ui,"retain until replacement parity; inventoried, not semantically certified",R5 UI foundation then R8 screen parity,contract + feature + upgrade tests; no deletion before evidence
eblocker-ui/src/dashboard/app/components/logout-admin.component.js,824c491e3d6f0602fda436a6bb5ae92504c80bdf,eblocker-ui,"retain until replacement parity; inventoried, not semantically certified",R5 UI foundation then R8 screen parity,contract + feature + upgrade tests; no deletion before evidence
eblocker-ui/src/dashboard/app/components/remote.component.html,7c89b545c5ac0a2a9db0571749025946344396e3,eblocker-ui,"retain until replacement parity; inventoried, not semantically certified",R5 UI foundation then R8 screen parity,contract + feature + upgrade tests; no deletion before evidence
eblocker-ui/src/dashboard/app/components/remote.component.js,91450d78ec6c55170647ad528197adbfd2274218,eblocker-ui,"retain until replacement parity; inventoried, not semantically certified",R5 UI foundation then R8 screen parity,contract + feature + upgrade tests; no deletion before evidence
eblocker-ui/src/dashboard/app/consoleRedirect.controller.js,a9547ee72406bc17e0e0b8683018b781291c2aba,eblocker-ui,"retain until replacement parity; inventoried, not semantically certified",R5 UI foundation then R8 screen parity,contract + feature + upgrade tests; no deletion before evidence
eblocker-ui/src/dashboard/app/dashboard.component.html,7d337c644f8376435ed039b237d445f91582f50e,eblocker-ui,"retain until replacement parity; inventoried, not semantically certified",R5 UI foundation then R8 screen parity,contract + feature + upgrade tests; no deletion before evidence
eblocker-ui/src/dashboard/app/dashboard.component.js,1e751364956f8567093c6c8ba87ae47547333a58,eblocker-ui,"retain until replacement parity; inventoried, not semantically certified",R5 UI foundation then R8 screen parity,contract + feature + upgrade tests; no deletion before evidence
eblocker-ui/src/dashboard/app/dashboard.constants.js,e5bda7f4dd94e237f1d1a3790a54a0c0c4a6bb68,eblocker-ui,"retain until replacement parity; inventoried, not semantically certified",R5 UI foundation then R8 screen parity,contract + feature + upgrade tests; no deletion before evidence
eblocker-ui/src/dashboard/app/dashboard.module.js,1f8b561538719ef5d8257ef15960bb94a59bb87a,eblocker-ui,"retain until replacement parity; inventoried, not semantically certified",R5 UI foundation then R8 screen parity,contract + feature + upgrade tests; no deletion before evidence
eblocker-ui/src/dashboard/app/dialogs/admin/admin-login.dialog.html,7e4addd9c6d4a56f50cdc8ae16a1bd8fc65d07a5,eblocker-ui,"retain until replacement parity; inventoried, not semantically certified",R5 UI foundation then R8 screen parity,contract + feature + upgrade tests; no deletion before evidence
eblocker-ui/src/dashboard/app/dialogs/admin/admin-login.dialog.js,072f2d514ff44c04441be7ffcc867da0924e983c,eblocker-ui,"retain until replacement parity; inventoried, not semantically certified",R5 UI foundation then R8 screen parity,contract + feature + upgrade tests; no deletion before evidence
eblocker-ui/src/dashboard/app/dialogs/pin/change-pin.dialog.html,88bb61351eb349964adc53fc0141db5e3d063f4a,eblocker-ui,"retain until replacement parity; inventoried, not semantically certified",R5 UI foundation then R8 screen parity,contract + feature + upgrade tests; no deletion before evidence
eblocker-ui/src/dashboard/app/dialogs/pin/change-pin.dialog.js,d5a2c7520387af94303bfb8faf79faba0a63abb6,eblocker-ui,"retain until replacement parity; inventoried, not semantically certified",R5 UI foundation then R8 screen parity,contract + feature + upgrade tests; no deletion before evidence
eblocker-ui/src/dashboard/app/dialogs/pin/provide-pin.dialog.html,cd471a25442c3696e0c7caac01549f18b0e07c94,eblocker-ui,"retain until replacement parity; inventoried, not semantically certified",R5 UI foundation then R8 screen parity,contract + feature + upgrade tests; no deletion before evidence
eblocker-ui/src/dashboard/app/dialogs/pin/provide-pin.dialog.js,b4d60b19572e28e488f9748f85320e481741444b,eblocker-ui,"retain until replacement parity; inventoried, not semantically certified",R5 UI foundation then R8 screen parity,contract + feature + upgrade tests; no deletion before evidence
eblocker-ui/src/dashboard/app/dialogs/welcome/welcome.dialog.html,4fc80f4ba507625c50fcc2af7ed34398806023f4,eblocker-ui,"retain until replacement parity; inventoried, not semantically certified",R5 UI foundation then R8 screen parity,contract + feature + upgrade tests; no deletion before evidence
eblocker-ui/src/dashboard/app/dialogs/welcome/welcome.dialog.js,b01654275e14cfa1572dd2efd8b3771b99e8c948,eblocker-ui,"retain until replacement parity; inventoried, not semantically certified",R5 UI foundation then R8 screen parity,contract + feature + upgrade tests; no deletion before evidence
eblocker-ui/src/dashboard/app/filter/duration.filter.js,de52b8880334b6ca0f6b3a44c796e1b821b9d1d6,eblocker-ui,"retain until replacement parity; inventoried, not semantically certified",R5 UI foundation then R8 screen parity,contract + feature + upgrade tests; no deletion before evidence
eblocker-ui/src/dashboard/app/main.component.html,f970ee021ebe7d6f443aa89cc410a7ad06da964c,eblocker-ui,"retain until replacement parity; inventoried, not semantically certified",R5 UI foundation then R8 screen parity,contract + feature + upgrade tests; no deletion before evidence
eblocker-ui/src/dashboard/app/main.component.js,eadf568ac84d27751479b1e4f1d8a1a1a6ea930d,eblocker-ui,"retain until replacement parity; inventoried, not semantically certified",R5 UI foundation then R8 screen parity,contract + feature + upgrade tests; no deletion before evidence
eblocker-ui/src/dashboard/app/main.component.spec.js,1ea137422bee76ac310a418113ccfde6ecaf0cf5,eblocker-ui,"retain until replacement parity; inventoried, not semantically certified",R5 UI foundation then R8 screen parity,contract + feature + upgrade tests; no deletion before evidence
eblocker-ui/src/dashboard/app/redirect/block-options.component.html,db5dfce0194d77ae2f8353ba6036920890ea8af8,eblocker-ui,"retain until replacement parity; inventoried, not semantically certified",R5 UI foundation then R8 screen parity,contract + feature + upgrade tests; no deletion before evidence
eblocker-ui/src/dashboard/app/redirect/block-options.component.js,2e18dfb5405769b6584370354c2e9fe307a2a0e4,eblocker-ui,"retain until replacement parity; inventoried, not semantically certified",R5 UI foundation then R8 screen parity,contract + feature + upgrade tests; no deletion before evidence
eblocker-ui/src/dashboard/app/redirect/redirect-options.component.html,932f78770106af360e82d4a0e2fcb2e69f47d59d,eblocker-ui,"retain until replacement parity; inventoried, not semantically certified",R5 UI foundation then R8 screen parity,contract + feature + upgrade tests; no deletion before evidence
eblocker-ui/src/dashboard/app/redirect/redirect-options.component.js,3480eccb3bbc2a5960bc039752d54c501a58d218,eblocker-ui,"retain until replacement parity; inventoried, not semantically certified",R5 UI foundation then R8 screen parity,contract + feature + upgrade tests; no deletion before evidence
eblocker-ui/src/dashboard/app/redirect/redirect.component.html,31800c0de80ec4149b9275af96795f61329ccc63,eblocker-ui,"retain until replacement parity; inventoried, not semantically certified",R5 UI foundation then R8 screen parity,contract + feature + upgrade tests; no deletion before evidence
eblocker-ui/src/dashboard/app/redirect/redirect.component.js,c10a8e86a4dbba39ff2d0e9a29a2f5f6dce5b8ae,eblocker-ui,"retain until replacement parity; inventoried, not semantically certified",R5 UI foundation then R8 screen parity,contract + feature + upgrade tests; no deletion before evidence
eblocker-ui/src/dashboard/app/service/card/card-availability.service.js,f60bd6f56809264350b63aee4db430dac4e90aac,eblocker-ui,"retain until replacement parity; inventoried, not semantically certified",R5 UI foundation then R8 screen parity,contract + feature + upgrade tests; no deletion before evidence
eblocker-ui/src/dashboard/app/service/card/card.service.js,2fcf3c7cbf44333a79e37c64bf99520a53b997fc,eblocker-ui,"retain until replacement parity; inventoried, not semantically certified",R5 UI foundation then R8 screen parity,contract + feature + upgrade tests; no deletion before evidence
eblocker-ui/src/dashboard/app/service/card/card.service.spec.js,ab221b632a7502237341d09d9750c99c79c3952e,eblocker-ui,"retain until replacement parity; inventoried, not semantically certified",R5 UI foundation then R8 screen parity,contract + feature + upgrade tests; no deletion before evidence
eblocker-ui/src/dashboard/app/service/cloaking/CloakingService.js,7be528bd4501820f6c928bedef3a01dc8e986695,eblocker-ui,"retain until replacement parity; inventoried, not semantically certified",R5 UI foundation then R8 screen parity,contract + feature + upgrade tests; no deletion before evidence
eblocker-ui/src/dashboard/app/service/connectionTest/ConnectionTestService.js,4988f17dfa6e0b402ebc04f2a418a26bb88d75ca,eblocker-ui,"retain until replacement parity; inventoried, not semantically certified",R5 UI foundation then R8 screen parity,contract + feature + upgrade tests; no deletion before evidence
eblocker-ui/src/dashboard/app/service/connectionTest/ConnectionTestService.spec.js,01a5cb63455354e448dfec2548f8adbd841aaff7,eblocker-ui,"retain until replacement parity; inventoried, not semantically certified",R5 UI foundation then R8 screen parity,contract + feature + upgrade tests; no deletion before evidence
eblocker-ui/src/dashboard/app/service/console/redirect.service.js,d97160d7496819a861b48fa492ba0193c7681d73,eblocker-ui,"retain until replacement parity; inventoried, not semantically certified",R5 UI foundation then R8 screen parity,contract + feature + upgrade tests; no deletion before evidence
eblocker-ui/src/dashboard/app/service/data/DataService.js,fced35ca762b9fff152965e5b95a8b04647a3345,eblocker-ui,"retain until replacement parity; inventoried, not semantically certified",R5 UI foundation then R8 screen parity,contract + feature + upgrade tests; no deletion before evidence
eblocker-ui/src/dashboard/app/service/devices/device.service.js,059ce6df9d2f19f4cb50dc531d2479051b1be622,eblocker-ui,"retain until replacement parity; inventoried, not semantically certified",R5 UI foundation then R8 screen parity,contract + feature + upgrade tests; no deletion before evidence
eblocker-ui/src/dashboard/app/service/devices/deviceSelector.service.js,d010a9c84efe95165347510c844b9f9c96453b53,eblocker-ui,"retain until replacement parity; inventoried, not semantically certified",R5 UI foundation then R8 screen parity,contract + feature + upgrade tests; no deletion before evidence
eblocker-ui/src/dashboard/app/service/devices/domainRecorder.service.js,2d6badea9f8443a999cceb739e0305b97d13774a,eblocker-ui,"retain until replacement parity; inventoried, not semantically certified",R5 UI foundation then R8 screen parity,contract + feature + upgrade tests; no deletion before evidence
eblocker-ui/src/dashboard/app/service/devices/filterStatistics.service.js,7017a5fe58280e2c66f4432c818482cccb23b45e,eblocker-ui,"retain until replacement parity; inventoried, not semantically certified",R5 UI foundation then R8 screen parity,contract + feature + upgrade tests; no deletion before evidence
eblocker-ui/src/dashboard/app/service/devices/icon.service.js,c1966ca30d2f27e9ac483b8c83371cc5031bd57b,eblocker-ui,"retain until replacement parity; inventoried, not semantically certified",R5 UI foundation then R8 screen parity,contract + feature + upgrade tests; no deletion before evidence
eblocker-ui/src/dashboard/app/service/devices/localTimestamp.service.js,f476d63365ed74b424b330b0bb3738e7aeea90f1,eblocker-ui,"retain until replacement parity; inventoried, not semantically certified",R5 UI foundation then R8 screen parity,contract + feature + upgrade tests; no deletion before evidence
eblocker-ui/src/dashboard/app/service/devices/onlineTime.service.js,93c0b63eb844676da5480bd48199ffe2377876d9,eblocker-ui,"retain until replacement parity; inventoried, not semantically certified",R5 UI foundation then R8 screen parity,contract + feature + upgrade tests; no deletion before evidence
eblocker-ui/src/dashboard/app/service/devices/pause.service.js,7eccc5f7a00e30802325d5bfaff025876d8444eb,eblocker-ui,"retain until replacement parity; inventoried, not semantically certified",R5 UI foundation then R8 screen parity,contract + feature + upgrade tests; no deletion before evidence
eblocker-ui/src/dashboard/app/service/devices/registration.service.js,847ce06e106777139e6ac139121b487d94e2c2a7,eblocker-ui,"retain until replacement parity; inventoried, not semantically certified",R5 UI foundation then R8 screen parity,contract + feature + upgrade tests; no deletion before evidence
eblocker-ui/src/dashboard/app/service/devices/ssl.service.js,8a4c38bdf43a0db52a9b5b82242ab4e215bbd66a,eblocker-ui,"retain until replacement parity; inventoried, not semantically certified",R5 UI foundation then R8 screen parity,contract + feature + upgrade tests; no deletion before evidence
eblocker-ui/src/dashboard/app/service/devices/userProfile.service.js,a417d90c16232ef0af67f0aaf32b7abc54eea5e8,eblocker-ui,"retain until replacement parity; inventoried, not semantically certified",R5 UI foundation then R8 screen parity,contract + feature + upgrade tests; no deletion before evidence
eblocker-ui/src/dashboard/app/service/dialog/DialogService.js,88ec534680f246e812bf345a8ebca7315d485c54,eblocker-ui,"retain until replacement parity; inventoried, not semantically certified",R5 UI foundation then R8 screen parity,contract + feature + upgrade tests; no deletion before evidence
eblocker-ui/src/dashboard/app/service/dns/DnsService.js,bb650e28a21af34fd7e82614c141a0edc26a18de,eblocker-ui,"retain until replacement parity; inventoried, not semantically certified",R5 UI foundation then R8 screen parity,contract + feature + upgrade tests; no deletion before evidence
eblocker-ui/src/dashboard/app/service/filter/CustomDomainFilterService.js,41d586aa82333adf6f99b0a773562222bd862b80,eblocker-ui,"retain until replacement parity; inventoried, not semantically certified",R5 UI foundation then R8 screen parity,contract + feature + upgrade tests; no deletion before evidence
eblocker-ui/src/dashboard/app/service/filter/FilterService.js,33f1554a11fd6b8a2ae875f55c8d2741b833c25b,eblocker-ui,"retain until replacement parity; inventoried, not semantically certified",R5 UI foundation then R8 screen parity,contract + feature + upgrade tests; no deletion before evidence
eblocker-ui/src/dashboard/app/service/license/license.service.js,b21597f6f9293e01e6fbdeb3e967dda2c986eb6f,eblocker-ui,"retain until replacement parity; inventoried, not semantically certified",R5 UI foundation then R8 screen parity,contract + feature + upgrade tests; no deletion before evidence
eblocker-ui/src/dashboard/app/service/logger/logger.module.js,4bc31bf387f45021ce95e87a3f0d97741580de19,eblocker-ui,"retain until replacement parity; inventoried, not semantically certified",R5 UI foundation then R8 screen parity,contract + feature + upgrade tests; no deletion before evidence
eblocker-ui/src/dashboard/app/service/message/message.service.js,9e7ae76d23f36dea52583790e885d78bb3268916,eblocker-ui,"retain until replacement parity; inventoried, not semantically certified",R5 UI foundation then R8 screen parity,contract + feature + upgrade tests; no deletion before evidence
eblocker-ui/src/dashboard/app/service/message/message.service.spec.js,b089a37e45c9ce4fa5d9adc19fb0af97d59b6b62,eblocker-ui,"retain until replacement parity; inventoried, not semantically certified",R5 UI foundation then R8 screen parity,contract + feature + upgrade tests; no deletion before evidence
eblocker-ui/src/dashboard/app/service/network/network.service.js,265bec1f2954896bafa1e4857f71598de396a7fb,eblocker-ui,"retain until replacement parity; inventoried, not semantically certified",R5 UI foundation then R8 screen parity,contract + feature + upgrade tests; no deletion before evidence
eblocker-ui/src/dashboard/app/service/security/security.module.js,59d1cbe9c9e12154112caa3c1cdbd262fbc4a598,eblocker-ui,"retain until replacement parity; inventoried, not semantically certified",R5 UI foundation then R8 screen parity,contract + feature + upgrade tests; no deletion before evidence
eblocker-ui/src/dashboard/app/service/security/security.service.js,d7620346bd2a39eeeaeb5326c288296880c7072a,eblocker-ui,"retain until replacement parity; inventoried, not semantically certified",R5 UI foundation then R8 screen parity,contract + feature + upgrade tests; no deletion before evidence
eblocker-ui/src/dashboard/app/service/service.module.js,e960568922f999486487a27ef29a93664fcd21e7,eblocker-ui,"retain until replacement parity; inventoried, not semantically certified",R5 UI foundation then R8 screen parity,contract + feature + upgrade tests; no deletion before evidence
eblocker-ui/src/dashboard/app/service/settings/settings.module.js,f5136d9d665ad7b207d74f7e575fcb181543ecbc,eblocker-ui,"retain until replacement parity; inventoried, not semantically certified",R5 UI foundation then R8 screen parity,contract + feature + upgrade tests; no deletion before evidence
eblocker-ui/src/dashboard/app/service/settings/settings.service.js,50f5a741fbb0692ca6db349ae51fc274398bf474,eblocker-ui,"retain until replacement parity; inventoried, not semantically certified",R5 UI foundation then R8 screen parity,contract + feature + upgrade tests; no deletion before evidence
eblocker-ui/src/dashboard/app/service/tor/TorService.js,5740e7f1bf607c36a1eac4dd78e8b93e0c5cf2d5,eblocker-ui,"retain until replacement parity; inventoried, not semantically certified",R5 UI foundation then R8 screen parity,contract + feature + upgrade tests; no deletion before evidence
eblocker-ui/src/dashboard/app/service/users/UserService.js,baa2c99706072ac33e2ce9eb91760dd9817ca76d,eblocker-ui,"retain until replacement parity; inventoried, not semantically certified",R5 UI foundation then R8 screen parity,contract + feature + upgrade tests; no deletion before evidence
eblocker-ui/src/dashboard/app/service/vpn/VpnHomeService.js,a770e5ecc4529f9ff7aa5e4cd21eb03fabbd274e,eblocker-ui,"retain until replacement parity; inventoried, not semantically certified",R5 UI foundation then R8 screen parity,contract + feature + upgrade tests; no deletion before evidence
eblocker-ui/src/dashboard/app/service/vpn/VpnService.js,50d31e8c3403ebc134cdd7710df8c9c6654ed2b2,eblocker-ui,"retain until replacement parity; inventoried, not semantically certified",R5 UI foundation then R8 screen parity,contract + feature + upgrade tests; no deletion before evidence
eblocker-ui/src/dashboard/app/service/whitelist/whitelist.service.js,8cb89a1432926c9d3797f4011e6411281297447c,eblocker-ui,"retain until replacement parity; inventoried, not semantically certified",R5 UI foundation then R8 screen parity,contract + feature + upgrade tests; no deletion before evidence
eblocker-ui/src/dashboard/app/service/whitelist/whitelist.service.spec.js,1b9ae2b890b23d343b295e2a0df7321aaba21284,eblocker-ui,"retain until replacement parity; inventoried, not semantically certified",R5 UI foundation then R8 screen parity,contract + feature + upgrade tests; no deletion before evidence
eblocker-ui/src/dashboard/app/service/window/ResolutionService.js,d960bcf8df404faee966e7616cb7a0ed15904fc1,eblocker-ui,"retain until replacement parity; inventoried, not semantically certified",R5 UI foundation then R8 screen parity,contract + feature + upgrade tests; no deletion before evidence
eblocker-ui/src/dashboard/app/wizard/https/https-wizard.component.html,3b0eef4bb271d9b792a4693dd12dc454ab920827,eblocker-ui,"retain until replacement parity; inventoried, not semantically certified",R5 UI foundation then R8 screen parity,contract + feature + upgrade tests; no deletion before evidence
eblocker-ui/src/dashboard/app/wizard/https/https-wizard.component.js,4bd881ab2a953d29e1fd90d4b682534c2eae45df,eblocker-ui,"retain until replacement parity; inventoried, not semantically certified",R5 UI foundation then R8 screen parity,contract + feature + upgrade tests; no deletion before evidence
eblocker-ui/src/dashboard/app/wizard/https/step-1-welcome.template.html,5a0daefce19fd623f46563019987f588470c0962,eblocker-ui,"retain until replacement parity; inventoried, not semantically certified",R5 UI foundation then R8 screen parity,contract + feature + upgrade tests; no deletion before evidence
eblocker-ui/src/dashboard/app/wizard/https/step-10-other-no-wizard.template.html,6236fb3004768d35dafc2edf7c840f73418961c8,eblocker-ui,"retain until replacement parity; inventoried, not semantically certified",R5 UI foundation then R8 screen parity,contract + feature + upgrade tests; no deletion before evidence
eblocker-ui/src/dashboard/app/wizard/https/step-2-firefox-add-cert.template.html,eab1260ef419ae3ab16e90b51dafa1d427019b14,eblocker-ui,"retain until replacement parity; inventoried, not semantically certified",R5 UI foundation then R8 screen parity,contract + feature + upgrade tests; no deletion before evidence
eblocker-ui/src/dashboard/app/wizard/https/step-3-firefox-add-os.template.html,459236e0fd9a1be1f7d4b95d2a7f2834f1e11a4b,eblocker-ui,"retain until replacement parity; inventoried, not semantically certified",R5 UI foundation then R8 screen parity,contract + feature + upgrade tests; no deletion before evidence
eblocker-ui/src/dashboard/app/wizard/https/step-4-android-add-cert.template.html,4d900bc3356ac0336f4aaa43f8493b51a102fa20,eblocker-ui,"retain until replacement parity; inventoried, not semantically certified",R5 UI foundation then R8 screen parity,contract + feature + upgrade tests; no deletion before evidence
eblocker-ui/src/dashboard/app/wizard/https/step-4-ios-add-cert.template.html,e12a809a173dc4842ad714727ace58e1b7d8c7aa,eblocker-ui,"retain until replacement parity; inventoried, not semantically certified",R5 UI foundation then R8 screen parity,contract + feature + upgrade tests; no deletion before evidence
eblocker-ui/src/dashboard/app/wizard/https/step-4-mac-download-cert.template.html,de661573c83d2b4d873077782946fd3da6b04794,eblocker-ui,"retain until replacement parity; inventoried, not semantically certified",R5 UI foundation then R8 screen parity,contract + feature + upgrade tests; no deletion before evidence
eblocker-ui/src/dashboard/app/wizard/https/step-4-win-download-cert.template.html,e01506800cfe47420314cad3cac999dbb946ee50,eblocker-ui,"retain until replacement parity; inventoried, not semantically certified",R5 UI foundation then R8 screen parity,contract + feature + upgrade tests; no deletion before evidence
eblocker-ui/src/dashboard/app/wizard/https/step-5-mac-add-cert-1.template.html,7efa86d71247a6d56e20a62033dca0a0c45a0e53,eblocker-ui,"retain until replacement parity; inventoried, not semantically certified",R5 UI foundation then R8 screen parity,contract + feature + upgrade tests; no deletion before evidence
eblocker-ui/src/dashboard/app/wizard/https/step-5-win-add-cert-1.template.html,d4af7804f56b6b29f920929b83b3212f7c1d76c9,eblocker-ui,"retain until replacement parity; inventoried, not semantically certified",R5 UI foundation then R8 screen parity,contract + feature + upgrade tests; no deletion before evidence
eblocker-ui/src/dashboard/app/wizard/https/step-6-mac-add-cert-2.template.html,53f0841a66287601f1ce65c2fa5cf8999823cb39,eblocker-ui,"retain until replacement parity; inventoried, not semantically certified",R5 UI foundation then R8 screen parity,contract + feature + upgrade tests; no deletion before evidence
eblocker-ui/src/dashboard/app/wizard/https/step-6-win-add-cert-2.template.html,170772e7338efce6b21a965502c55e24b4ea8f15,eblocker-ui,"retain until replacement parity; inventoried, not semantically certified",R5 UI foundation then R8 screen parity,contract + feature + upgrade tests; no deletion before evidence
eblocker-ui/src/dashboard/app/wizard/https/step-7-android-test-cert.template.html,d21f442247ed8652c0f6a29abf2a75e711f060a4,eblocker-ui,"retain until replacement parity; inventoried, not semantically certified",R5 UI foundation then R8 screen parity,contract + feature + upgrade tests; no deletion before evidence
eblocker-ui/src/dashboard/app/wizard/https/step-7-ios-test-cert.template.html,f7f86b900ed7524a5e3cc971903e276c1110295f,eblocker-ui,"retain until replacement parity; inventoried, not semantically certified",R5 UI foundation then R8 screen parity,contract + feature + upgrade tests; no deletion before evidence
eblocker-ui/src/dashboard/app/wizard/https/step-7-mac-test-cert.template.html,b549d7722ce6990aeb07fb61feac47000c4e4023,eblocker-ui,"retain until replacement parity; inventoried, not semantically certified",R5 UI foundation then R8 screen parity,contract + feature + upgrade tests; no deletion before evidence
eblocker-ui/src/dashboard/app/wizard/https/step-7-win-test-cert.template.html,71a58b5d92b6669cf15590a8709fe165f5f4ffa9,eblocker-ui,"retain until replacement parity; inventoried, not semantically certified",R5 UI foundation then R8 screen parity,contract + feature + upgrade tests; no deletion before evidence
eblocker-ui/src/dashboard/app/wizard/https/step-8-finish.template.html,7e69b8fdb9715c347cf3c87bc1305f8930c7ac33,eblocker-ui,"retain until replacement parity; inventoried, not semantically certified",R5 UI foundation then R8 screen parity,contract + feature + upgrade tests; no deletion before evidence
eblocker-ui/src/dashboard/app/wizard/https/step-9-already-installed.template.html,32b2051a7cac9f134f52bbf1784f9e5ca6c76c24,eblocker-ui,"retain until replacement parity; inventoried, not semantically certified",R5 UI foundation then R8 screen parity,contract + feature + upgrade tests; no deletion before evidence
eblocker-ui/src/dashboard/app/wizard/mobile/mobile-setup-wizard.component.html,1629f2c3a62c38186caa75dac1337dc767571583,eblocker-ui,"retain until replacement parity; inventoried, not semantically certified",R5 UI foundation then R8 screen parity,contract + feature + upgrade tests; no deletion before evidence
eblocker-ui/src/dashboard/app/wizard/mobile/mobile-setup-wizard.component.js,f71bb1feacebb0b301813265c29459114a65b8a6,eblocker-ui,"retain until replacement parity; inventoried, not semantically certified",R5 UI foundation then R8 screen parity,contract + feature + upgrade tests; no deletion before evidence
eblocker-ui/src/dashboard/app/wizard/mobile/mobile-setup-wizard.component.spec.js,1505fd31358ccb4190a63051935489236777e6af,eblocker-ui,"retain until replacement parity; inventoried, not semantically certified",R5 UI foundation then R8 screen parity,contract + feature + upgrade tests; no deletion before evidence
eblocker-ui/src/dashboard/app/wizard/mobile/step-1-welcome.template.html,e8b45453e6fd7f7c4ca333667d2b4a35e792213c,eblocker-ui,"retain until replacement parity; inventoried, not semantically certified",R5 UI foundation then R8 screen parity,contract + feature + upgrade tests; no deletion before evidence
eblocker-ui/src/dashboard/app/wizard/mobile/step-2-choose-os.template.html,7c290b33835c5c0fc1dc226c137fe224e0459c3d,eblocker-ui,"retain until replacement parity; inventoried, not semantically certified",R5 UI foundation then R8 screen parity,contract + feature + upgrade tests; no deletion before evidence
eblocker-ui/src/dashboard/app/wizard/mobile/step-3-install-mac.template.html,15d60e26c2e931ed5ab5bfa6fe28edb60eb0678b,eblocker-ui,"retain until replacement parity; inventoried, not semantically certified",R5 UI foundation then R8 screen parity,contract + feature + upgrade tests; no deletion before evidence
eblocker-ui/src/dashboard/app/wizard/mobile/step-3-install-windows.template.html,c855d61a1aa24abb8dd923df6397315ffce9c6d0,eblocker-ui,"retain until replacement parity; inventoried, not semantically certified",R5 UI foundation then R8 screen parity,contract + feature + upgrade tests; no deletion before evidence
eblocker-ui/src/dashboard/app/wizard/mobile/step-4-download-config-win-mac.template.html,e97d4f9b31036fe8b8f51dd198b42eed68e9cf76,eblocker-ui,"retain until replacement parity; inventoried, not semantically certified",R5 UI foundation then R8 screen parity,contract + feature + upgrade tests; no deletion before evidence
eblocker-ui/src/dashboard/app/wizard/mobile/step-4-download-install-config-android.template.html,def4559e9abb96b232c4cc76ae984e1a57d45a50,eblocker-ui,"retain until replacement parity; inventoried, not semantically certified",R5 UI foundation then R8 screen parity,contract + feature + upgrade tests; no deletion before evidence
eblocker-ui/src/dashboard/app/wizard/mobile/step-4-download-install-config-ios.template.html,7079ba4a78937bbb42a765d068ed6f5c7784e176,eblocker-ui,"retain until replacement parity; inventoried, not semantically certified",R5 UI foundation then R8 screen parity,contract + feature + upgrade tests; no deletion before evidence
eblocker-ui/src/dashboard/app/wizard/mobile/step-5-install-config-mac.template.html,44144c3bc17fe7e649b16afd614385d76a31ff31,eblocker-ui,"retain until replacement parity; inventoried, not semantically certified",R5 UI foundation then R8 screen parity,contract + feature + upgrade tests; no deletion before evidence
eblocker-ui/src/dashboard/app/wizard/mobile/step-5-install-config-win.template.html,5207bc085167d7f1fe79abcee0a2c42ba237e2a0,eblocker-ui,"retain until replacement parity; inventoried, not semantically certified",R5 UI foundation then R8 screen parity,contract + feature + upgrade tests; no deletion before evidence
eblocker-ui/src/dashboard/app/wizard/mobile/step-6-connect-android.template.html,2fff003e197a2c0747f43914ef5ef5c68acb7c87,eblocker-ui,"retain until replacement parity; inventoried, not semantically certified",R5 UI foundation then R8 screen parity,contract + feature + upgrade tests; no deletion before evidence
eblocker-ui/src/dashboard/app/wizard/mobile/step-6-connect-ios.template.html,e26350f20798373235f29aea25da782a2077784a,eblocker-ui,"retain until replacement parity; inventoried, not semantically certified",R5 UI foundation then R8 screen parity,contract + feature + upgrade tests; no deletion before evidence
eblocker-ui/src/dashboard/app/wizard/mobile/step-6-connect-mac.template.html,8afcb451a8e6aabb62684eb9cf6f999a946412c7,eblocker-ui,"retain until replacement parity; inventoried, not semantically certified",R5 UI foundation then R8 screen parity,contract + feature + upgrade tests; no deletion before evidence
eblocker-ui/src/dashboard/app/wizard/mobile/step-6-connect-win.template.html,8d50ee5ee9d401a6c0e4afa2394c59dc1b864820,eblocker-ui,"retain until replacement parity; inventoried, not semantically certified",R5 UI foundation then R8 screen parity,contract + feature + upgrade tests; no deletion before evidence
eblocker-ui/src/dashboard/app/wizard/mobile/step-7-finish.template.html,c668a202b31a3a992b5011bae003bf70f6c9db11,eblocker-ui,"retain until replacement parity; inventoried, not semantically certified",R5 UI foundation then R8 screen parity,contract + feature + upgrade tests; no deletion before evidence
eblocker-ui/src/dashboard/index.html,06db114fdeca1d8f631d1dfc1070bf2d6eefa6b5,eblocker-ui,"retain until replacement parity; inventoried, not semantically certified",R5 UI foundation then R8 screen parity,contract + feature + upgrade tests; no deletion before evidence
eblocker-ui/src/dashboard/styles/dashboard.scss,cbcf902d3bdfcad425ed4a56303e8677eb13e118,eblocker-ui,"retain until replacement parity; inventoried, not semantically certified",R5 UI foundation then R8 screen parity,contract + feature + upgrade tests; no deletion before evidence
eblocker-ui/src/img-src/README.md,7002a0f1d37d628a36b0f6a2ad4557feb462f789,eblocker-ui,"retain until replacement parity; inventoried, not semantically certified",R5 UI foundation then R8 screen parity,contract + feature + upgrade tests; no deletion before evidence
eblocker-ui/src/img-src/eBlocker_4.graffle,4a31a6539c3dd8778e84b492def50ecb5adcaf4b,eblocker-ui,"retain until replacement parity; inventoried, not semantically certified",R5 UI foundation then R8 screen parity,contract + feature + upgrade tests; no deletion before evidence
eblocker-ui/src/img/AppleCmdSymbol200px.png,7986071ecb466c4c9fed18b03e9e233d1aa6097c,eblocker-ui,"retain until replacement parity; inventoried, not semantically certified",R5 UI foundation then R8 screen parity,contract + feature + upgrade tests; no deletion before evidence
eblocker-ui/src/img/about-1.png,f23c5532a63c07260b4f7bbc77e812c30f3401d3,eblocker-ui,"retain until replacement parity; inventoried, not semantically certified",R5 UI foundation then R8 screen parity,contract + feature + upgrade tests; no deletion before evidence
eblocker-ui/src/img/eBlocker_3_black.svg,b8ad447114676683a6eb0daf80d4c46bcf98189a,eblocker-ui,"retain until replacement parity; inventoried, not semantically certified",R5 UI foundation then R8 screen parity,contract + feature + upgrade tests; no deletion before evidence
eblocker-ui/src/img/eBlocker_3_orange_black.svg,ee656f79c54c41f37b6c2d8fe83a664b624af9b5,eblocker-ui,"retain until replacement parity; inventoried, not semantically certified",R5 UI foundation then R8 screen parity,contract + feature + upgrade tests; no deletion before evidence
eblocker-ui/src/img/eBlocker_3_white.svg,200658aa37f811741a1a034ea684356cb7dc041d,eblocker-ui,"retain until replacement parity; inventoried, not semantically certified",R5 UI foundation then R8 screen parity,contract + feature + upgrade tests; no deletion before evidence
eblocker-ui/src/img/eBlocker_4_black.svg,6db468165dfba73fa6766a40f332134dd5c07909,eblocker-ui,"retain until replacement parity; inventoried, not semantically certified",R5 UI foundation then R8 screen parity,contract + feature + upgrade tests; no deletion before evidence
eblocker-ui/src/img/eBlocker_4_orange_black.svg,edd53ac5bd78140c76941f7c8e648bdee0f08da8,eblocker-ui,"retain until replacement parity; inventoried, not semantically certified",R5 UI foundation then R8 screen parity,contract + feature + upgrade tests; no deletion before evidence
eblocker-ui/src/img/eBlocker_4_white.svg,0bed322bdfe62b3d4eafab96d243ded2a785fe1b,eblocker-ui,"retain until replacement parity; inventoried, not semantically certified",R5 UI foundation then R8 screen parity,contract + feature + upgrade tests; no deletion before evidence
eblocker-ui/src/img/eBlocker_icon_white.svg,ec9cd15bad2a72aa79d3f238abf74ec99769c5d3,eblocker-ui,"retain until replacement parity; inventoried, not semantically certified",R5 UI foundation then R8 screen parity,contract + feature + upgrade tests; no deletion before evidence
eblocker-ui/src/img/eBlocker_white.svg,0befaa5836a5b11c1cec4d5cc08a8a39288ebf3b,eblocker-ui,"retain until replacement parity; inventoried, not semantically certified",R5 UI foundation then R8 screen parity,contract + feature + upgrade tests; no deletion before evidence
eblocker-ui/src/img/eblocker-beta-feature.svg,2da3baf101b6984ee87178296edb96cc387dafbf,eblocker-ui,"retain until replacement parity; inventoried, not semantically certified",R5 UI foundation then R8 screen parity,contract + feature + upgrade tests; no deletion before evidence
eblocker-ui/src/img/eblocker-icon-44x44.png,87c24abb3e75ffd9eab3c154c6271ee7fd957231,eblocker-ui,"retain until replacement parity; inventoried, not semantically certified",R5 UI foundation then R8 screen parity,contract + feature + upgrade tests; no deletion before evidence
eblocker-ui/src/img/eblocker-icon-50x50.png,f4c3734bc301b54906c210771ef5a53129c0743c,eblocker-ui,"retain until replacement parity; inventoried, not semantically certified",R5 UI foundation then R8 screen parity,contract + feature + upgrade tests; no deletion before evidence
eblocker-ui/src/img/eblocker_breit_512.png,4915add6cad2afc04d4b5d27f2b568547298f24f,eblocker-ui,"retain until replacement parity; inventoried, not semantically certified",R5 UI foundation then R8 screen parity,contract + feature + upgrade tests; no deletion before evidence
eblocker-ui/src/img/fav/android-chrome-192x192.png,bb54a70a4c977d3e90a1597d9d4bd2ee8a9405b1,eblocker-ui,"retain until replacement parity; inventoried, not semantically certified",R5 UI foundation then R8 screen parity,contract + feature + upgrade tests; no deletion before evidence
eblocker-ui/src/img/fav/android-chrome-512x512.png,0bfd28eddc7fcc99cebf06e5129e00a0be3a8a35,eblocker-ui,"retain until replacement parity; inventoried, not semantically certified",R5 UI foundation then R8 screen parity,contract + feature + upgrade tests; no deletion before evidence
eblocker-ui/src/img/fav/apple-touch-icon.png,29b05f697a9cd1534af133cc0a5c938f0e8db87e,eblocker-ui,"retain until replacement parity; inventoried, not semantically certified",R5 UI foundation then R8 screen parity,contract + feature + upgrade tests; no deletion before evidence
eblocker-ui/src/img/fav/browserconfig.xml,66d53910f2d0159d65dd5afecc762e74a9bdf8a5,eblocker-ui,"retain until replacement parity; inventoried, not semantically certified",R5 UI foundation then R8 screen parity,contract + feature + upgrade tests; no deletion before evidence
eblocker-ui/src/img/fav/favicon-16x16.png,24a7df1a31228c7e7dcd706f605224cf9850c7c5,eblocker-ui,"retain until replacement parity; inventoried, not semantically certified",R5 UI foundation then R8 screen parity,contract + feature + upgrade tests; no deletion before evidence
eblocker-ui/src/img/fav/favicon-32x32.png,7aa1635f698aea8115545643c60fecfba2b5b897,eblocker-ui,"retain until replacement parity; inventoried, not semantically certified",R5 UI foundation then R8 screen parity,contract + feature + upgrade tests; no deletion before evidence
eblocker-ui/src/img/fav/favicon.ico,7bf86db3f537e0ce648e4bdca0658e4fe055efc7,eblocker-ui,"retain until replacement parity; inventoried, not semantically certified",R5 UI foundation then R8 screen parity,contract + feature + upgrade tests; no deletion before evidence
eblocker-ui/src/img/fav/mstile-150x150.png,a08fb19cbddbcaced3475051bdcd129056b1fc98,eblocker-ui,"retain until replacement parity; inventoried, not semantically certified",R5 UI foundation then R8 screen parity,contract + feature + upgrade tests; no deletion before evidence
eblocker-ui/src/img/fav/safari-pinned-tab.svg,f7c089bc7d03805bd8b58510be59f5bf89fb2738,eblocker-ui,"retain until replacement parity; inventoried, not semantically certified",R5 UI foundation then R8 screen parity,contract + feature + upgrade tests; no deletion before evidence
eblocker-ui/src/img/fav/site.webmanifest,10ace50bc6207d527ed8bb74407057030b5885ee,eblocker-ui,"retain until replacement parity; inventoried, not semantically certified",R5 UI foundation then R8 screen parity,contract + feature + upgrade tests; no deletion before evidence
eblocker-ui/src/img/flags/ad.svg,07ae7e0c67422d131c5fbd3e1a91c95946adce6c,eblocker-ui,"retain until replacement parity; inventoried, not semantically certified",R5 UI foundation then R8 screen parity,contract + feature + upgrade tests; no deletion before evidence
eblocker-ui/src/img/flags/ae.svg,ef6473002d6755545ae85f24d1ac3e49a41f82bc,eblocker-ui,"retain until replacement parity; inventoried, not semantically certified",R5 UI foundation then R8 screen parity,contract + feature + upgrade tests; no deletion before evidence
eblocker-ui/src/img/flags/af.svg,95f38b76d711e0e5f43e569c5573ec37b6a0d8e1,eblocker-ui,"retain until replacement parity; inventoried, not semantically certified",R5 UI foundation then R8 screen parity,contract + feature + upgrade tests; no deletion before evidence
eblocker-ui/src/img/flags/ag.svg,f6a9ad4bca5af7ef64d0f57998bc710c58aeb7f3,eblocker-ui,"retain until replacement parity; inventoried, not semantically certified",R5 UI foundation then R8 screen parity,contract + feature + upgrade tests; no deletion before evidence
eblocker-ui/src/img/flags/ai.svg,8cbe796817515dd052e859d586190dedbde88190,eblocker-ui,"retain until replacement parity; inventoried, not semantically certified",R5 UI foundation then R8 screen parity,contract + feature + upgrade tests; no deletion before evidence
eblocker-ui/src/img/flags/al.svg,884669601184e46d758a81cd14a7f73841e51519,eblocker-ui,"retain until replacement parity; inventoried, not semantically certified",R5 UI foundation then R8 screen parity,contract + feature + upgrade tests; no deletion before evidence
eblocker-ui/src/img/flags/am.svg,046d22f9c883cd75a36f4bd4e6fb506b5530640d,eblocker-ui,"retain until replacement parity; inventoried, not semantically certified",R5 UI foundation then R8 screen parity,contract + feature + upgrade tests; no deletion before evidence
eblocker-ui/src/img/flags/an.svg,fe7467b76c134efb68db4f031239039377f88b77,eblocker-ui,"retain until replacement parity; inventoried, not semantically certified",R5 UI foundation then R8 screen parity,contract + feature + upgrade tests; no deletion before evidence
eblocker-ui/src/img/flags/ao.svg,32b49ea9ef7343304d6a3634ac862116bc5f49d1,eblocker-ui,"retain until replacement parity; inventoried, not semantically certified",R5 UI foundation then R8 screen parity,contract + feature + upgrade tests; no deletion before evidence
eblocker-ui/src/img/flags/aq.svg,656c8b79bbedb624aa05240b29d5e6418239aca5,eblocker-ui,"retain until replacement parity; inventoried, not semantically certified",R5 UI foundation then R8 screen parity,contract + feature + upgrade tests; no deletion before evidence
eblocker-ui/src/img/flags/ar.svg,6750068ed60cca1bb905b0e356ca0615988ee37e,eblocker-ui,"retain until replacement parity; inventoried, not semantically certified",R5 UI foundation then R8 screen parity,contract + feature + upgrade tests; no deletion before evidence
eblocker-ui/src/img/flags/as.svg,3bdc5bccd6cdb719b06e0af19265ec87ccd7d273,eblocker-ui,"retain until replacement parity; inventoried, not semantically certified",R5 UI foundation then R8 screen parity,contract + feature + upgrade tests; no deletion before evidence
eblocker-ui/src/img/flags/at.svg,0e45da94a3d8ca51ab647d29daf9cb244f3d4e3a,eblocker-ui,"retain until replacement parity; inventoried, not semantically certified",R5 UI foundation then R8 screen parity,contract + feature + upgrade tests; no deletion before evidence
eblocker-ui/src/img/flags/au.svg,cd823e1e481794cb8db7c41139b51608d88af217,eblocker-ui,"retain until replacement parity; inventoried, not semantically certified",R5 UI foundation then R8 screen parity,contract + feature + upgrade tests; no deletion before evidence
eblocker-ui/src/img/flags/aw.svg,7e7087dcd6003a5005741bdac6002c82fdf5329d,eblocker-ui,"retain until replacement parity; inventoried, not semantically certified",R5 UI foundation then R8 screen parity,contract + feature + upgrade tests; no deletion before evidence
eblocker-ui/src/img/flags/ax.svg,fa9417eab3b31cd8cd024d73453899129174e991,eblocker-ui,"retain until replacement parity; inventoried, not semantically certified",R5 UI foundation then R8 screen parity,contract + feature + upgrade tests; no deletion before evidence
eblocker-ui/src/img/flags/az.svg,f563b60325776ab2f630a497a771a59a2ef5b9c7,eblocker-ui,"retain until replacement parity; inventoried, not semantically certified",R5 UI foundation then R8 screen parity,contract + feature + upgrade tests; no deletion before evidence
eblocker-ui/src/img/flags/ba.svg,32ad8ea229c73195ce3aaddf3bf63931dec9c09f,eblocker-ui,"retain until replacement parity; inventoried, not semantically certified",R5 UI foundation then R8 screen parity,contract + feature + upgrade tests; no deletion before evidence
eblocker-ui/src/img/flags/bb.svg,da8972eb4ff2c3f7fd808960cc59b4d2b65fd85e,eblocker-ui,"retain until replacement parity; inventoried, not semantically certified",R5 UI foundation then R8 screen parity,contract + feature + upgrade tests; no deletion before evidence
eblocker-ui/src/img/flags/bd.svg,df9a6d81813cecd1c158da006ed9b53756ab13e1,eblocker-ui,"retain until replacement parity; inventoried, not semantically certified",R5 UI foundation then R8 screen parity,contract + feature + upgrade tests; no deletion before evidence
eblocker-ui/src/img/flags/be.svg,4fd48dff5e567b7ab18292e67a3685fad6c20aeb,eblocker-ui,"retain until replacement parity; inventoried, not semantically certified",R5 UI foundation then R8 screen parity,contract + feature + upgrade tests; no deletion before evidence
eblocker-ui/src/img/flags/bf.svg,46061b9bb52af7ac4eed63e5fb785dd2992da965,eblocker-ui,"retain until replacement parity; inventoried, not semantically certified",R5 UI foundation then R8 screen parity,contract + feature + upgrade tests; no deletion before evidence
eblocker-ui/src/img/flags/bg.svg,bad27bb72ce218d65e2978666aa8d326852f6b94,eblocker-ui,"retain until replacement parity; inventoried, not semantically certified",R5 UI foundation then R8 screen parity,contract + feature + upgrade tests; no deletion before evidence
eblocker-ui/src/img/flags/bh.svg,42dda2ce257781ca4dcfddc516a7712fcd0d075e,eblocker-ui,"retain until replacement parity; inventoried, not semantically certified",R5 UI foundation then R8 screen parity,contract + feature + upgrade tests; no deletion before evidence
eblocker-ui/src/img/flags/bi.svg,dc0e0e75a604d2386ed63b74818c5857a5f3a154,eblocker-ui,"retain until replacement parity; inventoried, not semantically certified",R5 UI foundation then R8 screen parity,contract + feature + upgrade tests; no deletion before evidence
eblocker-ui/src/img/flags/bj.svg,a626289718deb30e126a3aabd17f2090fbffed04,eblocker-ui,"retain until replacement parity; inventoried, not semantically certified",R5 UI foundation then R8 screen parity,contract + feature + upgrade tests; no deletion before evidence
eblocker-ui/src/img/flags/bl.svg,db651fc39a225cd77f500baab20a08a908bb75b9,eblocker-ui,"retain until replacement parity; inventoried, not semantically certified",R5 UI foundation then R8 screen parity,contract + feature + upgrade tests; no deletion before evidence
eblocker-ui/src/img/flags/bm.svg,b7c79f261d7e55a08c75394e088b09b3e806870d,eblocker-ui,"retain until replacement parity; inventoried, not semantically certified",R5 UI foundation then R8 screen parity,contract + feature + upgrade tests; no deletion before evidence
eblocker-ui/src/img/flags/bn.svg,109576c57c93333e0304314e6301b052dc1aabe7,eblocker-ui,"retain until replacement parity; inventoried, not semantically certified",R5 UI foundation then R8 screen parity,contract + feature + upgrade tests; no deletion before evidence
eblocker-ui/src/img/flags/bo.svg,c443ec514249a605f62f6dd6c1d8472b8338a585,eblocker-ui,"retain until replacement parity; inventoried, not semantically certified",R5 UI foundation then R8 screen parity,contract + feature + upgrade tests; no deletion before evidence
eblocker-ui/src/img/flags/bq.svg,0a7b5f829bf95130415104ab9db82958116e2afb,eblocker-ui,"retain until replacement parity; inventoried, not semantically certified",R5 UI foundation then R8 screen parity,contract + feature + upgrade tests; no deletion before evidence
eblocker-ui/src/img/flags/br.svg,c0445bad537eec18edf61d546b9dae926bde7762,eblocker-ui,"retain until replacement parity; inventoried, not semantically certified",R5 UI foundation then R8 screen parity,contract + feature + upgrade tests; no deletion before evidence
eblocker-ui/src/img/flags/bs.svg,321eb19abb28280b36a2f917c12cc164c2960a94,eblocker-ui,"retain until replacement parity; inventoried, not semantically certified",R5 UI foundation then R8 screen parity,contract + feature + upgrade tests; no deletion before evidence
eblocker-ui/src/img/flags/bt.svg,05df9c898d7114958598a230d5367b703193b74f,eblocker-ui,"retain until replacement parity; inventoried, not semantically certified",R5 UI foundation then R8 screen parity,contract + feature + upgrade tests; no deletion before evidence
eblocker-ui/src/img/flags/bv.svg,a62e60dc7dbb6b523797b0191b7717f7c920940e,eblocker-ui,"retain until replacement parity; inventoried, not semantically certified",R5 UI foundation then R8 screen parity,contract + feature + upgrade tests; no deletion before evidence
eblocker-ui/src/img/flags/bw.svg,ed161bf7af2bca425e5de280d9df5cbb384fde09,eblocker-ui,"retain until replacement parity; inventoried, not semantically certified",R5 UI foundation then R8 screen parity,contract + feature + upgrade tests; no deletion before evidence
eblocker-ui/src/img/flags/by.svg,bfb0f64f8cde724bd2662ffff697544ba5c83bdf,eblocker-ui,"retain until replacement parity; inventoried, not semantically certified",R5 UI foundation then R8 screen parity,contract + feature + upgrade tests; no deletion before evidence
eblocker-ui/src/img/flags/bz.svg,440fd9d4057f87503c98033e4ba99f55a516d3f3,eblocker-ui,"retain until replacement parity; inventoried, not semantically certified",R5 UI foundation then R8 screen parity,contract + feature + upgrade tests; no deletion before evidence
eblocker-ui/src/img/flags/ca.svg,fb542b029fadb1af4ffbfd5e2903a96c6aae5c9c,eblocker-ui,"retain until replacement parity; inventoried, not semantically certified",R5 UI foundation then R8 screen parity,contract + feature + upgrade tests; no deletion before evidence
eblocker-ui/src/img/flags/cc.svg,0e44596522f9bcfe0be9afa82652f986704ed9c7,eblocker-ui,"retain until replacement parity; inventoried, not semantically certified",R5 UI foundation then R8 screen parity,contract + feature + upgrade tests; no deletion before evidence
eblocker-ui/src/img/flags/cd.svg,d8931c247cda079063797c731dadf37530e4dc91,eblocker-ui,"retain until replacement parity; inventoried, not semantically certified",R5 UI foundation then R8 screen parity,contract + feature + upgrade tests; no deletion before evidence
eblocker-ui/src/img/flags/cf.svg,8a67616ea8ee2ebc592734e922c229f0a000b11a,eblocker-ui,"retain until replacement parity; inventoried, not semantically certified",R5 UI foundation then R8 screen parity,contract + feature + upgrade tests; no deletion before evidence
eblocker-ui/src/img/flags/cg.svg,f37bff80962c832de7aebb68152c5ac6dda8133a,eblocker-ui,"retain until replacement parity; inventoried, not semantically certified",R5 UI foundation then R8 screen parity,contract + feature + upgrade tests; no deletion before evidence
eblocker-ui/src/img/flags/ch.svg,61577029688d4060dce77adb2800a96e01fcce33,eblocker-ui,"retain until replacement parity; inventoried, not semantically certified",R5 UI foundation then R8 screen parity,contract + feature + upgrade tests; no deletion before evidence
eblocker-ui/src/img/flags/ci.svg,6b4f66e50cc469ab0bb8fd8439449e0a9f50277c,eblocker-ui,"retain until replacement parity; inventoried, not semantically certified",R5 UI foundation then R8 screen parity,contract + feature + upgrade tests; no deletion before evidence
eblocker-ui/src/img/flags/ck.svg,f3ce1afaa5118c0587f6a4a377f22cc99799cc1d,eblocker-ui,"retain until replacement parity; inventoried, not semantically certified",R5 UI foundation then R8 screen parity,contract + feature + upgrade tests; no deletion before evidence
eblocker-ui/src/img/flags/cl.svg,63ee47c09bdb4ba53b91bdcdbe0963db0676f793,eblocker-ui,"retain until replacement parity; inventoried, not semantically certified",R5 UI foundation then R8 screen parity,contract + feature + upgrade tests; no deletion before evidence
eblocker-ui/src/img/flags/cm.svg,1bef2f8382e285e551f8c94e4fe90b61a9f041b9,eblocker-ui,"retain until replacement parity; inventoried, not semantically certified",R5 UI foundation then R8 screen parity,contract + feature + upgrade tests; no deletion before evidence
eblocker-ui/src/img/flags/cn.svg,43814764a59ce54f635b47d0680d845df3354cc7,eblocker-ui,"retain until replacement parity; inventoried, not semantically certified",R5 UI foundation then R8 screen parity,contract + feature + upgrade tests; no deletion before evidence
eblocker-ui/src/img/flags/co.svg,671f0a36287cbade174bce8fab434d0f8e9785b1,eblocker-ui,"retain until replacement parity; inventoried, not semantically certified",R5 UI foundation then R8 screen parity,contract + feature + upgrade tests; no deletion before evidence
eblocker-ui/src/img/flags/cr.svg,ca6d24fdaec855459d06844d09a659db2a493e2f,eblocker-ui,"retain until replacement parity; inventoried, not semantically certified",R5 UI foundation then R8 screen parity,contract + feature + upgrade tests; no deletion before evidence
eblocker-ui/src/img/flags/cu.svg,0e7c32365dc71c6164fdf92889bad1548e697111,eblocker-ui,"retain until replacement parity; inventoried, not semantically certified",R5 UI foundation then R8 screen parity,contract + feature + upgrade tests; no deletion before evidence
eblocker-ui/src/img/flags/cv.svg,bf9427ba97360bd0b502078fca07863d03f9688e,eblocker-ui,"retain until replacement parity; inventoried, not semantically certified",R5 UI foundation then R8 screen parity,contract + feature + upgrade tests; no deletion before evidence
eblocker-ui/src/img/flags/cw.svg,dce07cf36ad0c978911ad353a7f2c6df4f3d60f5,eblocker-ui,"retain until replacement parity; inventoried, not semantically certified",R5 UI foundation then R8 screen parity,contract + feature + upgrade tests; no deletion before evidence
eblocker-ui/src/img/flags/cx.svg,53f0ee818c4e1a492e02f370ef292caf681ba09a,eblocker-ui,"retain until replacement parity; inventoried, not semantically certified",R5 UI foundation then R8 screen parity,contract + feature + upgrade tests; no deletion before evidence
eblocker-ui/src/img/flags/cy.svg,aa46cda2ced23300ba1aa29c4584298b742e0333,eblocker-ui,"retain until replacement parity; inventoried, not semantically certified",R5 UI foundation then R8 screen parity,contract + feature + upgrade tests; no deletion before evidence
eblocker-ui/src/img/flags/cz.svg,236c4ba61a72d4be8f6b92d823c6f8c48460438a,eblocker-ui,"retain until replacement parity; inventoried, not semantically certified",R5 UI foundation then R8 screen parity,contract + feature + upgrade tests; no deletion before evidence
eblocker-ui/src/img/flags/de.svg,344d6c93819fe89f7812f5502e499e1631878c57,eblocker-ui,"retain until replacement parity; inventoried, not semantically certified",R5 UI foundation then R8 screen parity,contract + feature + upgrade tests; no deletion before evidence
eblocker-ui/src/img/flags/dj.svg,eb23800ef9ac70f5d01a1fe12165789154e2414e,eblocker-ui,"retain until replacement parity; inventoried, not semantically certified",R5 UI foundation then R8 screen parity,contract + feature + upgrade tests; no deletion before evidence
eblocker-ui/src/img/flags/dk.svg,b29f33168d56a26831935737514fdaca96254d83,eblocker-ui,"retain until replacement parity; inventoried, not semantically certified",R5 UI foundation then R8 screen parity,contract + feature + upgrade tests; no deletion before evidence
eblocker-ui/src/img/flags/dm.svg,b060f6fc1dd5a6e977f83127c9b798c1699cc289,eblocker-ui,"retain until replacement parity; inventoried, not semantically certified",R5 UI foundation then R8 screen parity,contract + feature + upgrade tests; no deletion before evidence
eblocker-ui/src/img/flags/do.svg,2923855bc6ae3cf586bc2a8564a14e918dc7bc7a,eblocker-ui,"retain until replacement parity; inventoried, not semantically certified",R5 UI foundation then R8 screen parity,contract + feature + upgrade tests; no deletion before evidence
eblocker-ui/src/img/flags/dz.svg,9971ec60f9e2212ccc38e2aefed3d8595591dc69,eblocker-ui,"retain until replacement parity; inventoried, not semantically certified",R5 UI foundation then R8 screen parity,contract + feature + upgrade tests; no deletion before evidence
eblocker-ui/src/img/flags/ec.svg,01ef340566546cfd7bba2f8e75190809d9b1055d,eblocker-ui,"retain until replacement parity; inventoried, not semantically certified",R5 UI foundation then R8 screen parity,contract + feature + upgrade tests; no deletion before evidence
eblocker-ui/src/img/flags/ee.svg,e4eead4b3d9ba03fe14a2e21674dbf6cb5ef435a,eblocker-ui,"retain until replacement parity; inventoried, not semantically certified",R5 UI foundation then R8 screen parity,contract + feature + upgrade tests; no deletion before evidence
eblocker-ui/src/img/flags/eg.svg,d4bed74b22450709e85aa39c00db19b7c230c445,eblocker-ui,"retain until replacement parity; inventoried, not semantically certified",R5 UI foundation then R8 screen parity,contract + feature + upgrade tests; no deletion before evidence
eblocker-ui/src/img/flags/eh.svg,efdd83b07edef8f2a8219ec3f8d1c9434db647c8,eblocker-ui,"retain until replacement parity; inventoried, not semantically certified",R5 UI foundation then R8 screen parity,contract + feature + upgrade tests; no deletion before evidence
eblocker-ui/src/img/flags/er.svg,4a2b17c965ab5b90dfd4c675d9c5f45079efc172,eblocker-ui,"retain until replacement parity; inventoried, not semantically certified",R5 UI foundation then R8 screen parity,contract + feature + upgrade tests; no deletion before evidence
eblocker-ui/src/img/flags/es.svg,3a9dcd2a49da6a9224ae1c1c750114d32665e9f4,eblocker-ui,"retain until replacement parity; inventoried, not semantically certified",R5 UI foundation then R8 screen parity,contract + feature + upgrade tests; no deletion before evidence
eblocker-ui/src/img/flags/et.svg,09e5d3d090caa2668fcd9b97bc0c178a1718ab73,eblocker-ui,"retain until replacement parity; inventoried, not semantically certified",R5 UI foundation then R8 screen parity,contract + feature + upgrade tests; no deletion before evidence
eblocker-ui/src/img/flags/eu.svg,4cf8a666e64d997f1160175b2fac7511134c8d29,eblocker-ui,"retain until replacement parity; inventoried, not semantically certified",R5 UI foundation then R8 screen parity,contract + feature + upgrade tests; no deletion before evidence
eblocker-ui/src/img/flags/fi.svg,a7b58e28a0fb4bc86c8b6031249d3c135bd02d1a,eblocker-ui,"retain until replacement parity; inventoried, not semantically certified",R5 UI foundation then R8 screen parity,contract + feature + upgrade tests; no deletion before evidence
eblocker-ui/src/img/flags/fj.svg,9f5e2a57d335ef3c604bd19264ce889ec2fcf82a,eblocker-ui,"retain until replacement parity; inventoried, not semantically certified",R5 UI foundation then R8 screen parity,contract + feature + upgrade tests; no deletion before evidence
eblocker-ui/src/img/flags/fk.svg,7864f542e689ce1ee875088131521143430b1875,eblocker-ui,"retain until replacement parity; inventoried, not semantically certified",R5 UI foundation then R8 screen parity,contract + feature + upgrade tests; no deletion before evidence
eblocker-ui/src/img/flags/fm.svg,e9d1f666ab018bf3cbbfd22b1a5a915fd9d9181f,eblocker-ui,"retain until replacement parity; inventoried, not semantically certified",R5 UI foundation then R8 screen parity,contract + feature + upgrade tests; no deletion before evidence
eblocker-ui/src/img/flags/fo.svg,d22c0cbf1646c8b19895e98f9a92d53f695e0f54,eblocker-ui,"retain until replacement parity; inventoried, not semantically certified",R5 UI foundation then R8 screen parity,contract + feature + upgrade tests; no deletion before evidence
eblocker-ui/src/img/flags/fr.svg,b17c8ad7c3c8b4a4b589e9f2b65015665c07d850,eblocker-ui,"retain until replacement parity; inventoried, not semantically certified",R5 UI foundation then R8 screen parity,contract + feature + upgrade tests; no deletion before evidence
eblocker-ui/src/img/flags/ga.svg,1c7fdd337344f728f92cef9c0b8cd120290b70d3,eblocker-ui,"retain until replacement parity; inventoried, not semantically certified",R5 UI foundation then R8 screen parity,contract + feature + upgrade tests; no deletion before evidence
eblocker-ui/src/img/flags/gb-eng.svg,7fa48fa847759e4f2432afb719fe8a80c558e053,eblocker-ui,"retain until replacement parity; inventoried, not semantically certified",R5 UI foundation then R8 screen parity,contract + feature + upgrade tests; no deletion before evidence
eblocker-ui/src/img/flags/gb-nir.svg,8c2655188840c812786a9cf0a3a2a124ef79dca3,eblocker-ui,"retain until replacement parity; inventoried, not semantically certified",R5 UI foundation then R8 screen parity,contract + feature + upgrade tests; no deletion before evidence
eblocker-ui/src/img/flags/gb-sct.svg,5e47f073b5a3602a65305f605b748f3aae9a873f,eblocker-ui,"retain until replacement parity; inventoried, not semantically certified",R5 UI foundation then R8 screen parity,contract + feature + upgrade tests; no deletion before evidence
eblocker-ui/src/img/flags/gb-wls.svg,59b418110d79bedae65e32c97245a5344bdf711c,eblocker-ui,"retain until replacement parity; inventoried, not semantically certified",R5 UI foundation then R8 screen parity,contract + feature + upgrade tests; no deletion before evidence
eblocker-ui/src/img/flags/gb.svg,7296592e3fda1a71bf1865343489c19bd2f4670e,eblocker-ui,"retain until replacement parity; inventoried, not semantically certified",R5 UI foundation then R8 screen parity,contract + feature + upgrade tests; no deletion before evidence
eblocker-ui/src/img/flags/gd.svg,5b0cde17d60670cf5f266d501335d8f8b0b5a4b9,eblocker-ui,"retain until replacement parity; inventoried, not semantically certified",R5 UI foundation then R8 screen parity,contract + feature + upgrade tests; no deletion before evidence
eblocker-ui/src/img/flags/ge.svg,0a9129ca21476da3f9aefa250b992b6a4d492b9c,eblocker-ui,"retain until replacement parity; inventoried, not semantically certified",R5 UI foundation then R8 screen parity,contract + feature + upgrade tests; no deletion before evidence
eblocker-ui/src/img/flags/gf.svg,25d0159b88390bef686a2b40d9201af9e8cf2675,eblocker-ui,"retain until replacement parity; inventoried, not semantically certified",R5 UI foundation then R8 screen parity,contract + feature + upgrade tests; no deletion before evidence
eblocker-ui/src/img/flags/gg.svg,4869ed6f95d4cfc69c98ad2f81cfa80e5149dbbe,eblocker-ui,"retain until replacement parity; inventoried, not semantically certified",R5 UI foundation then R8 screen parity,contract + feature + upgrade tests; no deletion before evidence
eblocker-ui/src/img/flags/gh.svg,56c18f66e5dbac467f6f995b7a64e91d64070790,eblocker-ui,"retain until replacement parity; inventoried, not semantically certified",R5 UI foundation then R8 screen parity,contract + feature + upgrade tests; no deletion before evidence
eblocker-ui/src/img/flags/gi.svg,0715e01ad8d5dd12173e42f6c1bf6245ba096d73,eblocker-ui,"retain until replacement parity; inventoried, not semantically certified",R5 UI foundation then R8 screen parity,contract + feature + upgrade tests; no deletion before evidence
eblocker-ui/src/img/flags/gl.svg,38e9b5c3b7fe1cf41fb59197bacd50c3131f0492,eblocker-ui,"retain until replacement parity; inventoried, not semantically certified",R5 UI foundation then R8 screen parity,contract + feature + upgrade tests; no deletion before evidence
eblocker-ui/src/img/flags/gm.svg,9d2ce5c4bdb7a62951dc52431386495e70b51458,eblocker-ui,"retain until replacement parity; inventoried, not semantically certified",R5 UI foundation then R8 screen parity,contract + feature + upgrade tests; no deletion before evidence
eblocker-ui/src/img/flags/gn.svg,4a3adab4d5421be2ee8cc14ff2df5fc8d6fc1228,eblocker-ui,"retain until replacement parity; inventoried, not semantically certified",R5 UI foundation then R8 screen parity,contract + feature + upgrade tests; no deletion before evidence
eblocker-ui/src/img/flags/gp.svg,b17c8ad7c3c8b4a4b589e9f2b65015665c07d850,eblocker-ui,"retain until replacement parity; inventoried, not semantically certified",R5 UI foundation then R8 screen parity,contract + feature + upgrade tests; no deletion before evidence
eblocker-ui/src/img/flags/gq.svg,9e3c9000c7c8ad8cc44c9d683e253880a8213ed5,eblocker-ui,"retain until replacement parity; inventoried, not semantically certified",R5 UI foundation then R8 screen parity,contract + feature + upgrade tests; no deletion before evidence
eblocker-ui/src/img/flags/gr.svg,5126e386757420821d216d37d0b0a17cad3d96a7,eblocker-ui,"retain until replacement parity; inventoried, not semantically certified",R5 UI foundation then R8 screen parity,contract + feature + upgrade tests; no deletion before evidence
eblocker-ui/src/img/flags/gs.svg,43b8fd680519600ae489e8a1d8f29b753a8945ce,eblocker-ui,"retain until replacement parity; inventoried, not semantically certified",R5 UI foundation then R8 screen parity,contract + feature + upgrade tests; no deletion before evidence
eblocker-ui/src/img/flags/gt.svg,0fdaa1155e0b3b84f6eace33807b5e8f6be5e3e8,eblocker-ui,"retain until replacement parity; inventoried, not semantically certified",R5 UI foundation then R8 screen parity,contract + feature + upgrade tests; no deletion before evidence
eblocker-ui/src/img/flags/gu.svg,b4885bd7b2399312d7003190cac0aca2f3d74f24,eblocker-ui,"retain until replacement parity; inventoried, not semantically certified",R5 UI foundation then R8 screen parity,contract + feature + upgrade tests; no deletion before evidence
eblocker-ui/src/img/flags/gw.svg,ee5b2aabe68d79ca37675b999799e797f291d947,eblocker-ui,"retain until replacement parity; inventoried, not semantically certified",R5 UI foundation then R8 screen parity,contract + feature + upgrade tests; no deletion before evidence
eblocker-ui/src/img/flags/gy.svg,218ecce1751b27bc0ff21a6fa80dad23e34fed1a,eblocker-ui,"retain until replacement parity; inventoried, not semantically certified",R5 UI foundation then R8 screen parity,contract + feature + upgrade tests; no deletion before evidence
eblocker-ui/src/img/flags/hk.svg,df8aefd98fa8babf6d833155c076c54acbec13ce,eblocker-ui,"retain until replacement parity; inventoried, not semantically certified",R5 UI foundation then R8 screen parity,contract + feature + upgrade tests; no deletion before evidence
eblocker-ui/src/img/flags/hm.svg,67cec54c63fb9e07a93990e590a76f342e0905e8,eblocker-ui,"retain until replacement parity; inventoried, not semantically certified",R5 UI foundation then R8 screen parity,contract + feature + upgrade tests; no deletion before evidence
eblocker-ui/src/img/flags/hn.svg,6e9bb25cb319a3a539534cc58621278a475f57f0,eblocker-ui,"retain until replacement parity; inventoried, not semantically certified",R5 UI foundation then R8 screen parity,contract + feature + upgrade tests; no deletion before evidence
eblocker-ui/src/img/flags/hr.svg,bf33cbe768f14f7a45f65c111037aab8ac1d08a8,eblocker-ui,"retain until replacement parity; inventoried, not semantically certified",R5 UI foundation then R8 screen parity,contract + feature + upgrade tests; no deletion before evidence
eblocker-ui/src/img/flags/ht.svg,4cee31418b3084991a8bd0af152d26da1b7332ab,eblocker-ui,"retain until replacement parity; inventoried, not semantically certified",R5 UI foundation then R8 screen parity,contract + feature + upgrade tests; no deletion before evidence
eblocker-ui/src/img/flags/hu.svg,cb7e5eef6f5c738d94555812e4614c10d92f5589,eblocker-ui,"retain until replacement parity; inventoried, not semantically certified",R5 UI foundation then R8 screen parity,contract + feature + upgrade tests; no deletion before evidence
eblocker-ui/src/img/flags/id.svg,4df97babceb70beec4023af6840de0c56185bd72,eblocker-ui,"retain until replacement parity; inventoried, not semantically certified",R5 UI foundation then R8 screen parity,contract + feature + upgrade tests; no deletion before evidence
eblocker-ui/src/img/flags/ie.svg,b295b50c1a0d91dfe6fc2adcbc0a781b0d189ec4,eblocker-ui,"retain until replacement parity; inventoried, not semantically certified",R5 UI foundation then R8 screen parity,contract + feature + upgrade tests; no deletion before evidence
eblocker-ui/src/img/flags/il.svg,b22f792c8d598ff56dae0c7ac394411cb0894421,eblocker-ui,"retain until replacement parity; inventoried, not semantically certified",R5 UI foundation then R8 screen parity,contract + feature + upgrade tests; no deletion before evidence
eblocker-ui/src/img/flags/im.svg,5864dc0b8e12a52ac0b1ea0381a8a924fc78d453,eblocker-ui,"retain until replacement parity; inventoried, not semantically certified",R5 UI foundation then R8 screen parity,contract + feature + upgrade tests; no deletion before evidence
eblocker-ui/src/img/flags/in.svg,7eeb5c3fa68d2c4b5487a360d60367c4fa83be7c,eblocker-ui,"retain until replacement parity; inventoried, not semantically certified",R5 UI foundation then R8 screen parity,contract + feature + upgrade tests; no deletion before evidence
eblocker-ui/src/img/flags/info.txt,800ba8773127eba0c0cc43999e4477cde57c26cf,eblocker-ui,"retain until replacement parity; inventoried, not semantically certified",R5 UI foundation then R8 screen parity,contract + feature + upgrade tests; no deletion before evidence
eblocker-ui/src/img/flags/io.svg,d5c6db5f73778160447dc7031fbc72ac3753e5b8,eblocker-ui,"retain until replacement parity; inventoried, not semantically certified",R5 UI foundation then R8 screen parity,contract + feature + upgrade tests; no deletion before evidence
eblocker-ui/src/img/flags/iq.svg,c1fb19602e1bb50e16d79ebbec2b8ffc133e635e,eblocker-ui,"retain until replacement parity; inventoried, not semantically certified",R5 UI foundation then R8 screen parity,contract + feature + upgrade tests; no deletion before evidence
eblocker-ui/src/img/flags/ir.svg,9a6feaffe676b2d97a95d83b51fa522ee23ac734,eblocker-ui,"retain until replacement parity; inventoried, not semantically certified",R5 UI foundation then R8 screen parity,contract + feature + upgrade tests; no deletion before evidence
eblocker-ui/src/img/flags/is.svg,f5c5c9aeeab9b84584dacd48c54e3ccab6a175a0,eblocker-ui,"retain until replacement parity; inventoried, not semantically certified",R5 UI foundation then R8 screen parity,contract + feature + upgrade tests; no deletion before evidence
eblocker-ui/src/img/flags/it.svg,05d58eca3e1c23ad4cd7a01d92e5639ab58ce464,eblocker-ui,"retain until replacement parity; inventoried, not semantically certified",R5 UI foundation then R8 screen parity,contract + feature + upgrade tests; no deletion before evidence
eblocker-ui/src/img/flags/je.svg,c5c18772f87644aaeca13d1b4ef49d5ec91e5fe2,eblocker-ui,"retain until replacement parity; inventoried, not semantically certified",R5 UI foundation then R8 screen parity,contract + feature + upgrade tests; no deletion before evidence
eblocker-ui/src/img/flags/jm.svg,bda8cd3d423eb2a9137dbb4ebe4d2713e67c53f4,eblocker-ui,"retain until replacement parity; inventoried, not semantically certified",R5 UI foundation then R8 screen parity,contract + feature + upgrade tests; no deletion before evidence
eblocker-ui/src/img/flags/jo.svg,a3213475227be99d229a345342302013ce2b21e5,eblocker-ui,"retain until replacement parity; inventoried, not semantically certified",R5 UI foundation then R8 screen parity,contract + feature + upgrade tests; no deletion before evidence
eblocker-ui/src/img/flags/jp.svg,ed5fd4019a353ca7df3c56a57f7876718238aa93,eblocker-ui,"retain until replacement parity; inventoried, not semantically certified",R5 UI foundation then R8 screen parity,contract + feature + upgrade tests; no deletion before evidence
eblocker-ui/src/img/flags/ke.svg,fe8fd0c633097dee46d8151b980a89a6f1dd2557,eblocker-ui,"retain until replacement parity; inventoried, not semantically certified",R5 UI foundation then R8 screen parity,contract + feature + upgrade tests; no deletion before evidence
eblocker-ui/src/img/flags/kg.svg,fba85f5343da470ec9d49f9f081ec25094cba14f,eblocker-ui,"retain until replacement parity; inventoried, not semantically certified",R5 UI foundation then R8 screen parity,contract + feature + upgrade tests; no deletion before evidence
eblocker-ui/src/img/flags/kh.svg,e48f41ebf13b9461861d096aa45c75868b3c5548,eblocker-ui,"retain until replacement parity; inventoried, not semantically certified",R5 UI foundation then R8 screen parity,contract + feature + upgrade tests; no deletion before evidence
eblocker-ui/src/img/flags/ki.svg,11b0d402b009cce149f48a968d8721066ba613d3,eblocker-ui,"retain until replacement parity; inventoried, not semantically certified",R5 UI foundation then R8 screen parity,contract + feature + upgrade tests; no deletion before evidence
eblocker-ui/src/img/flags/km.svg,b3dfb68f2819904bc4b94e7e317f85e3b4ba18d7,eblocker-ui,"retain until replacement parity; inventoried, not semantically certified",R5 UI foundation then R8 screen parity,contract + feature + upgrade tests; no deletion before evidence
eblocker-ui/src/img/flags/kn.svg,d0781611ee378e033a774d09e9713980f3d3ec2a,eblocker-ui,"retain until replacement parity; inventoried, not semantically certified",R5 UI foundation then R8 screen parity,contract + feature + upgrade tests; no deletion before evidence
eblocker-ui/src/img/flags/kp.svg,f9861416cb77140983eaacea37375a63d3b2a34e,eblocker-ui,"retain until replacement parity; inventoried, not semantically certified",R5 UI foundation then R8 screen parity,contract + feature + upgrade tests; no deletion before evidence
eblocker-ui/src/img/flags/kr.svg,ee84b6e855b2db966c40cb0e3c4b9aea5da5f6e9,eblocker-ui,"retain until replacement parity; inventoried, not semantically certified",R5 UI foundation then R8 screen parity,contract + feature + upgrade tests; no deletion before evidence
eblocker-ui/src/img/flags/kw.svg,3217d78b2ff51a1e366d2575536c9981702a0c04,eblocker-ui,"retain until replacement parity; inventoried, not semantically certified",R5 UI foundation then R8 screen parity,contract + feature + upgrade tests; no deletion before evidence
eblocker-ui/src/img/flags/ky.svg,ac1d318717482f5290b85d5de9e784524e0c3ee2,eblocker-ui,"retain until replacement parity; inventoried, not semantically certified",R5 UI foundation then R8 screen parity,contract + feature + upgrade tests; no deletion before evidence
eblocker-ui/src/img/flags/kz.svg,7949bce58a00589265c89144cd385317993f3f86,eblocker-ui,"retain until replacement parity; inventoried, not semantically certified",R5 UI foundation then R8 screen parity,contract + feature + upgrade tests; no deletion before evidence
eblocker-ui/src/img/flags/la.svg,72ba65fc41535c4ff4f5dc8c85a073b5583e6d70,eblocker-ui,"retain until replacement parity; inventoried, not semantically certified",R5 UI foundation then R8 screen parity,contract + feature + upgrade tests; no deletion before evidence
eblocker-ui/src/img/flags/lb.svg,a6b1794fb19524cffd8aa0653f3b89f91b7f675c,eblocker-ui,"retain until replacement parity; inventoried, not semantically certified",R5 UI foundation then R8 screen parity,contract + feature + upgrade tests; no deletion before evidence
eblocker-ui/src/img/flags/lc.svg,aacce3eaa6332543e460143efc5fc5a115e44202,eblocker-ui,"retain until replacement parity; inventoried, not semantically certified",R5 UI foundation then R8 screen parity,contract + feature + upgrade tests; no deletion before evidence
eblocker-ui/src/img/flags/li.svg,57ef479ac2af04188cbb43507a2a5bcbce4bc272,eblocker-ui,"retain until replacement parity; inventoried, not semantically certified",R5 UI foundation then R8 screen parity,contract + feature + upgrade tests; no deletion before evidence
eblocker-ui/src/img/flags/lk.svg,13b55928da70a38ac834f729e3a9971ce272d1ed,eblocker-ui,"retain until replacement parity; inventoried, not semantically certified",R5 UI foundation then R8 screen parity,contract + feature + upgrade tests; no deletion before evidence
eblocker-ui/src/img/flags/lr.svg,56fdc6209ef2a65c0e47163c261a501a8c13c524,eblocker-ui,"retain until replacement parity; inventoried, not semantically certified",R5 UI foundation then R8 screen parity,contract + feature + upgrade tests; no deletion before evidence
eblocker-ui/src/img/flags/ls.svg,e7bf1c2443377b5654d1f8f6ddc72fa8f7da7dc9,eblocker-ui,"retain until replacement parity; inventoried, not semantically certified",R5 UI foundation then R8 screen parity,contract + feature + upgrade tests; no deletion before evidence
eblocker-ui/src/img/flags/lt.svg,1ca1cd4bf732d46d5c6fb5f4694aff548b3c0fd1,eblocker-ui,"retain until replacement parity; inventoried, not semantically certified",R5 UI foundation then R8 screen parity,contract + feature + upgrade tests; no deletion before evidence
eblocker-ui/src/img/flags/lu.svg,d7f4a7cf309b751d2c9be72bf06349c811988b7b,eblocker-ui,"retain until replacement parity; inventoried, not semantically certified",R5 UI foundation then R8 screen parity,contract + feature + upgrade tests; no deletion before evidence
eblocker-ui/src/img/flags/lv.svg,338addd7859275f35f1e898815ca026af47fb55a,eblocker-ui,"retain until replacement parity; inventoried, not semantically certified",R5 UI foundation then R8 screen parity,contract + feature + upgrade tests; no deletion before evidence
eblocker-ui/src/img/flags/ly.svg,96ab5adf64889718845179b27e3fb6ec7415172c,eblocker-ui,"retain until replacement parity; inventoried, not semantically certified",R5 UI foundation then R8 screen parity,contract + feature + upgrade tests; no deletion before evidence
eblocker-ui/src/img/flags/ma.svg,10447a4a2cc612a633e745e93f11bda8f3978a92,eblocker-ui,"retain until replacement parity; inventoried, not semantically certified",R5 UI foundation then R8 screen parity,contract + feature + upgrade tests; no deletion before evidence
eblocker-ui/src/img/flags/mc.svg,8a4e8278ab42cf7962de08c727314b389bfee2d1,eblocker-ui,"retain until replacement parity; inventoried, not semantically certified",R5 UI foundation then R8 screen parity,contract + feature + upgrade tests; no deletion before evidence
eblocker-ui/src/img/flags/md.svg,8d5175636956c9d67910cc6274d96457489edc5e,eblocker-ui,"retain until replacement parity; inventoried, not semantically certified",R5 UI foundation then R8 screen parity,contract + feature + upgrade tests; no deletion before evidence
eblocker-ui/src/img/flags/me.svg,ed97b124dbd6856467fd06955ba65cd73577b423,eblocker-ui,"retain until replacement parity; inventoried, not semantically certified",R5 UI foundation then R8 screen parity,contract + feature + upgrade tests; no deletion before evidence
eblocker-ui/src/img/flags/mf.svg,b17c8ad7c3c8b4a4b589e9f2b65015665c07d850,eblocker-ui,"retain until replacement parity; inventoried, not semantically certified",R5 UI foundation then R8 screen parity,contract + feature + upgrade tests; no deletion before evidence
eblocker-ui/src/img/flags/mg.svg,cce2bf1fdd2ee7d39f937594063a111beef2e1bb,eblocker-ui,"retain until replacement parity; inventoried, not semantically certified",R5 UI foundation then R8 screen parity,contract + feature + upgrade tests; no deletion before evidence
eblocker-ui/src/img/flags/mh.svg,ed1680920510b3868b2dd57c071dec74882704c7,eblocker-ui,"retain until replacement parity; inventoried, not semantically certified",R5 UI foundation then R8 screen parity,contract + feature + upgrade tests; no deletion before evidence
eblocker-ui/src/img/flags/mk.svg,1bbecc77502394824c4fd48c8f1bb02e9a3e2407,eblocker-ui,"retain until replacement parity; inventoried, not semantically certified",R5 UI foundation then R8 screen parity,contract + feature + upgrade tests; no deletion before evidence
eblocker-ui/src/img/flags/ml.svg,cb2484415fc85335969b468037ec18f3a74587ab,eblocker-ui,"retain until replacement parity; inventoried, not semantically certified",R5 UI foundation then R8 screen parity,contract + feature + upgrade tests; no deletion before evidence
eblocker-ui/src/img/flags/mm.svg,ce897c952732c2af4a386e28de24343dbcf676c1,eblocker-ui,"retain until replacement parity; inventoried, not semantically certified",R5 UI foundation then R8 screen parity,contract + feature + upgrade tests; no deletion before evidence
eblocker-ui/src/img/flags/mn.svg,766d2b139ca3119bcb20cc2de2f9423fe025afe3,eblocker-ui,"retain until replacement parity; inventoried, not semantically certified",R5 UI foundation then R8 screen parity,contract + feature + upgrade tests; no deletion before evidence
eblocker-ui/src/img/flags/mo.svg,074c2e9c3b7249bfca40d7a27ce426b28e50e59d,eblocker-ui,"retain until replacement parity; inventoried, not semantically certified",R5 UI foundation then R8 screen parity,contract + feature + upgrade tests; no deletion before evidence
eblocker-ui/src/img/flags/mp.svg,0dd4c3eda9293d6b7905417ffe905054b7aaea1e,eblocker-ui,"retain until replacement parity; inventoried, not semantically certified",R5 UI foundation then R8 screen parity,contract + feature + upgrade tests; no deletion before evidence
eblocker-ui/src/img/flags/mq.svg,bde2166e5b931c11edd9e1de992f394d5383ab80,eblocker-ui,"retain until replacement parity; inventoried, not semantically certified",R5 UI foundation then R8 screen parity,contract + feature + upgrade tests; no deletion before evidence
eblocker-ui/src/img/flags/mr.svg,372e864f057e9e5f87e0f12e5cd83a9a9518bd18,eblocker-ui,"retain until replacement parity; inventoried, not semantically certified",R5 UI foundation then R8 screen parity,contract + feature + upgrade tests; no deletion before evidence
eblocker-ui/src/img/flags/ms.svg,2af2479f638f7057f5d882ca520983d4ecb1a607,eblocker-ui,"retain until replacement parity; inventoried, not semantically certified",R5 UI foundation then R8 screen parity,contract + feature + upgrade tests; no deletion before evidence
eblocker-ui/src/img/flags/mt.svg,74554ce61f91a205163bf79c950a06627e919d3f,eblocker-ui,"retain until replacement parity; inventoried, not semantically certified",R5 UI foundation then R8 screen parity,contract + feature + upgrade tests; no deletion before evidence
eblocker-ui/src/img/flags/mu.svg,8178810418441652cb86b82b13ff0d448f08d1c8,eblocker-ui,"retain until replacement parity; inventoried, not semantically certified",R5 UI foundation then R8 screen parity,contract + feature + upgrade tests; no deletion before evidence
eblocker-ui/src/img/flags/mv.svg,7ca4f38ce2a4c532dfc847683c3e257c30b9af34,eblocker-ui,"retain until replacement parity; inventoried, not semantically certified",R5 UI foundation then R8 screen parity,contract + feature + upgrade tests; no deletion before evidence
eblocker-ui/src/img/flags/mw.svg,f4475eb9c858333bea479e3802c3647fdc65416f,eblocker-ui,"retain until replacement parity; inventoried, not semantically certified",R5 UI foundation then R8 screen parity,contract + feature + upgrade tests; no deletion before evidence
eblocker-ui/src/img/flags/mx.svg,30b8f6df60547b627de0fe3e41ba34994b5df93e,eblocker-ui,"retain until replacement parity; inventoried, not semantically certified",R5 UI foundation then R8 screen parity,contract + feature + upgrade tests; no deletion before evidence
eblocker-ui/src/img/flags/my.svg,05800ff26bdde8b56f1f80b1553c987cfbaa65e0,eblocker-ui,"retain until replacement parity; inventoried, not semantically certified",R5 UI foundation then R8 screen parity,contract + feature + upgrade tests; no deletion before evidence
eblocker-ui/src/img/flags/mz.svg,e5458d9e6870c2f7d6da41021d40ed0326f53d8d,eblocker-ui,"retain until replacement parity; inventoried, not semantically certified",R5 UI foundation then R8 screen parity,contract + feature + upgrade tests; no deletion before evidence
eblocker-ui/src/img/flags/na.svg,215e648845721364f0d3647627915e8661dd5d93,eblocker-ui,"retain until replacement parity; inventoried, not semantically certified",R5 UI foundation then R8 screen parity,contract + feature + upgrade tests; no deletion before evidence
eblocker-ui/src/img/flags/nc.svg,c9abb971b213455263352a94db7b7225c2be43c8,eblocker-ui,"retain until replacement parity; inventoried, not semantically certified",R5 UI foundation then R8 screen parity,contract + feature + upgrade tests; no deletion before evidence
eblocker-ui/src/img/flags/ne.svg,5698fde6c90e0998c632eafc3d934e2d1f2e88b6,eblocker-ui,"retain until replacement parity; inventoried, not semantically certified",R5 UI foundation then R8 screen parity,contract + feature + upgrade tests; no deletion before evidence
eblocker-ui/src/img/flags/nf.svg,30fca2583e051a430d74fbd1df167ffe77f4dfce,eblocker-ui,"retain until replacement parity; inventoried, not semantically certified",R5 UI foundation then R8 screen parity,contract + feature + upgrade tests; no deletion before evidence
eblocker-ui/src/img/flags/ng.svg,3c4fa9747ced12f79494292baf2c2f82e3ae67b4,eblocker-ui,"retain until replacement parity; inventoried, not semantically certified",R5 UI foundation then R8 screen parity,contract + feature + upgrade tests; no deletion before evidence
eblocker-ui/src/img/flags/ni.svg,74d2be83283f808569c637c3efd3ccba75c88063,eblocker-ui,"retain until replacement parity; inventoried, not semantically certified",R5 UI foundation then R8 screen parity,contract + feature + upgrade tests; no deletion before evidence
eblocker-ui/src/img/flags/nl.svg,c9312567dbc38eb0116420ef01b88bdb4135b79f,eblocker-ui,"retain until replacement parity; inventoried, not semantically certified",R5 UI foundation then R8 screen parity,contract + feature + upgrade tests; no deletion before evidence
eblocker-ui/src/img/flags/no.svg,6f710de63e2dcac7a0ee3503422221690da0932f,eblocker-ui,"retain until replacement parity; inventoried, not semantically certified",R5 UI foundation then R8 screen parity,contract + feature + upgrade tests; no deletion before evidence
eblocker-ui/src/img/flags/np.svg,c0e3de692cf418cc61c4a172a492b00ca3b1e66b,eblocker-ui,"retain until replacement parity; inventoried, not semantically certified",R5 UI foundation then R8 screen parity,contract + feature + upgrade tests; no deletion before evidence
eblocker-ui/src/img/flags/nr.svg,c473707bd81e91e7050c092c656fc5f4cb88c94d,eblocker-ui,"retain until replacement parity; inventoried, not semantically certified",R5 UI foundation then R8 screen parity,contract + feature + upgrade tests; no deletion before evidence
eblocker-ui/src/img/flags/nu.svg,99859af2d1723d7bbac23d559723fe9fe6092a31,eblocker-ui,"retain until replacement parity; inventoried, not semantically certified",R5 UI foundation then R8 screen parity,contract + feature + upgrade tests; no deletion before evidence
eblocker-ui/src/img/flags/nz.svg,616df151579ec767195b982851bcd990e35d07c2,eblocker-ui,"retain until replacement parity; inventoried, not semantically certified",R5 UI foundation then R8 screen parity,contract + feature + upgrade tests; no deletion before evidence
eblocker-ui/src/img/flags/om.svg,707e5fc63ea57a54ee69fa29f3379f33408907a9,eblocker-ui,"retain until replacement parity; inventoried, not semantically certified",R5 UI foundation then R8 screen parity,contract + feature + upgrade tests; no deletion before evidence
eblocker-ui/src/img/flags/pa.svg,03e4605520c1c54b05577e91398707b1908c2f91,eblocker-ui,"retain until replacement parity; inventoried, not semantically certified",R5 UI foundation then R8 screen parity,contract + feature + upgrade tests; no deletion before evidence
eblocker-ui/src/img/flags/pe.svg,5daade4245d8745d200ba7e89207566eead73523,eblocker-ui,"retain until replacement parity; inventoried, not semantically certified",R5 UI foundation then R8 screen parity,contract + feature + upgrade tests; no deletion before evidence
eblocker-ui/src/img/flags/pf.svg,efc4cbe2043b947dc0bbc89e1f7ab67e3e14852c,eblocker-ui,"retain until replacement parity; inventoried, not semantically certified",R5 UI foundation then R8 screen parity,contract + feature + upgrade tests; no deletion before evidence
eblocker-ui/src/img/flags/pg.svg,f24f6bdf71d90316500f498e35a1d9c102447ade,eblocker-ui,"retain until replacement parity; inventoried, not semantically certified",R5 UI foundation then R8 screen parity,contract + feature + upgrade tests; no deletion before evidence
eblocker-ui/src/img/flags/ph.svg,e8858d6529765b967327fc87f312a898a8acc24a,eblocker-ui,"retain until replacement parity; inventoried, not semantically certified",R5 UI foundation then R8 screen parity,contract + feature + upgrade tests; no deletion before evidence
eblocker-ui/src/img/flags/pk.svg,96539e83301efff0ed496f3d0e1d6295a4921ff9,eblocker-ui,"retain until replacement parity; inventoried, not semantically certified",R5 UI foundation then R8 screen parity,contract + feature + upgrade tests; no deletion before evidence
eblocker-ui/src/img/flags/pl.svg,84a59500f4841e52760d2a3517c6465b0f082f7d,eblocker-ui,"retain until replacement parity; inventoried, not semantically certified",R5 UI foundation then R8 screen parity,contract + feature + upgrade tests; no deletion before evidence
eblocker-ui/src/img/flags/pm.svg,c9abb971b213455263352a94db7b7225c2be43c8,eblocker-ui,"retain until replacement parity; inventoried, not semantically certified",R5 UI foundation then R8 screen parity,contract + feature + upgrade tests; no deletion before evidence
eblocker-ui/src/img/flags/pn.svg,3b8036029999825c61ceae3db2a38feff0703f04,eblocker-ui,"retain until replacement parity; inventoried, not semantically certified",R5 UI foundation then R8 screen parity,contract + feature + upgrade tests; no deletion before evidence
eblocker-ui/src/img/flags/pr.svg,1e0205d5bac9d2b6e5f0589f14ae4713fd42f62f,eblocker-ui,"retain until replacement parity; inventoried, not semantically certified",R5 UI foundation then R8 screen parity,contract + feature + upgrade tests; no deletion before evidence
eblocker-ui/src/img/flags/ps.svg,6076ef09ee7fe65c182736c2e6dd99cfeb245d2e,eblocker-ui,"retain until replacement parity; inventoried, not semantically certified",R5 UI foundation then R8 screen parity,contract + feature + upgrade tests; no deletion before evidence
eblocker-ui/src/img/flags/pt.svg,3a2f1311473921edd60bebfee0c059a864ad0766,eblocker-ui,"retain until replacement parity; inventoried, not semantically certified",R5 UI foundation then R8 screen parity,contract + feature + upgrade tests; no deletion before evidence
eblocker-ui/src/img/flags/pw.svg,43857564dba83c825c550eb2b168dfaef7c81b89,eblocker-ui,"retain until replacement parity; inventoried, not semantically certified",R5 UI foundation then R8 screen parity,contract + feature + upgrade tests; no deletion before evidence
eblocker-ui/src/img/flags/py.svg,d3ef7fafe1337df64caad97486d6b7a6a37b2492,eblocker-ui,"retain until replacement parity; inventoried, not semantically certified",R5 UI foundation then R8 screen parity,contract + feature + upgrade tests; no deletion before evidence
eblocker-ui/src/img/flags/qa.svg,c7aab300d707ee08cff0835f8f6bdfffab18a3b0,eblocker-ui,"retain until replacement parity; inventoried, not semantically certified",R5 UI foundation then R8 screen parity,contract + feature + upgrade tests; no deletion before evidence
eblocker-ui/src/img/flags/re.svg,c9abb971b213455263352a94db7b7225c2be43c8,eblocker-ui,"retain until replacement parity; inventoried, not semantically certified",R5 UI foundation then R8 screen parity,contract + feature + upgrade tests; no deletion before evidence
eblocker-ui/src/img/flags/ro.svg,c913ff3f6e1b3795c65c2ccbfe61666c1efbaacd,eblocker-ui,"retain until replacement parity; inventoried, not semantically certified",R5 UI foundation then R8 screen parity,contract + feature + upgrade tests; no deletion before evidence
eblocker-ui/src/img/flags/rs.svg,6a5fac128a9305e404ea7e2689a4429cbcb76570,eblocker-ui,"retain until replacement parity; inventoried, not semantically certified",R5 UI foundation then R8 screen parity,contract + feature + upgrade tests; no deletion before evidence
eblocker-ui/src/img/flags/ru.svg,f7bb9828f64098a74419c5b657b25619cf0a5c75,eblocker-ui,"retain until replacement parity; inventoried, not semantically certified",R5 UI foundation then R8 screen parity,contract + feature + upgrade tests; no deletion before evidence
eblocker-ui/src/img/flags/rw.svg,872873dc3bb3614648450e7742081a5b4902c47e,eblocker-ui,"retain until replacement parity; inventoried, not semantically certified",R5 UI foundation then R8 screen parity,contract + feature + upgrade tests; no deletion before evidence
eblocker-ui/src/img/flags/sa.svg,28518e8a559e06f93764efcf00b1176aebe0604f,eblocker-ui,"retain until replacement parity; inventoried, not semantically certified",R5 UI foundation then R8 screen parity,contract + feature + upgrade tests; no deletion before evidence
eblocker-ui/src/img/flags/sb.svg,27a9ed04bd8085b6734f23565253da0fd18a7625,eblocker-ui,"retain until replacement parity; inventoried, not semantically certified",R5 UI foundation then R8 screen parity,contract + feature + upgrade tests; no deletion before evidence
eblocker-ui/src/img/flags/sc.svg,43b4cdd3fdff4bb4d013e147bc588d3e225b8382,eblocker-ui,"retain until replacement parity; inventoried, not semantically certified",R5 UI foundation then R8 screen parity,contract + feature + upgrade tests; no deletion before evidence
eblocker-ui/src/img/flags/sd.svg,bd2a4b4aa6cc6262f2265ad1723554159f09f9e8,eblocker-ui,"retain until replacement parity; inventoried, not semantically certified",R5 UI foundation then R8 screen parity,contract + feature + upgrade tests; no deletion before evidence
eblocker-ui/src/img/flags/se.svg,c8ed16e9bcefcab2fe6a4d62d8e56029ce6dcf8f,eblocker-ui,"retain until replacement parity; inventoried, not semantically certified",R5 UI foundation then R8 screen parity,contract + feature + upgrade tests; no deletion before evidence
eblocker-ui/src/img/flags/sg.svg,f2284a7355f2c4dfc47db4f4ee3a0dc61e9cdc6c,eblocker-ui,"retain until replacement parity; inventoried, not semantically certified",R5 UI foundation then R8 screen parity,contract + feature + upgrade tests; no deletion before evidence
eblocker-ui/src/img/flags/sh.svg,737a4a3e84b02eb4b459041a774a199b50037b00,eblocker-ui,"retain until replacement parity; inventoried, not semantically certified",R5 UI foundation then R8 screen parity,contract + feature + upgrade tests; no deletion before evidence
eblocker-ui/src/img/flags/si.svg,9845d01e48f4892d037e8e77f6ddc6e670ad4b60,eblocker-ui,"retain until replacement parity; inventoried, not semantically certified",R5 UI foundation then R8 screen parity,contract + feature + upgrade tests; no deletion before evidence
eblocker-ui/src/img/flags/sj.svg,6f710de63e2dcac7a0ee3503422221690da0932f,eblocker-ui,"retain until replacement parity; inventoried, not semantically certified",R5 UI foundation then R8 screen parity,contract + feature + upgrade tests; no deletion before evidence
eblocker-ui/src/img/flags/sk.svg,5d291f7a368aac947b1b142aaa3830c3a5e15cd8,eblocker-ui,"retain until replacement parity; inventoried, not semantically certified",R5 UI foundation then R8 screen parity,contract + feature + upgrade tests; no deletion before evidence
eblocker-ui/src/img/flags/sl.svg,4050254265cc5a91331d214457e4f4618c3304a8,eblocker-ui,"retain until replacement parity; inventoried, not semantically certified",R5 UI foundation then R8 screen parity,contract + feature + upgrade tests; no deletion before evidence
eblocker-ui/src/img/flags/sm.svg,6ba011664bb7ba7dbe2f9864270a7b62e7171f2b,eblocker-ui,"retain until replacement parity; inventoried, not semantically certified",R5 UI foundation then R8 screen parity,contract + feature + upgrade tests; no deletion before evidence
eblocker-ui/src/img/flags/sn.svg,52b2d3670c0c0ed038e405395ced78d9ac4adfdd,eblocker-ui,"retain until replacement parity; inventoried, not semantically certified",R5 UI foundation then R8 screen parity,contract + feature + upgrade tests; no deletion before evidence
eblocker-ui/src/img/flags/so.svg,89e2c080bb48c4be09124a63bf8c9763bcb5b6be,eblocker-ui,"retain until replacement parity; inventoried, not semantically certified",R5 UI foundation then R8 screen parity,contract + feature + upgrade tests; no deletion before evidence
eblocker-ui/src/img/flags/sr.svg,a3ebc235c7d5600cbbba31e525ac1626f514c57f,eblocker-ui,"retain until replacement parity; inventoried, not semantically certified",R5 UI foundation then R8 screen parity,contract + feature + upgrade tests; no deletion before evidence
eblocker-ui/src/img/flags/ss.svg,fd2875f946be491a7d9e4d886ea31c14f23b5d39,eblocker-ui,"retain until replacement parity; inventoried, not semantically certified",R5 UI foundation then R8 screen parity,contract + feature + upgrade tests; no deletion before evidence
eblocker-ui/src/img/flags/st.svg,d4b360162575f61737575a57e457c19b191a11bc,eblocker-ui,"retain until replacement parity; inventoried, not semantically certified",R5 UI foundation then R8 screen parity,contract + feature + upgrade tests; no deletion before evidence
eblocker-ui/src/img/flags/sv.svg,564d2e2d61e8917b100dd251423b6e294ae186c3,eblocker-ui,"retain until replacement parity; inventoried, not semantically certified",R5 UI foundation then R8 screen parity,contract + feature + upgrade tests; no deletion before evidence
eblocker-ui/src/img/flags/sx.svg,00736d8326b6ae45d604bf0957c60da816ae6022,eblocker-ui,"retain until replacement parity; inventoried, not semantically certified",R5 UI foundation then R8 screen parity,contract + feature + upgrade tests; no deletion before evidence
eblocker-ui/src/img/flags/sy.svg,90038038c990f51e4355306894c18b24d0ff330d,eblocker-ui,"retain until replacement parity; inventoried, not semantically certified",R5 UI foundation then R8 screen parity,contract + feature + upgrade tests; no deletion before evidence
eblocker-ui/src/img/flags/sz.svg,dedaaf53292474d4839e83aab8f33825d407e0e3,eblocker-ui,"retain until replacement parity; inventoried, not semantically certified",R5 UI foundation then R8 screen parity,contract + feature + upgrade tests; no deletion before evidence
eblocker-ui/src/img/flags/tc.svg,fab2d91db28b7e39b7e8eaed3d83eaf797c9766f,eblocker-ui,"retain until replacement parity; inventoried, not semantically certified",R5 UI foundation then R8 screen parity,contract + feature + upgrade tests; no deletion before evidence
eblocker-ui/src/img/flags/td.svg,c16453276bcdc55ee7005e1c4d6732ece1214013,eblocker-ui,"retain until replacement parity; inventoried, not semantically certified",R5 UI foundation then R8 screen parity,contract + feature + upgrade tests; no deletion before evidence
eblocker-ui/src/img/flags/tf.svg,d3253eca7bd686d276b58958d54c6d9957f10274,eblocker-ui,"retain until replacement parity; inventoried, not semantically certified",R5 UI foundation then R8 screen parity,contract + feature + upgrade tests; no deletion before evidence
eblocker-ui/src/img/flags/tg.svg,85dfe935b3d65b16a202eaf2894918966557f2a2,eblocker-ui,"retain until replacement parity; inventoried, not semantically certified",R5 UI foundation then R8 screen parity,contract + feature + upgrade tests; no deletion before evidence
eblocker-ui/src/img/flags/th.svg,33d9b64df24a61181897d6c26669424ef7d12bc3,eblocker-ui,"retain until replacement parity; inventoried, not semantically certified",R5 UI foundation then R8 screen parity,contract + feature + upgrade tests; no deletion before evidence
eblocker-ui/src/img/flags/tj.svg,d058b896a70a1365dbd7b92fa3a0b22805d802e4,eblocker-ui,"retain until replacement parity; inventoried, not semantically certified",R5 UI foundation then R8 screen parity,contract + feature + upgrade tests; no deletion before evidence
eblocker-ui/src/img/flags/tk.svg,484d854750bba12b7528eb0618f4dc7288b4e77b,eblocker-ui,"retain until replacement parity; inventoried, not semantically certified",R5 UI foundation then R8 screen parity,contract + feature + upgrade tests; no deletion before evidence
eblocker-ui/src/img/flags/tl.svg,47b8491333c0039354b334d37dc0cc79e5aec745,eblocker-ui,"retain until replacement parity; inventoried, not semantically certified",R5 UI foundation then R8 screen parity,contract + feature + upgrade tests; no deletion before evidence
eblocker-ui/src/img/flags/tm.svg,e7b858ccb5aa244f237376e8f587f523206c2269,eblocker-ui,"retain until replacement parity; inventoried, not semantically certified",R5 UI foundation then R8 screen parity,contract + feature + upgrade tests; no deletion before evidence
eblocker-ui/src/img/flags/tn.svg,55e4d5bb77b71e0b80b693a8300784ee8cb3818c,eblocker-ui,"retain until replacement parity; inventoried, not semantically certified",R5 UI foundation then R8 screen parity,contract + feature + upgrade tests; no deletion before evidence
eblocker-ui/src/img/flags/to.svg,50a6fb943e04fafa09e11dc147ccee71ea6bf701,eblocker-ui,"retain until replacement parity; inventoried, not semantically certified",R5 UI foundation then R8 screen parity,contract + feature + upgrade tests; no deletion before evidence
eblocker-ui/src/img/flags/tr.svg,5300199cbc611b825116adb2ea2f47035215ae06,eblocker-ui,"retain until replacement parity; inventoried, not semantically certified",R5 UI foundation then R8 screen parity,contract + feature + upgrade tests; no deletion before evidence
eblocker-ui/src/img/flags/translate/de.svg,344d6c93819fe89f7812f5502e499e1631878c57,eblocker-ui,"retain until replacement parity; inventoried, not semantically certified",R5 UI foundation then R8 screen parity,contract + feature + upgrade tests; no deletion before evidence
eblocker-ui/src/img/flags/translate/en.svg,95e707b4106cfa9b9c6bce1c6c3fa24823f0cc1d,eblocker-ui,"retain until replacement parity; inventoried, not semantically certified",R5 UI foundation then R8 screen parity,contract + feature + upgrade tests; no deletion before evidence
eblocker-ui/src/img/flags/tt.svg,4aac6793bf8fb26fb31baec39026919cf3a7ec0e,eblocker-ui,"retain until replacement parity; inventoried, not semantically certified",R5 UI foundation then R8 screen parity,contract + feature + upgrade tests; no deletion before evidence
eblocker-ui/src/img/flags/tv.svg,93ae8e57a0d624683311a8ac12d3fc2a05f33bf2,eblocker-ui,"retain until replacement parity; inventoried, not semantically certified",R5 UI foundation then R8 screen parity,contract + feature + upgrade tests; no deletion before evidence
eblocker-ui/src/img/flags/tw.svg,6b7bd1106a8205e94450c98511dce1f244a9afb9,eblocker-ui,"retain until replacement parity; inventoried, not semantically certified",R5 UI foundation then R8 screen parity,contract + feature + upgrade tests; no deletion before evidence
eblocker-ui/src/img/flags/tz.svg,1a811af123be0d205944b31eb0c34784adc5000a,eblocker-ui,"retain until replacement parity; inventoried, not semantically certified",R5 UI foundation then R8 screen parity,contract + feature + upgrade tests; no deletion before evidence
eblocker-ui/src/img/flags/ua.svg,2f68876c6a2bc863c00ca29d1e8841e10cfbf778,eblocker-ui,"retain until replacement parity; inventoried, not semantically certified",R5 UI foundation then R8 screen parity,contract + feature + upgrade tests; no deletion before evidence
eblocker-ui/src/img/flags/ug.svg,b44b45bce9a69377ada1536dd4d1c8589cf4f066,eblocker-ui,"retain until replacement parity; inventoried, not semantically certified",R5 UI foundation then R8 screen parity,contract + feature + upgrade tests; no deletion before evidence
eblocker-ui/src/img/flags/um.svg,7aab3fd91a9303449dacae6594778b5bc07769c3,eblocker-ui,"retain until replacement parity; inventoried, not semantically certified",R5 UI foundation then R8 screen parity,contract + feature + upgrade tests; no deletion before evidence
eblocker-ui/src/img/flags/un.svg,bc555022af669fe2fb4de3894374b8766fe43152,eblocker-ui,"retain until replacement parity; inventoried, not semantically certified",R5 UI foundation then R8 screen parity,contract + feature + upgrade tests; no deletion before evidence
eblocker-ui/src/img/flags/us.svg,95e707b4106cfa9b9c6bce1c6c3fa24823f0cc1d,eblocker-ui,"retain until replacement parity; inventoried, not semantically certified",R5 UI foundation then R8 screen parity,contract + feature + upgrade tests; no deletion before evidence
eblocker-ui/src/img/flags/uy.svg,9fc3e5e55a58d3582cc7de34d7be7e69fad9a366,eblocker-ui,"retain until replacement parity; inventoried, not semantically certified",R5 UI foundation then R8 screen parity,contract + feature + upgrade tests; no deletion before evidence
eblocker-ui/src/img/flags/uz.svg,6e0472b8acf04d2aed057ffee23a1348d2d72ace,eblocker-ui,"retain until replacement parity; inventoried, not semantically certified",R5 UI foundation then R8 screen parity,contract + feature + upgrade tests; no deletion before evidence
eblocker-ui/src/img/flags/va.svg,b90ddf12cb38dd9689fc62a054d76f880694cf2a,eblocker-ui,"retain until replacement parity; inventoried, not semantically certified",R5 UI foundation then R8 screen parity,contract + feature + upgrade tests; no deletion before evidence
eblocker-ui/src/img/flags/vc.svg,ed4c1e45d3e8e216f22a681660867f159fa5b0c1,eblocker-ui,"retain until replacement parity; inventoried, not semantically certified",R5 UI foundation then R8 screen parity,contract + feature + upgrade tests; no deletion before evidence
eblocker-ui/src/img/flags/ve.svg,b71c77f1e466d55a554bcc0f1188f86a76bf3dbc,eblocker-ui,"retain until replacement parity; inventoried, not semantically certified",R5 UI foundation then R8 screen parity,contract + feature + upgrade tests; no deletion before evidence
eblocker-ui/src/img/flags/vg.svg,4f103aee6ffceafc639108773b7258d0c2a1b7f3,eblocker-ui,"retain until replacement parity; inventoried, not semantically certified",R5 UI foundation then R8 screen parity,contract + feature + upgrade tests; no deletion before evidence
eblocker-ui/src/img/flags/vi.svg,0c91a255be6570c0608d7582d31e33b10bb71f5c,eblocker-ui,"retain until replacement parity; inventoried, not semantically certified",R5 UI foundation then R8 screen parity,contract + feature + upgrade tests; no deletion before evidence
eblocker-ui/src/img/flags/vn.svg,fcfd7d1969fa4838096585779ef818f05d3ed653,eblocker-ui,"retain until replacement parity; inventoried, not semantically certified",R5 UI foundation then R8 screen parity,contract + feature + upgrade tests; no deletion before evidence
eblocker-ui/src/img/flags/vu.svg,18dc45958550647e710b23b68ae32e14dc9cbe9a,eblocker-ui,"retain until replacement parity; inventoried, not semantically certified",R5 UI foundation then R8 screen parity,contract + feature + upgrade tests; no deletion before evidence
eblocker-ui/src/img/flags/wf.svg,1b1e81cd19b515f438705974bfb92a16fe099e10,eblocker-ui,"retain until replacement parity; inventoried, not semantically certified",R5 UI foundation then R8 screen parity,contract + feature + upgrade tests; no deletion before evidence
eblocker-ui/src/img/flags/ws.svg,6e5963da0ac899ebf73958bf51971826393a404b,eblocker-ui,"retain until replacement parity; inventoried, not semantically certified",R5 UI foundation then R8 screen parity,contract + feature + upgrade tests; no deletion before evidence
eblocker-ui/src/img/flags/ye.svg,4a115e51157afb41d9245809cb966a3dcd3eadae,eblocker-ui,"retain until replacement parity; inventoried, not semantically certified",R5 UI foundation then R8 screen parity,contract + feature + upgrade tests; no deletion before evidence
eblocker-ui/src/img/flags/yt.svg,c9abb971b213455263352a94db7b7225c2be43c8,eblocker-ui,"retain until replacement parity; inventoried, not semantically certified",R5 UI foundation then R8 screen parity,contract + feature + upgrade tests; no deletion before evidence
eblocker-ui/src/img/flags/za.svg,e585fc20511932a53f02ce971dd169d59c462d02,eblocker-ui,"retain until replacement parity; inventoried, not semantically certified",R5 UI foundation then R8 screen parity,contract + feature + upgrade tests; no deletion before evidence
eblocker-ui/src/img/flags/zm.svg,2d4e3e729cb445ea3c970f0a12404ddc369f4464,eblocker-ui,"retain until replacement parity; inventoried, not semantically certified",R5 UI foundation then R8 screen parity,contract + feature + upgrade tests; no deletion before evidence
eblocker-ui/src/img/flags/zw.svg,903afd38d1ca8a7e981607441370ea5846a58f38,eblocker-ui,"retain until replacement parity; inventoried, not semantically certified",R5 UI foundation then R8 screen parity,contract + feature + upgrade tests; no deletion before evidence
eblocker-ui/src/img/flags/zz.svg,0adbd249d560330d6605897d7f5e6068ace5662a,eblocker-ui,"retain until replacement parity; inventoried, not semantically certified",R5 UI foundation then R8 screen parity,contract + feature + upgrade tests; no deletion before evidence
eblocker-ui/src/img/icons/ads.svg,91cc0dcf26851ca37618d9981825e607683b062c,eblocker-ui,"retain until replacement parity; inventoried, not semantically certified",R5 UI foundation then R8 screen parity,contract + feature + upgrade tests; no deletion before evidence
eblocker-ui/src/img/icons/baseline-add_circle.svg,3715e896214fa1328390f622fa59300d6779efa4,eblocker-ui,"retain until replacement parity; inventoried, not semantically certified",R5 UI foundation then R8 screen parity,contract + feature + upgrade tests; no deletion before evidence
eblocker-ui/src/img/icons/baseline-arrow_drop_down.svg,23f0fdd50a873ba19d88cecd346e9f1d4e6bde26,eblocker-ui,"retain until replacement parity; inventoried, not semantically certified",R5 UI foundation then R8 screen parity,contract + feature + upgrade tests; no deletion before evidence
eblocker-ui/src/img/icons/baseline-check_circle_outline-24px.svg,8b4f0ba642df229ac0ce783eb5ac2b10c2acb6b4,eblocker-ui,"retain until replacement parity; inventoried, not semantically certified",R5 UI foundation then R8 screen parity,contract + feature + upgrade tests; no deletion before evidence
eblocker-ui/src/img/icons/baseline-chevron_left.svg,050d3785e480c5dee7c265a48458b90f8eecadd8,eblocker-ui,"retain until replacement parity; inventoried, not semantically certified",R5 UI foundation then R8 screen parity,contract + feature + upgrade tests; no deletion before evidence
eblocker-ui/src/img/icons/baseline-chevron_right.svg,22c6db123a39b6ec7f588cf322f2c65d753271ac,eblocker-ui,"retain until replacement parity; inventoried, not semantically certified",R5 UI foundation then R8 screen parity,contract + feature + upgrade tests; no deletion before evidence
eblocker-ui/src/img/icons/baseline-cloud_download.svg,64fcfd126a83787002c719a336a8c9b0c5aa4aa0,eblocker-ui,"retain until replacement parity; inventoried, not semantically certified",R5 UI foundation then R8 screen parity,contract + feature + upgrade tests; no deletion before evidence
eblocker-ui/src/img/icons/baseline-drag_indicator.svg,e1588b60c2e8dc4217f3c0095a5b8d03e272f2da,eblocker-ui,"retain until replacement parity; inventoried, not semantically certified",R5 UI foundation then R8 screen parity,contract + feature + upgrade tests; no deletion before evidence
eblocker-ui/src/img/icons/baseline-first_page.svg,be9bc9c3ae0b78e7ee85c3518f551e3cf44f23e3,eblocker-ui,"retain until replacement parity; inventoried, not semantically certified",R5 UI foundation then R8 screen parity,contract + feature + upgrade tests; no deletion before evidence
eblocker-ui/src/img/icons/baseline-history-24px.svg,05f201a445fba26416952aa4bfe96e5fceb96a97,eblocker-ui,"retain until replacement parity; inventoried, not semantically certified",R5 UI foundation then R8 screen parity,contract + feature + upgrade tests; no deletion before evidence
eblocker-ui/src/img/icons/baseline-hourglass_empty.svg,e2d13e0ec3f03522dcdf67a6600f71dfd73c7941,eblocker-ui,"retain until replacement parity; inventoried, not semantically certified",R5 UI foundation then R8 screen parity,contract + feature + upgrade tests; no deletion before evidence
eblocker-ui/src/img/icons/baseline-insert_chart.svg,97a69fe38ca78d90f0fd4e208dc4c4190d6070ef,eblocker-ui,"retain until replacement parity; inventoried, not semantically certified",R5 UI foundation then R8 screen parity,contract + feature + upgrade tests; no deletion before evidence
eblocker-ui/src/img/icons/baseline-insert_chart_outlined.svg,0ed28890971db58eceabc9c224c112cfc50d06c6,eblocker-ui,"retain until replacement parity; inventoried, not semantically certified",R5 UI foundation then R8 screen parity,contract + feature + upgrade tests; no deletion before evidence
eblocker-ui/src/img/icons/baseline-keyboard_return.svg,e235364edd02bd983536c9d611920676e97b0a33,eblocker-ui,"retain until replacement parity; inventoried, not semantically certified",R5 UI foundation then R8 screen parity,contract + feature + upgrade tests; no deletion before evidence
eblocker-ui/src/img/icons/baseline-last_page.svg,a2a889515831b9edeb7c47e42984e14aecfe2528,eblocker-ui,"retain until replacement parity; inventoried, not semantically certified",R5 UI foundation then R8 screen parity,contract + feature + upgrade tests; no deletion before evidence
eblocker-ui/src/img/icons/baseline-mobile_off.svg,d31c5199d8926f520b35dfd506a2b5a7e375973d,eblocker-ui,"retain until replacement parity; inventoried, not semantically certified",R5 UI foundation then R8 screen parity,contract + feature + upgrade tests; no deletion before evidence
eblocker-ui/src/img/icons/baseline-more_horiz.svg,fe988a85afda818471c43ad81ee81e14e13069fc,eblocker-ui,"retain until replacement parity; inventoried, not semantically certified",R5 UI foundation then R8 screen parity,contract + feature + upgrade tests; no deletion before evidence
eblocker-ui/src/img/icons/baseline-more_vert.svg,ec52bbe80f46424fdf1a591704ce2b4791809915,eblocker-ui,"retain until replacement parity; inventoried, not semantically certified",R5 UI foundation then R8 screen parity,contract + feature + upgrade tests; no deletion before evidence
eblocker-ui/src/img/icons/baseline-power_settings_new.svg,abca2cbebd346ac22d7daf3d4eec8e0de7d3d702,eblocker-ui,"retain until replacement parity; inventoried, not semantically certified",R5 UI foundation then R8 screen parity,contract + feature + upgrade tests; no deletion before evidence
eblocker-ui/src/img/icons/baseline-settings.svg,0737ecba1879d23545cf672174be78c8469c01e1,eblocker-ui,"retain until replacement parity; inventoried, not semantically certified",R5 UI foundation then R8 screen parity,contract + feature + upgrade tests; no deletion before evidence
eblocker-ui/src/img/icons/baseline-settings_applications-24px.svg,fcbeb6afe903621cd198e59e578976a5889298f8,eblocker-ui,"retain until replacement parity; inventoried, not semantically certified",R5 UI foundation then R8 screen parity,contract + feature + upgrade tests; no deletion before evidence
eblocker-ui/src/img/icons/baseline-star_border.svg,21862f2cd7dbf3a10729d1a5276c0f57dca66957,eblocker-ui,"retain until replacement parity; inventoried, not semantically certified",R5 UI foundation then R8 screen parity,contract + feature + upgrade tests; no deletion before evidence
eblocker-ui/src/img/icons/baseline-supervisor_account.svg,d7e3393221b3c9c5a1d0e68b353756c8ecad1b50,eblocker-ui,"retain until replacement parity; inventoried, not semantically certified",R5 UI foundation then R8 screen parity,contract + feature + upgrade tests; no deletion before evidence
eblocker-ui/src/img/icons/baseline-update-24px.svg,261040dd344b606c3f71d50a3bc7ea67ed921c05,eblocker-ui,"retain until replacement parity; inventoried, not semantically certified",R5 UI foundation then R8 screen parity,contract + feature + upgrade tests; no deletion before evidence
eblocker-ui/src/img/icons/device.svg,a8bc0d086a3be3c981c8548c1dad5a1a9d7b3022,eblocker-ui,"retain until replacement parity; inventoried, not semantically certified",R5 UI foundation then R8 screen parity,contract + feature + upgrade tests; no deletion before evidence
eblocker-ui/src/img/icons/device_mobile.svg,04ca53cc3fbc6addaebef46ab2f0292f028fa6fd,eblocker-ui,"retain until replacement parity; inventoried, not semantically certified",R5 UI foundation then R8 screen parity,contract + feature + upgrade tests; no deletion before evidence
eblocker-ui/src/img/icons/devices.svg,b69ff1717745de29996233c274e52fc1343e943c,eblocker-ui,"retain until replacement parity; inventoried, not semantically certified",R5 UI foundation then R8 screen parity,contract + feature + upgrade tests; no deletion before evidence
eblocker-ui/src/img/icons/drag_handle.svg,9329d5023f497e05a22c0a939755e94fe56bced2,eblocker-ui,"retain until replacement parity; inventoried, not semantically certified",R5 UI foundation then R8 screen parity,contract + feature + upgrade tests; no deletion before evidence
eblocker-ui/src/img/icons/eblocker-blocked-24px-2.svg,0c5936d3ca30883583204b6c65988b388906738e,eblocker-ui,"retain until replacement parity; inventoried, not semantically certified",R5 UI foundation then R8 screen parity,contract + feature + upgrade tests; no deletion before evidence
eblocker-ui/src/img/icons/eblocker.svg,351cb29bb3589a80edcbd779faf0659901dcd222,eblocker-ui,"retain until replacement parity; inventoried, not semantically certified",R5 UI foundation then R8 screen parity,contract + feature + upgrade tests; no deletion before evidence
eblocker-ui/src/img/icons/ic_access_time.svg,e27481c228239e1afbfc25b84e03194f5d1802a1,eblocker-ui,"retain until replacement parity; inventoried, not semantically certified",R5 UI foundation then R8 screen parity,contract + feature + upgrade tests; no deletion before evidence
eblocker-ui/src/img/icons/ic_apps_black.svg,3032b7993997f213f0333be699cb7f3ed07128f6,eblocker-ui,"retain until replacement parity; inventoried, not semantically certified",R5 UI foundation then R8 screen parity,contract + feature + upgrade tests; no deletion before evidence
eblocker-ui/src/img/icons/ic_arrow_back_black.svg,86f01acbfbd06c3f6685dba2fa2c68263efe256b,eblocker-ui,"retain until replacement parity; inventoried, not semantically certified",R5 UI foundation then R8 screen parity,contract + feature + upgrade tests; no deletion before evidence
eblocker-ui/src/img/icons/ic_arrow_downward_black.svg,ca83f83b2362a0ef8f07c978e061544c32af32fc,eblocker-ui,"retain until replacement parity; inventoried, not semantically certified",R5 UI foundation then R8 screen parity,contract + feature + upgrade tests; no deletion before evidence
eblocker-ui/src/img/icons/ic_arrow_forward_black.svg,b089b519307d53398da9d3a0c1c33b05309c93c7,eblocker-ui,"retain until replacement parity; inventoried, not semantically certified",R5 UI foundation then R8 screen parity,contract + feature + upgrade tests; no deletion before evidence
eblocker-ui/src/img/icons/ic_arrow_upward_black.svg,fd1374e065f6cd64f46123d3a5e7b253dd3d0233,eblocker-ui,"retain until replacement parity; inventoried, not semantically certified",R5 UI foundation then R8 screen parity,contract + feature + upgrade tests; no deletion before evidence
eblocker-ui/src/img/icons/ic_autorenew.svg,f9c870ef86811d1658c2aad25289b118eb5d8b17,eblocker-ui,"retain until replacement parity; inventoried, not semantically certified",R5 UI foundation then R8 screen parity,contract + feature + upgrade tests; no deletion before evidence
eblocker-ui/src/img/icons/ic_block_black.svg,3f374adb30fa367b3a55d629246794d4ffbdddff,eblocker-ui,"retain until replacement parity; inventoried, not semantically certified",R5 UI foundation then R8 screen parity,contract + feature + upgrade tests; no deletion before evidence
eblocker-ui/src/img/icons/ic_build_black.svg,56f4b00fd5f8863a655ef3e64ab219ad0ea88653,eblocker-ui,"retain until replacement parity; inventoried, not semantically certified",R5 UI foundation then R8 screen parity,contract + feature + upgrade tests; no deletion before evidence
eblocker-ui/src/img/icons/ic_check_black.svg,8b5a1cc4f357f8f06e507a18343cb8e3dfa1dc72,eblocker-ui,"retain until replacement parity; inventoried, not semantically certified",R5 UI foundation then R8 screen parity,contract + feature + upgrade tests; no deletion before evidence
eblocker-ui/src/img/icons/ic_check_box_black.svg,dd34f0253c0c50e747682c989369baf414297cfc,eblocker-ui,"retain until replacement parity; inventoried, not semantically certified",R5 UI foundation then R8 screen parity,contract + feature + upgrade tests; no deletion before evidence
eblocker-ui/src/img/icons/ic_check_box_outline_blank_black.svg,321096e7ee197f673f785b6fa402bf7387280100,eblocker-ui,"retain until replacement parity; inventoried, not semantically certified",R5 UI foundation then R8 screen parity,contract + feature + upgrade tests; no deletion before evidence
eblocker-ui/src/img/icons/ic_check_circle.svg,57f3bba583d0b240a9da0bbc2a792f98ac92deb3,eblocker-ui,"retain until replacement parity; inventoried, not semantically certified",R5 UI foundation then R8 screen parity,contract + feature + upgrade tests; no deletion before evidence
eblocker-ui/src/img/icons/ic_close_black_24px.svg,091adc4d889008c91205a1c4580b96a5c6fc6b84,eblocker-ui,"retain until replacement parity; inventoried, not semantically certified",R5 UI foundation then R8 screen parity,contract + feature + upgrade tests; no deletion before evidence
eblocker-ui/src/img/icons/ic_computer_black.svg,08785c69ca09e55681f047f7b612d51cd2d1e3a6,eblocker-ui,"retain until replacement parity; inventoried, not semantically certified",R5 UI foundation then R8 screen parity,contract + feature + upgrade tests; no deletion before evidence
eblocker-ui/src/img/icons/ic_dashboard.svg,1dbb60e785ef3f8eb08df703911e96f49e4bc9fd,eblocker-ui,"retain until replacement parity; inventoried, not semantically certified",R5 UI foundation then R8 screen parity,contract + feature + upgrade tests; no deletion before evidence
eblocker-ui/src/img/icons/ic_desktop_mac_black.svg,a9d84612eba746081dd217faa4c67240eebb725a,eblocker-ui,"retain until replacement parity; inventoried, not semantically certified",R5 UI foundation then R8 screen parity,contract + feature + upgrade tests; no deletion before evidence
eblocker-ui/src/img/icons/ic_desktop_windows_black.svg,df15e0f28cd90614c9a309cc461de74debff44ea,eblocker-ui,"retain until replacement parity; inventoried, not semantically certified",R5 UI foundation then R8 screen parity,contract + feature + upgrade tests; no deletion before evidence
eblocker-ui/src/img/icons/ic_details_black.svg,e73e9ec64aedbb81112712b591ef058f53b22fb3,eblocker-ui,"retain until replacement parity; inventoried, not semantically certified",R5 UI foundation then R8 screen parity,contract + feature + upgrade tests; no deletion before evidence
eblocker-ui/src/img/icons/ic_devices_black.svg,005a5c58ef13a4123a6fc5a4e4a32841ad8d7be3,eblocker-ui,"retain until replacement parity; inventoried, not semantically certified",R5 UI foundation then R8 screen parity,contract + feature + upgrade tests; no deletion before evidence
eblocker-ui/src/img/icons/ic_devices_other_black.svg,8be75bbe5d6fa3d60a441355f1e7dc9759f2d4d6,eblocker-ui,"retain until replacement parity; inventoried, not semantically certified",R5 UI foundation then R8 screen parity,contract + feature + upgrade tests; no deletion before evidence
eblocker-ui/src/img/icons/ic_dialpad_black.svg,e688239c75a8a31c17776c90ec1bc969b112464d,eblocker-ui,"retain until replacement parity; inventoried, not semantically certified",R5 UI foundation then R8 screen parity,contract + feature + upgrade tests; no deletion before evidence
eblocker-ui/src/img/icons/ic_dns_black.svg,5e71e8908f60bcc6ff873d7967d0324c22406e1b,eblocker-ui,"retain until replacement parity; inventoried, not semantically certified",R5 UI foundation then R8 screen parity,contract + feature + upgrade tests; no deletion before evidence
eblocker-ui/src/img/icons/ic_doctor.svg,5dbd4cfb8e164cc0c4ce06e0aed08741a02513f7,eblocker-ui,"retain until replacement parity; inventoried, not semantically certified",R5 UI foundation then R8 screen parity,contract + feature + upgrade tests; no deletion before evidence
eblocker-ui/src/img/icons/ic_edit_black.svg,f2bc2ce08123c3bf7bd6fb6701a5c02f1baf7a25,eblocker-ui,"retain until replacement parity; inventoried, not semantically certified",R5 UI foundation then R8 screen parity,contract + feature + upgrade tests; no deletion before evidence
eblocker-ui/src/img/icons/ic_error.svg,643ad424d205a2e441005e18401f49cc6209eb77,eblocker-ui,"retain until replacement parity; inventoried, not semantically certified",R5 UI foundation then R8 screen parity,contract + feature + upgrade tests; no deletion before evidence
eblocker-ui/src/img/icons/ic_error_outline.svg,9b6f33ec3b7a350b540ed0c8470d1f4ef69b8fe7,eblocker-ui,"retain until replacement parity; inventoried, not semantically certified",R5 UI foundation then R8 screen parity,contract + feature + upgrade tests; no deletion before evidence
eblocker-ui/src/img/icons/ic_event_black.svg,7ae81ea0ddb391ff4f8c6da01bb460639ae89a3e,eblocker-ui,"retain until replacement parity; inventoried, not semantically certified",R5 UI foundation then R8 screen parity,contract + feature + upgrade tests; no deletion before evidence
eblocker-ui/src/img/icons/ic_file_download_black.svg,5a4c60cd59eb172030101ea4e049cf9656fb8829,eblocker-ui,"retain until replacement parity; inventoried, not semantically certified",R5 UI foundation then R8 screen parity,contract + feature + upgrade tests; no deletion before evidence
eblocker-ui/src/img/icons/ic_file_upload_black.svg,135ec9b3aa4aaef5b297c5b842c690504303d2e4,eblocker-ui,"retain until replacement parity; inventoried, not semantically certified",R5 UI foundation then R8 screen parity,contract + feature + upgrade tests; no deletion before evidence
eblocker-ui/src/img/icons/ic_fingerprint_black.svg,013b6c07e001e6f1c945c515782de6444e9fd51d,eblocker-ui,"retain until replacement parity; inventoried, not semantically certified",R5 UI foundation then R8 screen parity,contract + feature + upgrade tests; no deletion before evidence
eblocker-ui/src/img/icons/ic_group_black.svg,515fab36b7a1a24e25ab5f0946e1f6bd8c0b0304,eblocker-ui,"retain until replacement parity; inventoried, not semantically certified",R5 UI foundation then R8 screen parity,contract + feature + upgrade tests; no deletion before evidence
eblocker-ui/src/img/icons/ic_help.svg,9d1f6bcc9b893bf33a85e0c224d632f588307ffb,eblocker-ui,"retain until replacement parity; inventoried, not semantically certified",R5 UI foundation then R8 screen parity,contract + feature + upgrade tests; no deletion before evidence
eblocker-ui/src/img/icons/ic_help_outline.svg,75941838ef6926121074b0c2165b8311d7396f89,eblocker-ui,"retain until replacement parity; inventoried, not semantically certified",R5 UI foundation then R8 screen parity,contract + feature + upgrade tests; no deletion before evidence
eblocker-ui/src/img/icons/ic_home_black.svg,8e9a5cef0028975d8ff6812c7f4c8548fb92ad6c,eblocker-ui,"retain until replacement parity; inventoried, not semantically certified",R5 UI foundation then R8 screen parity,contract + feature + upgrade tests; no deletion before evidence
eblocker-ui/src/img/icons/ic_hourglass_empty_black.svg,7218fcf32a7ffd4dc21a504408c247729af8eace,eblocker-ui,"retain until replacement parity; inventoried, not semantically certified",R5 UI foundation then R8 screen parity,contract + feature + upgrade tests; no deletion before evidence
eblocker-ui/src/img/icons/ic_info_black.svg,966dce64933a8a9a4e881588584fdc6e07c1fd08,eblocker-ui,"retain until replacement parity; inventoried, not semantically certified",R5 UI foundation then R8 screen parity,contract + feature + upgrade tests; no deletion before evidence
eblocker-ui/src/img/icons/ic_internet_connected_black_48px.svg,c2b0289cb5462ff6efa84f44598eb4feedcfd099,eblocker-ui,"retain until replacement parity; inventoried, not semantically certified",R5 UI foundation then R8 screen parity,contract + feature + upgrade tests; no deletion before evidence
eblocker-ui/src/img/icons/ic_internet_disconnected_black_48px.svg,3cc0d11530768ef1904e98e44eba7ecc8215ab4c,eblocker-ui,"retain until replacement parity; inventoried, not semantically certified",R5 UI foundation then R8 screen parity,contract + feature + upgrade tests; no deletion before evidence
eblocker-ui/src/img/icons/ic_keyboard_arrow_down_black.svg,905b051aea570dd86231092953a68abb738281f2,eblocker-ui,"retain until replacement parity; inventoried, not semantically certified",R5 UI foundation then R8 screen parity,contract + feature + upgrade tests; no deletion before evidence
eblocker-ui/src/img/icons/ic_keyboard_arrow_right_black.svg,29e4760a46f1112f3bb7320e1d4aec33cc76565c,eblocker-ui,"retain until replacement parity; inventoried, not semantically certified",R5 UI foundation then R8 screen parity,contract + feature + upgrade tests; no deletion before evidence
eblocker-ui/src/img/icons/ic_keyboard_arrow_up_black.svg,f52f412c3b66126e0ae7275898a4737cb4ea7520,eblocker-ui,"retain until replacement parity; inventoried, not semantically certified",R5 UI foundation then R8 screen parity,contract + feature + upgrade tests; no deletion before evidence
eblocker-ui/src/img/icons/ic_label_black.svg,d249a9953f4f9afb0a26f543e0d1b1abb3731aed,eblocker-ui,"retain until replacement parity; inventoried, not semantically certified",R5 UI foundation then R8 screen parity,contract + feature + upgrade tests; no deletion before evidence
eblocker-ui/src/img/icons/ic_language_black.svg,7c055a19ff1e602f1d87fa856abcdf5fd340e150,eblocker-ui,"retain until replacement parity; inventoried, not semantically certified",R5 UI foundation then R8 screen parity,contract + feature + upgrade tests; no deletion before evidence
eblocker-ui/src/img/icons/ic_list_black.svg,a60522f8b34e8c17805c261067d2bba6ee43d86e,eblocker-ui,"retain until replacement parity; inventoried, not semantically certified",R5 UI foundation then R8 screen parity,contract + feature + upgrade tests; no deletion before evidence
eblocker-ui/src/img/icons/ic_lock_black.svg,d82038dd05f0c0d56a399d09f7c67893b1d7a949,eblocker-ui,"retain until replacement parity; inventoried, not semantically certified",R5 UI foundation then R8 screen parity,contract + feature + upgrade tests; no deletion before evidence
eblocker-ui/src/img/icons/ic_lock_outline_black.svg,ea283edc4637ba4699c509437a1b40f1f8bb668d,eblocker-ui,"retain until replacement parity; inventoried, not semantically certified",R5 UI foundation then R8 screen parity,contract + feature + upgrade tests; no deletion before evidence
eblocker-ui/src/img/icons/ic_menu_black.svg,d36683ea81c6218858da5b1ee3b4ae0d327aa6ed,eblocker-ui,"retain until replacement parity; inventoried, not semantically certified",R5 UI foundation then R8 screen parity,contract + feature + upgrade tests; no deletion before evidence
eblocker-ui/src/img/icons/ic_messages_black.svg,284d75ef45bbd6de3da54e40e833c4e5be149b1a,eblocker-ui,"retain until replacement parity; inventoried, not semantically certified",R5 UI foundation then R8 screen parity,contract + feature + upgrade tests; no deletion before evidence
eblocker-ui/src/img/icons/ic_monetization_on_black.svg,49a5b991d4db80f15157560fe7d5240a94803d74,eblocker-ui,"retain until replacement parity; inventoried, not semantically certified",R5 UI foundation then R8 screen parity,contract + feature + upgrade tests; no deletion before evidence
eblocker-ui/src/img/icons/ic_navigate_before.svg,660fadca3d3714c42038c7235435e707f06c3ddd,eblocker-ui,"retain until replacement parity; inventoried, not semantically certified",R5 UI foundation then R8 screen parity,contract + feature + upgrade tests; no deletion before evidence
eblocker-ui/src/img/icons/ic_navigate_next.svg,8a0aa9564111e6f0ba0d8ad0a5d4ecd7aec3c053,eblocker-ui,"retain until replacement parity; inventoried, not semantically certified",R5 UI foundation then R8 screen parity,contract + feature + upgrade tests; no deletion before evidence
eblocker-ui/src/img/icons/ic_network_check.svg,c6a02f23591db28c17cfead46feae374dc5454c8,eblocker-ui,"retain until replacement parity; inventoried, not semantically certified",R5 UI foundation then R8 screen parity,contract + feature + upgrade tests; no deletion before evidence
eblocker-ui/src/img/icons/ic_new_releases_black.svg,fa1a9d6d6ad5789cfb76ea35265baba3e5e3c861,eblocker-ui,"retain until replacement parity; inventoried, not semantically certified",R5 UI foundation then R8 screen parity,contract + feature + upgrade tests; no deletion before evidence
eblocker-ui/src/img/icons/ic_pause_circle_filled.svg,df169de0200cf336230552f85f5ff8d2513e34c0,eblocker-ui,"retain until replacement parity; inventoried, not semantically certified",R5 UI foundation then R8 screen parity,contract + feature + upgrade tests; no deletion before evidence
eblocker-ui/src/img/icons/ic_pause_circle_outline.svg,af8c249a1a865f05666ee7315062acffbbcde3d0,eblocker-ui,"retain until replacement parity; inventoried, not semantically certified",R5 UI foundation then R8 screen parity,contract + feature + upgrade tests; no deletion before evidence
eblocker-ui/src/img/icons/ic_person_black.svg,7e63ede382193f3aaded4aaf067ec23288f2ae19,eblocker-ui,"retain until replacement parity; inventoried, not semantically certified",R5 UI foundation then R8 screen parity,contract + feature + upgrade tests; no deletion before evidence
eblocker-ui/src/img/icons/ic_person_outline_black.svg,586cb1e2980d0eea5a5cd75e2d35208dce16f05a,eblocker-ui,"retain until replacement parity; inventoried, not semantically certified",R5 UI foundation then R8 screen parity,contract + feature + upgrade tests; no deletion before evidence
eblocker-ui/src/img/icons/ic_phone_android_black.svg,cb7e8aa98f8207fc88ff57b5f2e3aac1e1a838c5,eblocker-ui,"retain until replacement parity; inventoried, not semantically certified",R5 UI foundation then R8 screen parity,contract + feature + upgrade tests; no deletion before evidence
eblocker-ui/src/img/icons/ic_phone_iphone_black.svg,89eda56de817a9e8f5421b45fc309ee5cffa66d3,eblocker-ui,"retain until replacement parity; inventoried, not semantically certified",R5 UI foundation then R8 screen parity,contract + feature + upgrade tests; no deletion before evidence
eblocker-ui/src/img/icons/ic_play_arrow_black.svg,d1667d94ab6f7c1adc761ebf45de9ebc09309781,eblocker-ui,"retain until replacement parity; inventoried, not semantically certified",R5 UI foundation then R8 screen parity,contract + feature + upgrade tests; no deletion before evidence
eblocker-ui/src/img/icons/ic_play_circle_outline_black.svg,e03438c6c900f9fc7b94742ed478417b56b23cd9,eblocker-ui,"retain until replacement parity; inventoried, not semantically certified",R5 UI foundation then R8 screen parity,contract + feature + upgrade tests; no deletion before evidence
eblocker-ui/src/img/icons/ic_priority_high_black.svg,1203e66d3a94278977a326ba06db207510681d3b,eblocker-ui,"retain until replacement parity; inventoried, not semantically certified",R5 UI foundation then R8 screen parity,contract + feature + upgrade tests; no deletion before evidence
eblocker-ui/src/img/icons/ic_public_black.svg,427ea7b6b63dca49a572ac7a8676f2cadceaa0de,eblocker-ui,"retain until replacement parity; inventoried, not semantically certified",R5 UI foundation then R8 screen parity,contract + feature + upgrade tests; no deletion before evidence
eblocker-ui/src/img/icons/ic_remove_circle_black.svg,5d1c7850f8acca3464b0593b54c91fcdf72cd912,eblocker-ui,"retain until replacement parity; inventoried, not semantically certified",R5 UI foundation then R8 screen parity,contract + feature + upgrade tests; no deletion before evidence
eblocker-ui/src/img/icons/ic_reorder.svg,6bdffc4a5b0e049aa6ea18545d93fa40d4d96371,eblocker-ui,"retain until replacement parity; inventoried, not semantically certified",R5 UI foundation then R8 screen parity,contract + feature + upgrade tests; no deletion before evidence
eblocker-ui/src/img/icons/ic_router_black.svg,0da9f096f004b4a8b0db8b62849c108457270200,eblocker-ui,"retain until replacement parity; inventoried, not semantically certified",R5 UI foundation then R8 screen parity,contract + feature + upgrade tests; no deletion before evidence
eblocker-ui/src/img/icons/ic_school_black.svg,ae27b9520e89e6c64bb343f030418ef0cee6d804,eblocker-ui,"retain until replacement parity; inventoried, not semantically certified",R5 UI foundation then R8 screen parity,contract + feature + upgrade tests; no deletion before evidence
eblocker-ui/src/img/icons/ic_search_black.svg,c7893baf7e6c0cce89b21d6f9ec3ca726e24a314,eblocker-ui,"retain until replacement parity; inventoried, not semantically certified",R5 UI foundation then R8 screen parity,contract + feature + upgrade tests; no deletion before evidence
eblocker-ui/src/img/icons/ic_security.svg,f0ec9dfed9f0b417a80921e502e6943f8974eac9,eblocker-ui,"retain until replacement parity; inventoried, not semantically certified",R5 UI foundation then R8 screen parity,contract + feature + upgrade tests; no deletion before evidence
eblocker-ui/src/img/icons/ic_security_black.svg,868232d05f49dd69b24ec97ca274e1198d67e55c,eblocker-ui,"retain until replacement parity; inventoried, not semantically certified",R5 UI foundation then R8 screen parity,contract + feature + upgrade tests; no deletion before evidence
eblocker-ui/src/img/icons/ic_security_black_outline.svg,74896897593111eae1ed22f310c51bc47be34f52,eblocker-ui,"retain until replacement parity; inventoried, not semantically certified",R5 UI foundation then R8 screen parity,contract + feature + upgrade tests; no deletion before evidence
eblocker-ui/src/img/icons/ic_settings.svg,1ad7d7681f04d968448627ae137a068b3c46ddf7,eblocker-ui,"retain until replacement parity; inventoried, not semantically certified",R5 UI foundation then R8 screen parity,contract + feature + upgrade tests; no deletion before evidence
eblocker-ui/src/img/icons/ic_settings_ethernet_black.svg,76dbad82081aca0fcecff7012f74903e50db0c0d,eblocker-ui,"retain until replacement parity; inventoried, not semantically certified",R5 UI foundation then R8 screen parity,contract + feature + upgrade tests; no deletion before evidence
eblocker-ui/src/img/icons/ic_shopping_cart_black.svg,c0c44c6ad3c5a2f081cfd34c64bc78c4b5284683,eblocker-ui,"retain until replacement parity; inventoried, not semantically certified",R5 UI foundation then R8 screen parity,contract + feature + upgrade tests; no deletion before evidence
eblocker-ui/src/img/icons/ic_smartphone_black.svg,072d17f829a997ef6ee5c04d624cff4eaad1279b,eblocker-ui,"retain until replacement parity; inventoried, not semantically certified",R5 UI foundation then R8 screen parity,contract + feature + upgrade tests; no deletion before evidence
eblocker-ui/src/img/icons/ic_star_rate_black.svg,c686537cd2d3715dcf786c8962468ac1de7836c2,eblocker-ui,"retain until replacement parity; inventoried, not semantically certified",R5 UI foundation then R8 screen parity,contract + feature + upgrade tests; no deletion before evidence
eblocker-ui/src/img/icons/ic_stop_black.svg,b274f042e53dad181670109e160f8d9b501fed5b,eblocker-ui,"retain until replacement parity; inventoried, not semantically certified",R5 UI foundation then R8 screen parity,contract + feature + upgrade tests; no deletion before evidence
eblocker-ui/src/img/icons/ic_tablet_mac_black.svg,7d188cb5e999a0a91592cfed333dbd0c2fa67864,eblocker-ui,"retain until replacement parity; inventoried, not semantically certified",R5 UI foundation then R8 screen parity,contract + feature + upgrade tests; no deletion before evidence
eblocker-ui/src/img/icons/ic_timelapse.svg,f60fd2af1fc43df5abcd837adc8f98821d8659e0,eblocker-ui,"retain until replacement parity; inventoried, not semantically certified",R5 UI foundation then R8 screen parity,contract + feature + upgrade tests; no deletion before evidence
eblocker-ui/src/img/icons/ic_track_changes_black.svg,0511bc3b4ecb443b21e550f2fbfcb9153653bf7b,eblocker-ui,"retain until replacement parity; inventoried, not semantically certified",R5 UI foundation then R8 screen parity,contract + feature + upgrade tests; no deletion before evidence
eblocker-ui/src/img/icons/ic_undo.svg,737411a786c4348f41afb77c27d68f3dfe732733,eblocker-ui,"retain until replacement parity; inventoried, not semantically certified",R5 UI foundation then R8 screen parity,contract + feature + upgrade tests; no deletion before evidence
eblocker-ui/src/img/icons/ic_view_quilt_black.svg,63618ed8cea6130621f5019f57309be781034aff,eblocker-ui,"retain until replacement parity; inventoried, not semantically certified",R5 UI foundation then R8 screen parity,contract + feature + upgrade tests; no deletion before evidence
eblocker-ui/src/img/icons/ic_visibility_off.svg,e29a456ee55c8527d546dcb1938cdf0091f03708,eblocker-ui,"retain until replacement parity; inventoried, not semantically certified",R5 UI foundation then R8 screen parity,contract + feature + upgrade tests; no deletion before evidence
eblocker-ui/src/img/icons/ic_visibility_on.svg,ef6a5f3ea36455162487388fd66ef88493c95642,eblocker-ui,"retain until replacement parity; inventoried, not semantically certified",R5 UI foundation then R8 screen parity,contract + feature + upgrade tests; no deletion before evidence
eblocker-ui/src/img/icons/ic_vpn_key_black.svg,97acc239a3b6c569810a15f51a164a5ca231dcd0,eblocker-ui,"retain until replacement parity; inventoried, not semantically certified",R5 UI foundation then R8 screen parity,contract + feature + upgrade tests; no deletion before evidence
eblocker-ui/src/img/icons/ic_vpn_lock.svg,6614cf80bd369ff35a356a2688728bd65546fd79,eblocker-ui,"retain until replacement parity; inventoried, not semantically certified",R5 UI foundation then R8 screen parity,contract + feature + upgrade tests; no deletion before evidence
eblocker-ui/src/img/icons/ic_warning.svg,62c1747ee25fb71779598391aeb5372d234083c1,eblocker-ui,"retain until replacement parity; inventoried, not semantically certified",R5 UI foundation then R8 screen parity,contract + feature + upgrade tests; no deletion before evidence
eblocker-ui/src/img/icons/ic_web_asset_black.svg,5d551eb84eccd32ac55e0d272bbc63d17f2d6133,eblocker-ui,"retain until replacement parity; inventoried, not semantically certified",R5 UI foundation then R8 screen parity,contract + feature + upgrade tests; no deletion before evidence
eblocker-ui/src/img/icons/ic_wifi_black.svg,512cdb7367ba8fcc7aeb1d2576e0d16f959343d6,eblocker-ui,"retain until replacement parity; inventoried, not semantically certified",R5 UI foundation then R8 screen parity,contract + feature + upgrade tests; no deletion before evidence
eblocker-ui/src/img/icons/icons8-filter.svg,c09cd77f0ef81941b8cfb608cfb2b93a88fe4eee,eblocker-ui,"retain until replacement parity; inventoried, not semantically certified",R5 UI foundation then R8 screen parity,contract + feature + upgrade tests; no deletion before evidence
eblocker-ui/src/img/icons/icons8-teddy-bear.svg,a7b9ffa706aa278ba6eb5062f7ded3a24c4487ba,eblocker-ui,"retain until replacement parity; inventoried, not semantically certified",R5 UI foundation then R8 screen parity,contract + feature + upgrade tests; no deletion before evidence
eblocker-ui/src/img/icons/icons8-upload.svg,553e0abdc9090797b787ecbb2698cfc36be14840,eblocker-ui,"retain until replacement parity; inventoried, not semantically certified",R5 UI foundation then R8 screen parity,contract + feature + upgrade tests; no deletion before evidence
eblocker-ui/src/img/icons/register.svg,c28aa2b1efe2dbf732c24b42127a2326a860c16c,eblocker-ui,"retain until replacement parity; inventoried, not semantically certified",R5 UI foundation then R8 screen parity,contract + feature + upgrade tests; no deletion before evidence
eblocker-ui/src/img/icons/settings_outline.svg,206cacf72948005f3e126bb2f632d491d8d549d7,eblocker-ui,"retain until replacement parity; inventoried, not semantically certified",R5 UI foundation then R8 screen parity,contract + feature + upgrade tests; no deletion before evidence
eblocker-ui/src/img/icons/tracking.svg,5cf4dfc0f1bb6c0acabcf0ad596937074f3dd2cc,eblocker-ui,"retain until replacement parity; inventoried, not semantically certified",R5 UI foundation then R8 screen parity,contract + feature + upgrade tests; no deletion before evidence
eblocker-ui/src/img/icons/unfold_less.svg,04fa6e5344629f81a7010a348eadd5eb7f3a22dd,eblocker-ui,"retain until replacement parity; inventoried, not semantically certified",R5 UI foundation then R8 screen parity,contract + feature + upgrade tests; no deletion before evidence
eblocker-ui/src/img/icons/unfold_more.svg,4f97ca326ac7f20cc4e041bf61d58b30c362e8fb,eblocker-ui,"retain until replacement parity; inventoried, not semantically certified",R5 UI foundation then R8 screen parity,contract + feature + upgrade tests; no deletion before evidence
eblocker-ui/src/img/icons/volunteer_activism_black_24dp.svg,3cfb1ab6d95c263ec7696f31d577f44d95dcc66f,eblocker-ui,"retain until replacement parity; inventoried, not semantically certified",R5 UI foundation then R8 screen parity,contract + feature + upgrade tests; no deletion before evidence
eblocker-ui/src/img/icons/warning.svg,37a4986034fddca4ab809fc5f10c464db48353a5,eblocker-ui,"retain until replacement parity; inventoried, not semantically certified",R5 UI foundation then R8 screen parity,contract + feature + upgrade tests; no deletion before evidence
eblocker-ui/src/img/openVpn/Screenshot_Android_OpenVPN_ready-to-connect.png,d182e33f4168b69b37bac5ea49c6473560170eb8,eblocker-ui,"retain until replacement parity; inventoried, not semantically certified",R5 UI foundation then R8 screen parity,contract + feature + upgrade tests; no deletion before evidence
eblocker-ui/src/img/openVpn/Screenshot_Windows_OpenVPN_copy-config.png,0675abfc2a5a72bacc36dd973e80b911c7f3e5d8,eblocker-ui,"retain until replacement parity; inventoried, not semantically certified",R5 UI foundation then R8 screen parity,contract + feature + upgrade tests; no deletion before evidence
eblocker-ui/src/img/openVpn/Screenshot_Windows_OpenVPN_taskbar-icon-select.png,99adbeef8964e3c5899e19cb96434f9ce7829a55,eblocker-ui,"retain until replacement parity; inventoried, not semantically certified",R5 UI foundation then R8 screen parity,contract + feature + upgrade tests; no deletion before evidence
eblocker-ui/src/img/openVpn/Screenshot_iOS_OpenVPN_ready-to-connect.png,127803fe7e30967db7b34ab58d0f8ad736d93063,eblocker-ui,"retain until replacement parity; inventoried, not semantically certified",R5 UI foundation then R8 screen parity,contract + feature + upgrade tests; no deletion before evidence
eblocker-ui/src/img/openVpn/Screenshot_macOS_OpenVPN_ready-to-connect.png,9d0b5186f70a92d1a587a6449e9bc5e7aa766262,eblocker-ui,"retain until replacement parity; inventoried, not semantically certified",R5 UI foundation then R8 screen parity,contract + feature + upgrade tests; no deletion before evidence
eblocker-ui/src/img/plug.gif,d4c670b98d3d5743635d01ccf985d307c522d03b,eblocker-ui,"retain until replacement parity; inventoried, not semantically certified",R5 UI foundation then R8 screen parity,contract + feature + upgrade tests; no deletion before evidence
eblocker-ui/src/img/screenshots/httpsWizard/de/Win_05_Durchsuchen.png,f5be12a02f2a70ab5cf16f2d1f3e20f289525b21,eblocker-ui,"retain until replacement parity; inventoried, not semantically certified",R5 UI foundation then R8 screen parity,contract + feature + upgrade tests; no deletion before evidence
eblocker-ui/src/img/screenshots/httpsWizard/de/Win_06_Speicher_waehlen.png,76e1a47abb653e95eba0393febc3a34bcb4a175f,eblocker-ui,"retain until replacement parity; inventoried, not semantically certified",R5 UI foundation then R8 screen parity,contract + feature + upgrade tests; no deletion before evidence
eblocker-ui/src/img/screenshots/httpsWizard/de/firefox-CA.png,7fc17278a86ea559fff9ae6157ff3e34fbeee481,eblocker-ui,"retain until replacement parity; inventoried, not semantically certified",R5 UI foundation then R8 screen parity,contract + feature + upgrade tests; no deletion before evidence
eblocker-ui/src/img/screenshots/httpsWizard/de/macOS_03_Mac_Speicher_waehlen.png,33ca7e92aed5ddbe7f52441df84910252daed323,eblocker-ui,"retain until replacement parity; inventoried, not semantically certified",R5 UI foundation then R8 screen parity,contract + feature + upgrade tests; no deletion before evidence
eblocker-ui/src/img/screenshots/httpsWizard/de/macOS_04_Objekte_importieren.png,af905f5c884d1afffcd732814cc8563b4d76394f,eblocker-ui,"retain until replacement parity; inventoried, not semantically certified",R5 UI foundation then R8 screen parity,contract + feature + upgrade tests; no deletion before evidence
eblocker-ui/src/img/screenshots/httpsWizard/en/Win_05_Browse_cert_store.png,6db6dd25e78f7a422232476cbd44b151c43804c7,eblocker-ui,"retain until replacement parity; inventoried, not semantically certified",R5 UI foundation then R8 screen parity,contract + feature + upgrade tests; no deletion before evidence
eblocker-ui/src/img/screenshots/httpsWizard/en/Win_06_Select_cert_store.png,0cf08315aa40ebac761b64e86313421047d95d9c,eblocker-ui,"retain until replacement parity; inventoried, not semantically certified",R5 UI foundation then R8 screen parity,contract + feature + upgrade tests; no deletion before evidence
eblocker-ui/src/img/screenshots/httpsWizard/en/firefox-01-EN.png,7e188402ba50919c02863a01d602df1ce62d3441,eblocker-ui,"retain until replacement parity; inventoried, not semantically certified",R5 UI foundation then R8 screen parity,contract + feature + upgrade tests; no deletion before evidence
eblocker-ui/src/img/screenshots/httpsWizard/en/macOS_03_Mac_Select_store.png,a770fff294a6fba72ae9d33ffc0cb0dcfef31193,eblocker-ui,"retain until replacement parity; inventoried, not semantically certified",R5 UI foundation then R8 screen parity,contract + feature + upgrade tests; no deletion before evidence
eblocker-ui/src/img/screenshots/httpsWizard/en/macOS_04_Import_items.png,81790f45ba400a1d9f8b3733044b5f8280702b50,eblocker-ui,"retain until replacement parity; inventoried, not semantically certified",R5 UI foundation then R8 screen parity,contract + feature + upgrade tests; no deletion before evidence
eblocker-ui/src/img/unplug.gif,bf08b3bc3a649e0b7c06c96f3624e89d71161576,eblocker-ui,"retain until replacement parity; inventoried, not semantically certified",R5 UI foundation then R8 screen parity,contract + feature + upgrade tests; no deletion before evidence
eblocker-ui/src/index.html,5ebadbcb33ad1ce9e48c8332d1dd016ebaa5f791,eblocker-ui,"retain until replacement parity; inventoried, not semantically certified",R5 UI foundation then R8 screen parity,contract + feature + upgrade tests; no deletion before evidence
eblocker-ui/src/locale/lang-advice-de.json,39520a9f1c8039463c9759ecff12d611dcc5fe39,eblocker-ui,"retain until replacement parity; inventoried, not semantically certified",R5 UI foundation then R8 screen parity,contract + feature + upgrade tests; no deletion before evidence
eblocker-ui/src/locale/lang-advice-en.json,cc9e98f142daf0cc1b23210c3041b34288ee5986,eblocker-ui,"retain until replacement parity; inventoried, not semantically certified",R5 UI foundation then R8 screen parity,contract + feature + upgrade tests; no deletion before evidence
eblocker-ui/src/locale/lang-controlbar-de.json,c1631230123c0b5bbbc248865b9c06816049850b,eblocker-ui,"retain until replacement parity; inventoried, not semantically certified",R5 UI foundation then R8 screen parity,contract + feature + upgrade tests; no deletion before evidence
eblocker-ui/src/locale/lang-controlbar-en.json,7e3331b89e7f84bdcae557e9b050674c83e2e8ba,eblocker-ui,"retain until replacement parity; inventoried, not semantically certified",R5 UI foundation then R8 screen parity,contract + feature + upgrade tests; no deletion before evidence
eblocker-ui/src/locale/lang-dashboard-de.json,d626263e8714f3828bcc5fe112d919bdbc029459,eblocker-ui,"retain until replacement parity; inventoried, not semantically certified",R5 UI foundation then R8 screen parity,contract + feature + upgrade tests; no deletion before evidence
eblocker-ui/src/locale/lang-dashboard-en.json,2454ce95c5603012261b2a2741ecd9690f117e57,eblocker-ui,"retain until replacement parity; inventoried, not semantically certified",R5 UI foundation then R8 screen parity,contract + feature + upgrade tests; no deletion before evidence
eblocker-ui/src/locale/lang-sample-de.json,5f3ab3b517af472b3d8db714f516a35027d6123c,eblocker-ui,"retain until replacement parity; inventoried, not semantically certified",R5 UI foundation then R8 screen parity,contract + feature + upgrade tests; no deletion before evidence
eblocker-ui/src/locale/lang-sample-en.json,241e195574a76f246c28ae68e318e143c2d46e72,eblocker-ui,"retain until replacement parity; inventoried, not semantically certified",R5 UI foundation then R8 screen parity,contract + feature + upgrade tests; no deletion before evidence
eblocker-ui/src/locale/lang-settings-de.json,665286694808747a22ab894cafeec070fd03dece,eblocker-ui,"retain until replacement parity; inventoried, not semantically certified",R5 UI foundation then R8 screen parity,contract + feature + upgrade tests; no deletion before evidence
eblocker-ui/src/locale/lang-settings-en.json,6f7908e59a6c943ae2d6d6ab967055a047c14773,eblocker-ui,"retain until replacement parity; inventoried, not semantically certified",R5 UI foundation then R8 screen parity,contract + feature + upgrade tests; no deletion before evidence
eblocker-ui/src/locale/lang-setup-de.json,79159db5f74a7f851af528efa49710f08ba689f2,eblocker-ui,"retain until replacement parity; inventoried, not semantically certified",R5 UI foundation then R8 screen parity,contract + feature + upgrade tests; no deletion before evidence
eblocker-ui/src/locale/lang-setup-en.json,fa18b533de26e6809f016a8dc9eb914c05b15a18,eblocker-ui,"retain until replacement parity; inventoried, not semantically certified",R5 UI foundation then R8 screen parity,contract + feature + upgrade tests; no deletion before evidence
eblocker-ui/src/locale/lang-shared-de.json,2787aabeaf1ff02223b586a0c4f60845da8c6388,eblocker-ui,"retain until replacement parity; inventoried, not semantically certified",R5 UI foundation then R8 screen parity,contract + feature + upgrade tests; no deletion before evidence
eblocker-ui/src/locale/lang-shared-en.json,63e6aa9a75570cf98b92e60bc9d3c3fc1c08176b,eblocker-ui,"retain until replacement parity; inventoried, not semantically certified",R5 UI foundation then R8 screen parity,contract + feature + upgrade tests; no deletion before evidence
eblocker-ui/src/sample/app/_bootstrap/_configs/idleConfig.js,0da2dc913b46b372a2539a218a88846a67ab233a,eblocker-ui,"retain until replacement parity; inventoried, not semantically certified",R5 UI foundation then R8 screen parity,contract + feature + upgrade tests; no deletion before evidence
eblocker-ui/src/sample/app/_bootstrap/_configs/locationConfig.js,91d3910d5f2f0854a70585ca5b4d854e49abb3b1,eblocker-ui,"retain until replacement parity; inventoried, not semantically certified",R5 UI foundation then R8 screen parity,contract + feature + upgrade tests; no deletion before evidence
eblocker-ui/src/sample/app/_bootstrap/_configs/routeConfig.js,1e6e8b15661d3e2f7ed3e51dea4622cc3f382d5c,eblocker-ui,"retain until replacement parity; inventoried, not semantically certified",R5 UI foundation then R8 screen parity,contract + feature + upgrade tests; no deletion before evidence
eblocker-ui/src/sample/app/_bootstrap/_configs/translationConfig.js,49823b2b742f2acd3b7ea532dc2bd0cf3d50d326,eblocker-ui,"retain until replacement parity; inventoried, not semantically certified",R5 UI foundation then R8 screen parity,contract + feature + upgrade tests; no deletion before evidence
eblocker-ui/src/sample/app/app.constants.js,3e68df7f2d47000c38bb556df7c95370e02a875e,eblocker-ui,"retain until replacement parity; inventoried, not semantically certified",R5 UI foundation then R8 screen parity,contract + feature + upgrade tests; no deletion before evidence
eblocker-ui/src/sample/app/app.controller.js,f7af7374d2f03aabb75f2fa3a9111a1ea0398f9c,eblocker-ui,"retain until replacement parity; inventoried, not semantically certified",R5 UI foundation then R8 screen parity,contract + feature + upgrade tests; no deletion before evidence
eblocker-ui/src/sample/app/app.html,8ba63f6e0855961c398d4d2f9ca44343bee623c2,eblocker-ui,"retain until replacement parity; inventoried, not semantically certified",R5 UI foundation then R8 screen parity,contract + feature + upgrade tests; no deletion before evidence
eblocker-ui/src/sample/app/app.module.js,437e8dbedee9c55b23a345cbf454510a9ca56e43,eblocker-ui,"retain until replacement parity; inventoried, not semantically certified",R5 UI foundation then R8 screen parity,contract + feature + upgrade tests; no deletion before evidence
eblocker-ui/src/sample/app/app.router.js,ec5305c92fa210f06447565e151f890052862872,eblocker-ui,"retain until replacement parity; inventoried, not semantically certified",R5 UI foundation then R8 screen parity,contract + feature + upgrade tests; no deletion before evidence
eblocker-ui/src/sample/app/app.theme.js,9d4538844e2991a4879a2511f9288f3a7edc7cee,eblocker-ui,"retain until replacement parity; inventoried, not semantically certified",R5 UI foundation then R8 screen parity,contract + feature + upgrade tests; no deletion before evidence
eblocker-ui/src/sample/app/common/expired.controller.js,28f940592c2e3443b3c53e26eda4ccb74e78a690,eblocker-ui,"retain until replacement parity; inventoried, not semantically certified",R5 UI foundation then R8 screen parity,contract + feature + upgrade tests; no deletion before evidence
eblocker-ui/src/sample/app/common/expired.html,49b7edbacaeeba32569c81732abbfc11b29cae4e,eblocker-ui,"retain until replacement parity; inventoried, not semantically certified",R5 UI foundation then R8 screen parity,contract + feature + upgrade tests; no deletion before evidence
eblocker-ui/src/sample/app/common/idle.dialog.controller.js,9afb6592e0be03ed0f2e12a41f40e31f48c38678,eblocker-ui,"retain until replacement parity; inventoried, not semantically certified",R5 UI foundation then R8 screen parity,contract + feature + upgrade tests; no deletion before evidence
eblocker-ui/src/sample/app/common/idle.dialog.html,6e74acdcaa89f98e164bc81026cd580ffc319178,eblocker-ui,"retain until replacement parity; inventoried, not semantically certified",R5 UI foundation then R8 screen parity,contract + feature + upgrade tests; no deletion before evidence
eblocker-ui/src/sample/app/main.controller.js,28f996016ce38dac508c9714b91b20ed6e5acbed,eblocker-ui,"retain until replacement parity; inventoried, not semantically certified",R5 UI foundation then R8 screen parity,contract + feature + upgrade tests; no deletion before evidence
eblocker-ui/src/sample/app/main.html,337519782900d9f321cf574c52d2827d8a2cd892,eblocker-ui,"retain until replacement parity; inventoried, not semantically certified",R5 UI foundation then R8 screen parity,contract + feature + upgrade tests; no deletion before evidence
eblocker-ui/src/sample/app/redirect/redirect.controller.js,4a4be67c8004a0bcb988da21d34f0b9ef70ec42a,eblocker-ui,"retain until replacement parity; inventoried, not semantically certified",R5 UI foundation then R8 screen parity,contract + feature + upgrade tests; no deletion before evidence
eblocker-ui/src/sample/app/redirect/redirectNoTarget.html,7667561db31842acaf9956051879bb70177b76e9,eblocker-ui,"retain until replacement parity; inventoried, not semantically certified",R5 UI foundation then R8 screen parity,contract + feature + upgrade tests; no deletion before evidence
eblocker-ui/src/sample/app/redirect/redirectTarget.html,a258f3e7a2eea1437716d268f90c0516e9e61ef8,eblocker-ui,"retain until replacement parity; inventoried, not semantically certified",R5 UI foundation then R8 screen parity,contract + feature + upgrade tests; no deletion before evidence
eblocker-ui/src/sample/app/service/logger/logger.module.js,e161220e97ea01566eeaa6a176a704da7dd7af05,eblocker-ui,"retain until replacement parity; inventoried, not semantically certified",R5 UI foundation then R8 screen parity,contract + feature + upgrade tests; no deletion before evidence
eblocker-ui/src/sample/app/service/logger/logger.service.js,e7a4e7c732ac9028791f55782682055b625db164,eblocker-ui,"retain until replacement parity; inventoried, not semantically certified",R5 UI foundation then R8 screen parity,contract + feature + upgrade tests; no deletion before evidence
eblocker-ui/src/sample/app/service/redirect.service.js,f94141375a2b5f283df433371aaf7bfd7c0f3eb1,eblocker-ui,"retain until replacement parity; inventoried, not semantically certified",R5 UI foundation then R8 screen parity,contract + feature + upgrade tests; no deletion before evidence
eblocker-ui/src/sample/app/service/security/security.module.js,5058b2e1063fcc8c80f4013f8977e8d3f8892050,eblocker-ui,"retain until replacement parity; inventoried, not semantically certified",R5 UI foundation then R8 screen parity,contract + feature + upgrade tests; no deletion before evidence
eblocker-ui/src/sample/app/service/security/security.service.js,46a5b415d083d9f7442c6b0921ee5990c7969265,eblocker-ui,"retain until replacement parity; inventoried, not semantically certified",R5 UI foundation then R8 screen parity,contract + feature + upgrade tests; no deletion before evidence
eblocker-ui/src/sample/app/service/settings/settings.module.js,f22ee2a4d5e3e42dd892463bfd5148c2f5baeaa0,eblocker-ui,"retain until replacement parity; inventoried, not semantically certified",R5 UI foundation then R8 screen parity,contract + feature + upgrade tests; no deletion before evidence
eblocker-ui/src/sample/app/service/settings/settings.service.js,e35e7dd531e9975a4bd3b217b1ac4505864b9403,eblocker-ui,"retain until replacement parity; inventoried, not semantically certified",R5 UI foundation then R8 screen parity,contract + feature + upgrade tests; no deletion before evidence
eblocker-ui/src/sample/index.html,1c325d0ace23f394349bdd189e7c6b2b7be07bf2,eblocker-ui,"retain until replacement parity; inventoried, not semantically certified",R5 UI foundation then R8 screen parity,contract + feature + upgrade tests; no deletion before evidence
eblocker-ui/src/server/app.js,08fa57a0504e7579371ee857f7ac3bcb2822e655,eblocker-ui,"retain until replacement parity; inventoried, not semantically certified",R5 UI foundation then R8 screen parity,contract + feature + upgrade tests; no deletion before evidence
eblocker-ui/src/server/data/cert.pem,7a5b0dfb4e87a8053df96c401b977c9c5b16e93a,eblocker-ui,"retain until replacement parity; inventoried, not semantically certified",R5 UI foundation then R8 screen parity,contract + feature + upgrade tests; no deletion before evidence
eblocker-ui/src/server/device.js,565bae49e88d86199b183170aeb012a63ab2d7c0,eblocker-ui,"retain until replacement parity; inventoried, not semantically certified",R5 UI foundation then R8 screen parity,contract + feature + upgrade tests; no deletion before evidence
eblocker-ui/src/server/favicon.ico,8229b8d38de19ba8f75f5648110b1d6beac06213,eblocker-ui,"retain until replacement parity; inventoried, not semantically certified",R5 UI foundation then R8 screen parity,contract + feature + upgrade tests; no deletion before evidence
eblocker-ui/src/server/localTimestamp.js,cf0168cdb5b4e93b5cf5843adc9cccaa58060a33,eblocker-ui,"retain until replacement parity; inventoried, not semantically certified",R5 UI foundation then R8 screen parity,contract + feature + upgrade tests; no deletion before evidence
eblocker-ui/src/server/onlineTime.js,d8db109123cb71420b610dd7027092d3c86c2baf,eblocker-ui,"retain until replacement parity; inventoried, not semantically certified",R5 UI foundation then R8 screen parity,contract + feature + upgrade tests; no deletion before evidence
eblocker-ui/src/server/pause.js,61cca73511eb0669ad25f7ddcfe07dd6234b0b93,eblocker-ui,"retain until replacement parity; inventoried, not semantically certified",R5 UI foundation then R8 screen parity,contract + feature + upgrade tests; no deletion before evidence
eblocker-ui/src/server/redirect.js,5930e5c628384f58e1a44fb521aadbbf3556fe70,eblocker-ui,"retain until replacement parity; inventoried, not semantically certified",R5 UI foundation then R8 screen parity,contract + feature + upgrade tests; no deletion before evidence
eblocker-ui/src/server/routes.js,66c55e56748dc8b72f2b891bf16d52e8f29d2826,eblocker-ui,"retain until replacement parity; inventoried, not semantically certified",R5 UI foundation then R8 screen parity,contract + feature + upgrade tests; no deletion before evidence
eblocker-ui/src/server/security.js,6b1550450ba085086bac25939cd9af96e8f96bdc,eblocker-ui,"retain until replacement parity; inventoried, not semantically certified",R5 UI foundation then R8 screen parity,contract + feature + upgrade tests; no deletion before evidence
eblocker-ui/src/server/settings.js,b24807f8d86e1d7eaf826898d385986be14ab954,eblocker-ui,"retain until replacement parity; inventoried, not semantically certified",R5 UI foundation then R8 screen parity,contract + feature + upgrade tests; no deletion before evidence
eblocker-ui/src/server/ssl.js,7e943d5c0759f7a0ab62ac94c76fddb36c93990e,eblocker-ui,"retain until replacement parity; inventoried, not semantically certified",R5 UI foundation then R8 screen parity,contract + feature + upgrade tests; no deletion before evidence
eblocker-ui/src/server/userProfile.js,0eba532c44d4fa3725bd37e4dd3548b888dfc94d,eblocker-ui,"retain until replacement parity; inventoried, not semantically certified",R5 UI foundation then R8 screen parity,contract + feature + upgrade tests; no deletion before evidence
eblocker-ui/src/server/utils/404.js,c9d99e4ae585de55396201f9b26aff01e301e570,eblocker-ui,"retain until replacement parity; inventoried, not semantically certified",R5 UI foundation then R8 screen parity,contract + feature + upgrade tests; no deletion before evidence
eblocker-ui/src/settings/app/_bootstrap/_configs/httpInterceptor.js,f38672c5f41c78112f4cd9f73c64b9127983f5ec,eblocker-ui,"retain until replacement parity; inventoried, not semantically certified",R5 UI foundation then R8 screen parity,contract + feature + upgrade tests; no deletion before evidence
eblocker-ui/src/settings/app/_bootstrap/_configs/idleConfig.js,f2e9cccb0bec14d62cc2dc3c0216b0942a11311c,eblocker-ui,"retain until replacement parity; inventoried, not semantically certified",R5 UI foundation then R8 screen parity,contract + feature + upgrade tests; no deletion before evidence
eblocker-ui/src/settings/app/_bootstrap/_configs/locationConfig.js,91d3910d5f2f0854a70585ca5b4d854e49abb3b1,eblocker-ui,"retain until replacement parity; inventoried, not semantically certified",R5 UI foundation then R8 screen parity,contract + feature + upgrade tests; no deletion before evidence
eblocker-ui/src/settings/app/_bootstrap/_configs/routeConfig.js,201c1ccc664b59ba938a17f890a38da9c1a31b63,eblocker-ui,"retain until replacement parity; inventoried, not semantically certified",R5 UI foundation then R8 screen parity,contract + feature + upgrade tests; no deletion before evidence
eblocker-ui/src/settings/app/_bootstrap/_configs/timestamp.js,e8571e1b9f269122f57673882075bcf0522bb6f2,eblocker-ui,"retain until replacement parity; inventoried, not semantically certified",R5 UI foundation then R8 screen parity,contract + feature + upgrade tests; no deletion before evidence
eblocker-ui/src/settings/app/_bootstrap/_configs/translationConfig.js,4de1ad1424ff91a84a8037373361da8c80910c5c,eblocker-ui,"retain until replacement parity; inventoried, not semantically certified",R5 UI foundation then R8 screen parity,contract + feature + upgrade tests; no deletion before evidence
eblocker-ui/src/settings/app/_bootstrap/_constants/blockerCategory.js,d47c15d86e9ab03ab04d43bacf373f304241be7e,eblocker-ui,"retain until replacement parity; inventoried, not semantically certified",R5 UI foundation then R8 screen parity,contract + feature + upgrade tests; no deletion before evidence
eblocker-ui/src/settings/app/_bootstrap/_constants/blockerType.js,ba8be79a64c1eb012f8573aa2a280b26e643f1c3,eblocker-ui,"retain until replacement parity; inventoried, not semantically certified",R5 UI foundation then R8 screen parity,contract + feature + upgrade tests; no deletion before evidence
eblocker-ui/src/settings/app/_bootstrap/_constants/statesEnum.js,aa73fe365b76abb525404ed39a249d72c382ab82,eblocker-ui,"retain until replacement parity; inventoried, not semantically certified",R5 UI foundation then R8 screen parity,contract + feature + upgrade tests; no deletion before evidence
eblocker-ui/src/settings/app/_bootstrap/_runs/stateTransitionHooks.js,a005915a1931535525a0552b5305394175e8d41a,eblocker-ui,"retain until replacement parity; inventoried, not semantically certified",R5 UI foundation then R8 screen parity,contract + feature + upgrade tests; no deletion before evidence
eblocker-ui/src/settings/app/common/idle.dialog.controller.js,c16a33fcc63b87b2404dfa436642d390851bcea9,eblocker-ui,"retain until replacement parity; inventoried, not semantically certified",R5 UI foundation then R8 screen parity,contract + feature + upgrade tests; no deletion before evidence
eblocker-ui/src/settings/app/common/idle.dialog.html,eb1f210d9f1dc2f19f5dd5606f9a66ae128faf52,eblocker-ui,"retain until replacement parity; inventoried, not semantically certified",R5 UI foundation then R8 screen parity,contract + feature + upgrade tests; no deletion before evidence
eblocker-ui/src/settings/app/components/activation/activation.component.html,deb036e82dc235a8017d4d545381f9e0b80a5075,eblocker-ui,"retain until replacement parity; inventoried, not semantically certified",R5 UI foundation then R8 screen parity,contract + feature + upgrade tests; no deletion before evidence
eblocker-ui/src/settings/app/components/activation/activation.component.js,6d9af294675ab76686f61a99b5ff72c9b11a80bf,eblocker-ui,"retain until replacement parity; inventoried, not semantically certified",R5 UI foundation then R8 screen parity,contract + feature + upgrade tests; no deletion before evidence
eblocker-ui/src/settings/app/components/activation/activation.component.spec.js,0a47f4966eea2b111d657f7762111a5b62405b6c,eblocker-ui,"retain until replacement parity; inventoried, not semantically certified",R5 UI foundation then R8 screen parity,contract + feature + upgrade tests; no deletion before evidence
eblocker-ui/src/settings/app/components/activation/auto-enable-new-devices-tab.component.html,64853a7758d2510278455ff092b578b830483c03,eblocker-ui,"retain until replacement parity; inventoried, not semantically certified",R5 UI foundation then R8 screen parity,contract + feature + upgrade tests; no deletion before evidence
eblocker-ui/src/settings/app/components/activation/device-tab.component.html,384348e41442398b144b655d559fe932528402c6,eblocker-ui,"retain until replacement parity; inventoried, not semantically certified",R5 UI foundation then R8 screen parity,contract + feature + upgrade tests; no deletion before evidence
eblocker-ui/src/settings/app/components/activation/finish/activation-finish.component.html,2b27118a406131e75efd57fc68c2ab55dd229c7f,eblocker-ui,"retain until replacement parity; inventoried, not semantically certified",R5 UI foundation then R8 screen parity,contract + feature + upgrade tests; no deletion before evidence
eblocker-ui/src/settings/app/components/activation/finish/activation-finish.component.js,c8370e01e9b1d260b7f8bd643a3f43231c2c2009,eblocker-ui,"retain until replacement parity; inventoried, not semantically certified",R5 UI foundation then R8 screen parity,contract + feature + upgrade tests; no deletion before evidence
eblocker-ui/src/settings/app/components/activation/finish/activation-finish.component.spec.js,73d8a995a93b736ca0be2b38535a103b9b2079a7,eblocker-ui,"retain until replacement parity; inventoried, not semantically certified",R5 UI foundation then R8 screen parity,contract + feature + upgrade tests; no deletion before evidence
eblocker-ui/src/settings/app/components/activation/license-tab.component.html,9290d4ec5d15c6392c8b35c1185c3de6272ea210,eblocker-ui,"retain until replacement parity; inventoried, not semantically certified",R5 UI foundation then R8 screen parity,contract + feature + upgrade tests; no deletion before evidence
eblocker-ui/src/settings/app/components/activation/print-license.template.html,6eb537c2c07080f11d724b2901c4715a3494f517,eblocker-ui,"retain until replacement parity; inventoried, not semantically certified",R5 UI foundation then R8 screen parity,contract + feature + upgrade tests; no deletion before evidence
eblocker-ui/src/settings/app/components/activation/time-lang-tab.component.html,cce7c956ace7da34d69b79fa72d027e409d5a5cb,eblocker-ui,"retain until replacement parity; inventoried, not semantically certified",R5 UI foundation then R8 screen parity,contract + feature + upgrade tests; no deletion before evidence
eblocker-ui/src/settings/app/components/activation/tos-tab.component.html,a5110a3c0ec6346ed6b6e5c7cdb6f9b96f6b3fc0,eblocker-ui,"retain until replacement parity; inventoried, not semantically certified",R5 UI foundation then R8 screen parity,contract + feature + upgrade tests; no deletion before evidence
eblocker-ui/src/settings/app/components/activation/welcome-tab.component.html,b95a2bbcdfcd1b4c08bbb8a87cc006a9c59ad439,eblocker-ui,"retain until replacement parity; inventoried, not semantically certified",R5 UI foundation then R8 screen parity,contract + feature + upgrade tests; no deletion before evidence
eblocker-ui/src/settings/app/components/authentication/auth.component.js,dae919782869f24029f88add454ac9c2efa06ac9,eblocker-ui,"retain until replacement parity; inventoried, not semantically certified",R5 UI foundation then R8 screen parity,contract + feature + upgrade tests; no deletion before evidence
eblocker-ui/src/settings/app/components/authentication/auth.component.spec.js,08a7fc1b98377820c5952cef376dc48a8a500fcb,eblocker-ui,"retain until replacement parity; inventoried, not semantically certified",R5 UI foundation then R8 screen parity,contract + feature + upgrade tests; no deletion before evidence
eblocker-ui/src/settings/app/components/authentication/expired/expired.component.html,67927f52bd02174b23c616de6cfaf7f19e4ba449,eblocker-ui,"retain until replacement parity; inventoried, not semantically certified",R5 UI foundation then R8 screen parity,contract + feature + upgrade tests; no deletion before evidence
eblocker-ui/src/settings/app/components/authentication/expired/expired.component.js,a47ad7128ff48beaefd1e15351df49083c65ff67,eblocker-ui,"retain until replacement parity; inventoried, not semantically certified",R5 UI foundation then R8 screen parity,contract + feature + upgrade tests; no deletion before evidence
eblocker-ui/src/settings/app/components/authentication/expired/expired.component.spec.js,e03fd9190b6cb401a24eb350cc4c21dad72acffc,eblocker-ui,"retain until replacement parity; inventoried, not semantically certified",R5 UI foundation then R8 screen parity,contract + feature + upgrade tests; no deletion before evidence
eblocker-ui/src/settings/app/components/authentication/login/login.component.html,d0f81fa494762d4e86055ad7c943ec4ffea877dc,eblocker-ui,"retain until replacement parity; inventoried, not semantically certified",R5 UI foundation then R8 screen parity,contract + feature + upgrade tests; no deletion before evidence
eblocker-ui/src/settings/app/components/authentication/login/login.component.js,a0310dfa5e90c9202e35547611edc3f9d9d0a35a,eblocker-ui,"retain until replacement parity; inventoried, not semantically certified",R5 UI foundation then R8 screen parity,contract + feature + upgrade tests; no deletion before evidence
eblocker-ui/src/settings/app/components/authentication/login/login.component.spec.js,6d33a60fa36c4c17455c078a5619ccc2525eef6b,eblocker-ui,"retain until replacement parity; inventoried, not semantically certified",R5 UI foundation then R8 screen parity,contract + feature + upgrade tests; no deletion before evidence
eblocker-ui/src/settings/app/components/authentication/logout/logout.component.js,9d0bb3ab7e4dceda4472233f78be0ae578797907,eblocker-ui,"retain until replacement parity; inventoried, not semantically certified",R5 UI foundation then R8 screen parity,contract + feature + upgrade tests; no deletion before evidence
eblocker-ui/src/settings/app/components/authentication/resetPassword/reset-password.component.html,6033c6a4b290d433d5ef1e78d2387f1f9f541c02,eblocker-ui,"retain until replacement parity; inventoried, not semantically certified",R5 UI foundation then R8 screen parity,contract + feature + upgrade tests; no deletion before evidence
eblocker-ui/src/settings/app/components/authentication/resetPassword/reset-password.component.js,17a79d0fa0822de20501dabffec72cd6c08e49fe,eblocker-ui,"retain until replacement parity; inventoried, not semantically certified",R5 UI foundation then R8 screen parity,contract + feature + upgrade tests; no deletion before evidence
eblocker-ui/src/settings/app/components/authentication/resetPassword/reset-password.component.spec.js,744fa073e6852eec2752ecaf1a1232d31ed00d44,eblocker-ui,"retain until replacement parity; inventoried, not semantically certified",R5 UI foundation then R8 screen parity,contract + feature + upgrade tests; no deletion before evidence
eblocker-ui/src/settings/app/components/devices/devices.component.html,fb96515c03cebace8bbd88848f582826f37654e2,eblocker-ui,"retain until replacement parity; inventoried, not semantically certified",R5 UI foundation then R8 screen parity,contract + feature + upgrade tests; no deletion before evidence
eblocker-ui/src/settings/app/components/devices/devices.component.js,3e6926f2febd8c57d33c44f77fb45875b2dae359,eblocker-ui,"retain until replacement parity; inventoried, not semantically certified",R5 UI foundation then R8 screen parity,contract + feature + upgrade tests; no deletion before evidence
eblocker-ui/src/settings/app/components/devices/devices.component.spec.js,539bc09218f66d51132ad1b35a6f2f1840ba58eb,eblocker-ui,"retain until replacement parity; inventoried, not semantically certified",R5 UI foundation then R8 screen parity,contract + feature + upgrade tests; no deletion before evidence
eblocker-ui/src/settings/app/components/devices/discovery/devices-discovery.component.html,c0e52d4e63edf9963a8b56ca3646db20c3f2d439,eblocker-ui,"retain until replacement parity; inventoried, not semantically certified",R5 UI foundation then R8 screen parity,contract + feature + upgrade tests; no deletion before evidence
eblocker-ui/src/settings/app/components/devices/discovery/devices-discovery.component.js,cf3304c9a86dabe8d1c3a37151dd476d28354f28,eblocker-ui,"retain until replacement parity; inventoried, not semantically certified",R5 UI foundation then R8 screen parity,contract + feature + upgrade tests; no deletion before evidence
eblocker-ui/src/settings/app/components/devices/discovery/devices-discovery.component.spec.js,08c97a894e69252d392d102babf845d52b56f2b7,eblocker-ui,"retain until replacement parity; inventoried, not semantically certified",R5 UI foundation then R8 screen parity,contract + feature + upgrade tests; no deletion before evidence
eblocker-ui/src/settings/app/components/devices/discovery/help-device-search.template.html,b79f29c414bb1f04e649aaf5e747e0d08757911c,eblocker-ui,"retain until replacement parity; inventoried, not semantically certified",R5 UI foundation then R8 screen parity,contract + feature + upgrade tests; no deletion before evidence
eblocker-ui/src/settings/app/components/devices/list/devices-details-anon.component.html,518f16c71ca151b354d3ea11e691c23f993e7668,eblocker-ui,"retain until replacement parity; inventoried, not semantically certified",R5 UI foundation then R8 screen parity,contract + feature + upgrade tests; no deletion before evidence
eblocker-ui/src/settings/app/components/devices/list/devices-details-device.component.html,af52df62de73290765a3bee8e6d99a23231e5213,eblocker-ui,"retain until replacement parity; inventoried, not semantically certified",R5 UI foundation then R8 screen parity,contract + feature + upgrade tests; no deletion before evidence
eblocker-ui/src/settings/app/components/devices/list/devices-details-filters.component.html,bb01137fb386c22173ca4c589289b84cd8b78227,eblocker-ui,"retain until replacement parity; inventoried, not semantically certified",R5 UI foundation then R8 screen parity,contract + feature + upgrade tests; no deletion before evidence
eblocker-ui/src/settings/app/components/devices/list/devices-details-https.component.html,6029072f259a602533db187fb0fb2e08af8ffc2a,eblocker-ui,"retain until replacement parity; inventoried, not semantically certified",R5 UI foundation then R8 screen parity,contract + feature + upgrade tests; no deletion before evidence
eblocker-ui/src/settings/app/components/devices/list/devices-details-icon.component.html,2c61c5bdbd3d39c0955f076410aa82aa98f7abbb,eblocker-ui,"retain until replacement parity; inventoried, not semantically certified",R5 UI foundation then R8 screen parity,contract + feature + upgrade tests; no deletion before evidence
eblocker-ui/src/settings/app/components/devices/list/devices-details-messages.component.html,2d2b0f27dbe3d4cf0c28a92adc7e62138f2fc96a,eblocker-ui,"retain until replacement parity; inventoried, not semantically certified",R5 UI foundation then R8 screen parity,contract + feature + upgrade tests; no deletion before evidence
eblocker-ui/src/settings/app/components/devices/list/devices-details-mobile.component.html,cdecb3a17540ab8ebb72e70795f6848db5031bec,eblocker-ui,"retain until replacement parity; inventoried, not semantically certified",R5 UI foundation then R8 screen parity,contract + feature + upgrade tests; no deletion before evidence
eblocker-ui/src/settings/app/components/devices/list/devices-details-users.component.html,f29fe828f33feb96f0dcc32cf5826b85defadb30,eblocker-ui,"retain until replacement parity; inventoried, not semantically certified",R5 UI foundation then R8 screen parity,contract + feature + upgrade tests; no deletion before evidence
eblocker-ui/src/settings/app/components/devices/list/devices-details.component.html,003fa3811523f77930f8df7849d29eee6d6ef4e3,eblocker-ui,"retain until replacement parity; inventoried, not semantically certified",R5 UI foundation then R8 screen parity,contract + feature + upgrade tests; no deletion before evidence
eblocker-ui/src/settings/app/components/devices/list/devices-details.component.js,7367680108ba4c922712d912b38ec2aa9531ab41,eblocker-ui,"retain until replacement parity; inventoried, not semantically certified",R5 UI foundation then R8 screen parity,contract + feature + upgrade tests; no deletion before evidence
eblocker-ui/src/settings/app/components/devices/list/devices-list-table.template.html,2c2b07cd561591b7daa9752d9d6fd718908183b7,eblocker-ui,"retain until replacement parity; inventoried, not semantically certified",R5 UI foundation then R8 screen parity,contract + feature + upgrade tests; no deletion before evidence
eblocker-ui/src/settings/app/components/devices/list/devices-list.component.html,3bc013969f9c8d204ed00b3d12a84016e92e444d,eblocker-ui,"retain until replacement parity; inventoried, not semantically certified",R5 UI foundation then R8 screen parity,contract + feature + upgrade tests; no deletion before evidence
eblocker-ui/src/settings/app/components/devices/list/devices-list.component.js,1db728fceda43bcb71c0d31b7435b77f2149b26c,eblocker-ui,"retain until replacement parity; inventoried, not semantically certified",R5 UI foundation then R8 screen parity,contract + feature + upgrade tests; no deletion before evidence
eblocker-ui/src/settings/app/components/devices/list/devices-list.component.spec.js,de06a3ec0c7a3893857e5fa6543632a62251540c,eblocker-ui,"retain until replacement parity; inventoried, not semantically certified",R5 UI foundation then R8 screen parity,contract + feature + upgrade tests; no deletion before evidence
eblocker-ui/src/settings/app/components/devices/list/help-devices-list.template.html,48f75150745f02466eefa33b81a82548481b97d1,eblocker-ui,"retain until replacement parity; inventoried, not semantically certified",R5 UI foundation then R8 screen parity,contract + feature + upgrade tests; no deletion before evidence
eblocker-ui/src/settings/app/components/dns/dns.component.html,fb96515c03cebace8bbd88848f582826f37654e2,eblocker-ui,"retain until replacement parity; inventoried, not semantically certified",R5 UI foundation then R8 screen parity,contract + feature + upgrade tests; no deletion before evidence
eblocker-ui/src/settings/app/components/dns/dns.component.js,a951ac1ece8a0609da45ad4486e935a7bd1e0142,eblocker-ui,"retain until replacement parity; inventoried, not semantically certified",R5 UI foundation then R8 screen parity,contract + feature + upgrade tests; no deletion before evidence
eblocker-ui/src/settings/app/components/dns/dns.component.spec.js,e51c80fa9d98edb7353a52af931db265045a4254,eblocker-ui,"retain until replacement parity; inventoried, not semantically certified",R5 UI foundation then R8 screen parity,contract + feature + upgrade tests; no deletion before evidence
eblocker-ui/src/settings/app/components/dns/local/dns-local-table.template.html,f30f7d062ae367d27ff9b3815e48857746357c65,eblocker-ui,"retain until replacement parity; inventoried, not semantically certified",R5 UI foundation then R8 screen parity,contract + feature + upgrade tests; no deletion before evidence
eblocker-ui/src/settings/app/components/dns/local/dns-local.component.html,4c9931b4d3b489e621247ca174c3f41ec836c721,eblocker-ui,"retain until replacement parity; inventoried, not semantically certified",R5 UI foundation then R8 screen parity,contract + feature + upgrade tests; no deletion before evidence
eblocker-ui/src/settings/app/components/dns/local/dns-local.component.js,33cbd4094425844b9c413f013f46a8b098464bb7,eblocker-ui,"retain until replacement parity; inventoried, not semantically certified",R5 UI foundation then R8 screen parity,contract + feature + upgrade tests; no deletion before evidence
eblocker-ui/src/settings/app/components/dns/local/dns-local.component.spec.js,8230f0f940ba68158cdb56058594c8934882c81f,eblocker-ui,"retain until replacement parity; inventoried, not semantically certified",R5 UI foundation then R8 screen parity,contract + feature + upgrade tests; no deletion before evidence
eblocker-ui/src/settings/app/components/dns/local/help-dns-local.template.html,2401b64a09e016a3b65686b588619c884d130205,eblocker-ui,"retain until replacement parity; inventoried, not semantically certified",R5 UI foundation then R8 screen parity,contract + feature + upgrade tests; no deletion before evidence
eblocker-ui/src/settings/app/components/dns/server/dns-server-table.template.html,7cf4e62c7caff35c06eb36268ce3211b6dc0e18b,eblocker-ui,"retain until replacement parity; inventoried, not semantically certified",R5 UI foundation then R8 screen parity,contract + feature + upgrade tests; no deletion before evidence
eblocker-ui/src/settings/app/components/dns/server/dns-server.component.html,072df3de6656a244826b778cba3d3130fc3f55c1,eblocker-ui,"retain until replacement parity; inventoried, not semantically certified",R5 UI foundation then R8 screen parity,contract + feature + upgrade tests; no deletion before evidence
eblocker-ui/src/settings/app/components/dns/server/dns-server.component.js,cab1472b36a0d65fdc0990ebb04b87278abf99a1,eblocker-ui,"retain until replacement parity; inventoried, not semantically certified",R5 UI foundation then R8 screen parity,contract + feature + upgrade tests; no deletion before evidence
eblocker-ui/src/settings/app/components/dns/server/dns-server.component.spec.js,68141bab6e7f3e3f137b05c4337d9cf6fe44c750,eblocker-ui,"retain until replacement parity; inventoried, not semantically certified",R5 UI foundation then R8 screen parity,contract + feature + upgrade tests; no deletion before evidence
eblocker-ui/src/settings/app/components/dns/server/help-dns-server.template.html,3ea6205108a5911aec6501985ecc2c91d48e7b3f,eblocker-ui,"retain until replacement parity; inventoried, not semantically certified",R5 UI foundation then R8 screen parity,contract + feature + upgrade tests; no deletion before evidence
eblocker-ui/src/settings/app/components/dns/status/dns-status.component.html,86689d3cae3883a59529bfe681e77dfaf0817939,eblocker-ui,"retain until replacement parity; inventoried, not semantically certified",R5 UI foundation then R8 screen parity,contract + feature + upgrade tests; no deletion before evidence
eblocker-ui/src/settings/app/components/dns/status/dns-status.component.js,18fdeb489910f7aa6162831d678e5a8378f3e5c4,eblocker-ui,"retain until replacement parity; inventoried, not semantically certified",R5 UI foundation then R8 screen parity,contract + feature + upgrade tests; no deletion before evidence
eblocker-ui/src/settings/app/components/dns/status/dns-status.component.spec.js,cd7e9480919a4801172f5a2c3aafa45a4ab69063,eblocker-ui,"retain until replacement parity; inventoried, not semantically certified",R5 UI foundation then R8 screen parity,contract + feature + upgrade tests; no deletion before evidence
eblocker-ui/src/settings/app/components/dns/status/help-dns-status.template.html,553cb738692aca528afbc98b3f5a2ba4647c9061,eblocker-ui,"retain until replacement parity; inventoried, not semantically certified",R5 UI foundation then R8 screen parity,contract + feature + upgrade tests; no deletion before evidence
eblocker-ui/src/settings/app/components/doctor/diagnosis/diagnosis-table.template.html,0368eb45e6595cb0ed65e1256299468ac4984ef8,eblocker-ui,"retain until replacement parity; inventoried, not semantically certified",R5 UI foundation then R8 screen parity,contract + feature + upgrade tests; no deletion before evidence
eblocker-ui/src/settings/app/components/doctor/diagnosis/doctor-diagnosis.component.html,ecfdf4c5650abaf53c8b8c043e281514ec87ad6d,eblocker-ui,"retain until replacement parity; inventoried, not semantically certified",R5 UI foundation then R8 screen parity,contract + feature + upgrade tests; no deletion before evidence
eblocker-ui/src/settings/app/components/doctor/diagnosis/doctor-diagnosis.component.js,bf4d4074d029d7661b143c1d634797adb2f0ee48,eblocker-ui,"retain until replacement parity; inventoried, not semantically certified",R5 UI foundation then R8 screen parity,contract + feature + upgrade tests; no deletion before evidence
eblocker-ui/src/settings/app/components/doctor/doctor.component.html,70f9bf1a9d20fa1c2a436aacc359e0403a1171b1,eblocker-ui,"retain until replacement parity; inventoried, not semantically certified",R5 UI foundation then R8 screen parity,contract + feature + upgrade tests; no deletion before evidence
eblocker-ui/src/settings/app/components/doctor/doctor.component.js,c815c908b1336e1c0f2451317c36ad1f87337855,eblocker-ui,"retain until replacement parity; inventoried, not semantically certified",R5 UI foundation then R8 screen parity,contract + feature + upgrade tests; no deletion before evidence
eblocker-ui/src/settings/app/components/filters/advanced/advanced-settings.component.html,f8c886f7c67f3f2add8fb2f821887f056c32ef43,eblocker-ui,"retain until replacement parity; inventoried, not semantically certified",R5 UI foundation then R8 screen parity,contract + feature + upgrade tests; no deletion before evidence
eblocker-ui/src/settings/app/components/filters/advanced/advanced-settings.component.js,0a6dacb9d2dc3339b1e504e42619ad1d8d5f7f59,eblocker-ui,"retain until replacement parity; inventoried, not semantically certified",R5 UI foundation then R8 screen parity,contract + feature + upgrade tests; no deletion before evidence
eblocker-ui/src/settings/app/components/filters/advanced/advanced-settings.component.spec.js,f5e2d72babed6e6748c9a0f07068a1f2c29d8cde,eblocker-ui,"retain until replacement parity; inventoried, not semantically certified",R5 UI foundation then R8 screen parity,contract + feature + upgrade tests; no deletion before evidence
eblocker-ui/src/settings/app/components/filters/advanced/filters-advanced-settings-table.template.html,a6831c6c5ce4fd2787d3d47ccb1287dfb4ad0538,eblocker-ui,"retain until replacement parity; inventoried, not semantically certified",R5 UI foundation then R8 screen parity,contract + feature + upgrade tests; no deletion before evidence
eblocker-ui/src/settings/app/components/filters/advanced/help-filters-advanced.template.html,d4dac526bc56ae5e6e6efd8e89f98f544c19c3f1,eblocker-ui,"retain until replacement parity; inventoried, not semantically certified",R5 UI foundation then R8 screen parity,contract + feature + upgrade tests; no deletion before evidence
eblocker-ui/src/settings/app/components/filters/advanced/help-filters-captive-portal.template.html,d6dca2d567a1a9ab19aaf8477621ff2891f90095,eblocker-ui,"retain until replacement parity; inventoried, not semantically certified",R5 UI foundation then R8 screen parity,contract + feature + upgrade tests; no deletion before evidence
eblocker-ui/src/settings/app/components/filters/advanced/help-filters-do-not-track.html,c667dd079556954017940de1926fab385410402b,eblocker-ui,"retain until replacement parity; inventoried, not semantically certified",R5 UI foundation then R8 screen parity,contract + feature + upgrade tests; no deletion before evidence
eblocker-ui/src/settings/app/components/filters/advanced/help-filters-referrer.html,6131a8b6375e590b671d291f557a13c7d4b22775,eblocker-ui,"retain until replacement parity; inventoried, not semantically certified",R5 UI foundation then R8 screen parity,contract + feature + upgrade tests; no deletion before evidence
eblocker-ui/src/settings/app/components/filters/advanced/help-filters-web-compression.template.html,43caa3be8dfe0f7c1a330c3a9c44fe143d7d8259,eblocker-ui,"retain until replacement parity; inventoried, not semantically certified",R5 UI foundation then R8 screen parity,contract + feature + upgrade tests; no deletion before evidence
eblocker-ui/src/settings/app/components/filters/advanced/help-filters-web-rtc.template.html,442309616bf9241eab469130f5a7acba5b810148,eblocker-ui,"retain until replacement parity; inventoried, not semantically certified",R5 UI foundation then R8 screen parity,contract + feature + upgrade tests; no deletion before evidence
eblocker-ui/src/settings/app/components/filters/analysis/analysis-details.component.html,95b65d7abbf1c79410eeea451d1ab5273825e629,eblocker-ui,"retain until replacement parity; inventoried, not semantically certified",R5 UI foundation then R8 screen parity,contract + feature + upgrade tests; no deletion before evidence
eblocker-ui/src/settings/app/components/filters/analysis/analysis-details.component.js,5ee13c7615f9e750e3daa46f165aec84ba69ba34,eblocker-ui,"retain until replacement parity; inventoried, not semantically certified",R5 UI foundation then R8 screen parity,contract + feature + upgrade tests; no deletion before evidence
eblocker-ui/src/settings/app/components/filters/analysis/analysis-table.template.html,4631d4e222ef78abbef9e2afb1e72c9e26ed61fb,eblocker-ui,"retain until replacement parity; inventoried, not semantically certified",R5 UI foundation then R8 screen parity,contract + feature + upgrade tests; no deletion before evidence
eblocker-ui/src/settings/app/components/filters/analysis/analysis.component.html,c1d413014f3f71bf00bb67a59db462e94d0d54f4,eblocker-ui,"retain until replacement parity; inventoried, not semantically certified",R5 UI foundation then R8 screen parity,contract + feature + upgrade tests; no deletion before evidence
eblocker-ui/src/settings/app/components/filters/analysis/analysis.component.js,c3eb85ba83f57ff9437cdde354f5a96796a5e1ae,eblocker-ui,"retain until replacement parity; inventoried, not semantically certified",R5 UI foundation then R8 screen parity,contract + feature + upgrade tests; no deletion before evidence
eblocker-ui/src/settings/app/components/filters/analysis/analysis.component.spec.js,0635406f17b75c6abe8f830af46c54b5bc7e28d0,eblocker-ui,"retain until replacement parity; inventoried, not semantically certified",R5 UI foundation then R8 screen parity,contract + feature + upgrade tests; no deletion before evidence
eblocker-ui/src/settings/app/components/filters/filter.component.html,679084c19efcb829352bc3f72179ca8a06d24675,eblocker-ui,"retain until replacement parity; inventoried, not semantically certified",R5 UI foundation then R8 screen parity,contract + feature + upgrade tests; no deletion before evidence
eblocker-ui/src/settings/app/components/filters/filter.component.js,413d8f6d2969f03fc551627ad604753d42bfecfc,eblocker-ui,"retain until replacement parity; inventoried, not semantically certified",R5 UI foundation then R8 screen parity,contract + feature + upgrade tests; no deletion before evidence
eblocker-ui/src/settings/app/components/filters/filter.component.spec.js,eefd71b408bcf8c25615babe319e2e0a5f4f0916,eblocker-ui,"retain until replacement parity; inventoried, not semantically certified",R5 UI foundation then R8 screen parity,contract + feature + upgrade tests; no deletion before evidence
eblocker-ui/src/settings/app/components/filters/overview/blocked-lists-table.template.html,d1c107f56bf61908633ac2d0158b6b08cec6d233,eblocker-ui,"retain until replacement parity; inventoried, not semantically certified",R5 UI foundation then R8 screen parity,contract + feature + upgrade tests; no deletion before evidence
eblocker-ui/src/settings/app/components/filters/overview/filter-details.component.html,33dcd997cbf3c1fe988a03cbbb80ce213ce2daaa,eblocker-ui,"retain until replacement parity; inventoried, not semantically certified",R5 UI foundation then R8 screen parity,contract + feature + upgrade tests; no deletion before evidence
eblocker-ui/src/settings/app/components/filters/overview/filter-details.component.js,bd1455927fcde82dd3ae3c5b48b8af14ac647325,eblocker-ui,"retain until replacement parity; inventoried, not semantically certified",R5 UI foundation then R8 screen parity,contract + feature + upgrade tests; no deletion before evidence
eblocker-ui/src/settings/app/components/filters/overview/filter-overview.component.html,f1b384abeef718b2b1fbbba6f00655bcddc52182,eblocker-ui,"retain until replacement parity; inventoried, not semantically certified",R5 UI foundation then R8 screen parity,contract + feature + upgrade tests; no deletion before evidence
eblocker-ui/src/settings/app/components/filters/overview/filter-overview.component.js,7d2c9b4e43c072c6dc8290199cdf735bda77b6dc,eblocker-ui,"retain until replacement parity; inventoried, not semantically certified",R5 UI foundation then R8 screen parity,contract + feature + upgrade tests; no deletion before evidence
eblocker-ui/src/settings/app/components/filters/overview/filter-overview.component.spec.js,8e705e73fbac3102d9c4dacf2a83753fc8fb25b4,eblocker-ui,"retain until replacement parity; inventoried, not semantically certified",R5 UI foundation then R8 screen parity,contract + feature + upgrade tests; no deletion before evidence
eblocker-ui/src/settings/app/components/filters/overview/filters-overview-table.template.html,05754356beef9117098836043f4d2aa3b40aae25,eblocker-ui,"retain until replacement parity; inventoried, not semantically certified",R5 UI foundation then R8 screen parity,contract + feature + upgrade tests; no deletion before evidence
eblocker-ui/src/settings/app/components/filters/overview/help-filters-content.template.html,295c4b253d56423737bfc19498d9cce02e681701,eblocker-ui,"retain until replacement parity; inventoried, not semantically certified",R5 UI foundation then R8 screen parity,contract + feature + upgrade tests; no deletion before evidence
eblocker-ui/src/settings/app/components/filters/overview/help-filters-malware.template.html,ecbf13304b20683828c54d3f33f3a695ad754ad9,eblocker-ui,"retain until replacement parity; inventoried, not semantically certified",R5 UI foundation then R8 screen parity,contract + feature + upgrade tests; no deletion before evidence
eblocker-ui/src/settings/app/components/filters/overview/help-filters-pattern.template.html,acab6dd6265f1ea5b97d916db81f6965f0fadc3b,eblocker-ui,"retain until replacement parity; inventoried, not semantically certified",R5 UI foundation then R8 screen parity,contract + feature + upgrade tests; no deletion before evidence
eblocker-ui/src/settings/app/components/filters/overview/help-filters-plug-and-play.template.html,66d90884f1629e5063f1f500dd689bdc29721da8,eblocker-ui,"retain until replacement parity; inventoried, not semantically certified",R5 UI foundation then R8 screen parity,contract + feature + upgrade tests; no deletion before evidence
eblocker-ui/src/settings/app/components/filters/overview/help-filters-status.template.html,2fff2d58dd0f7672b0d8692985ddf6acaeb0fd15,eblocker-ui,"retain until replacement parity; inventoried, not semantically certified",R5 UI foundation then R8 screen parity,contract + feature + upgrade tests; no deletion before evidence
eblocker-ui/src/settings/app/components/help/help-icon.component.html,902a16114b16aca37213d53e57a6dd7b36a729d8,eblocker-ui,"retain until replacement parity; inventoried, not semantically certified",R5 UI foundation then R8 screen parity,contract + feature + upgrade tests; no deletion before evidence
eblocker-ui/src/settings/app/components/help/help-icon.component.js,0e46e4450666698714092317203510ad61a49199,eblocker-ui,"retain until replacement parity; inventoried, not semantically certified",R5 UI foundation then R8 screen parity,contract + feature + upgrade tests; no deletion before evidence
eblocker-ui/src/settings/app/components/help/help-inline.component.html,549e6186fb51d806bd479a4a93c20ba65ad43c8b,eblocker-ui,"retain until replacement parity; inventoried, not semantically certified",R5 UI foundation then R8 screen parity,contract + feature + upgrade tests; no deletion before evidence
eblocker-ui/src/settings/app/components/help/help-inline.component.js,e9dc8ffbe6063c28738c48a28a612c21e4cc3b95,eblocker-ui,"retain until replacement parity; inventoried, not semantically certified",R5 UI foundation then R8 screen parity,contract + feature + upgrade tests; no deletion before evidence
eblocker-ui/src/settings/app/components/home/about/about.component.html,2f0150ee6f3bdb5bd282e0d82443926c23036b78,eblocker-ui,"retain until replacement parity; inventoried, not semantically certified",R5 UI foundation then R8 screen parity,contract + feature + upgrade tests; no deletion before evidence
eblocker-ui/src/settings/app/components/home/about/about.component.js,35c9e59241586cbc5b3baa9e17b23f7851fd64b5,eblocker-ui,"retain until replacement parity; inventoried, not semantically certified",R5 UI foundation then R8 screen parity,contract + feature + upgrade tests; no deletion before evidence
eblocker-ui/src/settings/app/components/home/about/about.component.spec.js,47043e4b32460f6154c0184137b0066accb90177,eblocker-ui,"retain until replacement parity; inventoried, not semantically certified",R5 UI foundation then R8 screen parity,contract + feature + upgrade tests; no deletion before evidence
eblocker-ui/src/settings/app/components/home/home.component.html,504616fa37b287a39d89388396848a611722e500,eblocker-ui,"retain until replacement parity; inventoried, not semantically certified",R5 UI foundation then R8 screen parity,contract + feature + upgrade tests; no deletion before evidence
eblocker-ui/src/settings/app/components/home/home.component.js,0435845c8db1733afe29ec0743d4b8b89ea548d4,eblocker-ui,"retain until replacement parity; inventoried, not semantically certified",R5 UI foundation then R8 screen parity,contract + feature + upgrade tests; no deletion before evidence
eblocker-ui/src/settings/app/components/home/home.component.spec.js,1808e60f1e8488cb3772f4c349e3ac58eeb0bcce,eblocker-ui,"retain until replacement parity; inventoried, not semantically certified",R5 UI foundation then R8 screen parity,contract + feature + upgrade tests; no deletion before evidence
eblocker-ui/src/settings/app/components/home/legal/legal.component.html,99d14dac6839f9f3925e2d86b2a6da659bbd7d8f,eblocker-ui,"retain until replacement parity; inventoried, not semantically certified",R5 UI foundation then R8 screen parity,contract + feature + upgrade tests; no deletion before evidence
eblocker-ui/src/settings/app/components/home/legal/legal.component.js,608163b7208ce35fe336120f79d688a67ecea542,eblocker-ui,"retain until replacement parity; inventoried, not semantically certified",R5 UI foundation then R8 screen parity,contract + feature + upgrade tests; no deletion before evidence
eblocker-ui/src/settings/app/components/home/legal/legal.component.spec.js,1b70f04377d300b4f3bb9bafa58c6722891b0e70,eblocker-ui,"retain until replacement parity; inventoried, not semantically certified",R5 UI foundation then R8 screen parity,contract + feature + upgrade tests; no deletion before evidence
eblocker-ui/src/settings/app/components/home/license/help-license.template.html,c80c23194a9c1cd63a2c901c1c97016f6762c0dd,eblocker-ui,"retain until replacement parity; inventoried, not semantically certified",R5 UI foundation then R8 screen parity,contract + feature + upgrade tests; no deletion before evidence
eblocker-ui/src/settings/app/components/home/license/license.component.html,974bd79fa5826ff5b7f67d0af2451578cbbdd4e5,eblocker-ui,"retain until replacement parity; inventoried, not semantically certified",R5 UI foundation then R8 screen parity,contract + feature + upgrade tests; no deletion before evidence
eblocker-ui/src/settings/app/components/home/license/license.component.js,f304214ef6416494215ebe736cdfd14b7e9b3d18,eblocker-ui,"retain until replacement parity; inventoried, not semantically certified",R5 UI foundation then R8 screen parity,contract + feature + upgrade tests; no deletion before evidence
eblocker-ui/src/settings/app/components/home/license/license.component.spec.js,b62ebd79af8675abbd5ab5cd986563cbfcbd18fb,eblocker-ui,"retain until replacement parity; inventoried, not semantically certified",R5 UI foundation then R8 screen parity,contract + feature + upgrade tests; no deletion before evidence
eblocker-ui/src/settings/app/components/home/license/resetActivation/reset-activation.component.html,f99890007d7a9576484fa5816487e28fee0bfe97,eblocker-ui,"retain until replacement parity; inventoried, not semantically certified",R5 UI foundation then R8 screen parity,contract + feature + upgrade tests; no deletion before evidence
eblocker-ui/src/settings/app/components/home/license/resetActivation/reset-activation.component.js,e59b89395e704b144fa1a5a33991cd91d7e933e4,eblocker-ui,"retain until replacement parity; inventoried, not semantically certified",R5 UI foundation then R8 screen parity,contract + feature + upgrade tests; no deletion before evidence
eblocker-ui/src/settings/app/components/home/license/resetActivation/reset-activation.component.spec.js,c08ab7a8c8bc466fb356d643c33196ebb3489cd0,eblocker-ui,"retain until replacement parity; inventoried, not semantically certified",R5 UI foundation then R8 screen parity,contract + feature + upgrade tests; no deletion before evidence
eblocker-ui/src/settings/app/components/home/update/help-update.template.html,e3c7e5fc04e434fe9acf32a122a9003efebdd6d7,eblocker-ui,"retain until replacement parity; inventoried, not semantically certified",R5 UI foundation then R8 screen parity,contract + feature + upgrade tests; no deletion before evidence
eblocker-ui/src/settings/app/components/home/update/update.component.html,6f134ba2564c6e9b9cc1a11825421aebf0eeb9de,eblocker-ui,"retain until replacement parity; inventoried, not semantically certified",R5 UI foundation then R8 screen parity,contract + feature + upgrade tests; no deletion before evidence
eblocker-ui/src/settings/app/components/home/update/update.component.js,62fff4ba1808cfe2fa576c2d60c4a4883e16e2cc,eblocker-ui,"retain until replacement parity; inventoried, not semantically certified",R5 UI foundation then R8 screen parity,contract + feature + upgrade tests; no deletion before evidence
eblocker-ui/src/settings/app/components/home/update/update.component.spec.js,af3edac72c4d8cef443c8c8fdb78b102896e1585,eblocker-ui,"retain until replacement parity; inventoried, not semantically certified",R5 UI foundation then R8 screen parity,contract + feature + upgrade tests; no deletion before evidence
eblocker-ui/src/settings/app/components/ipAnon/ip-anon.component.html,679084c19efcb829352bc3f72179ca8a06d24675,eblocker-ui,"retain until replacement parity; inventoried, not semantically certified",R5 UI foundation then R8 screen parity,contract + feature + upgrade tests; no deletion before evidence
eblocker-ui/src/settings/app/components/ipAnon/ip-anon.component.js,d51b571b62ee4901292d2f2560175711310c6dd8,eblocker-ui,"retain until replacement parity; inventoried, not semantically certified",R5 UI foundation then R8 screen parity,contract + feature + upgrade tests; no deletion before evidence
eblocker-ui/src/settings/app/components/ipAnon/ip-anon.component.spec.js,ebc66b25add540ce64da40688993bab903543686,eblocker-ui,"retain until replacement parity; inventoried, not semantically certified",R5 UI foundation then R8 screen parity,contract + feature + upgrade tests; no deletion before evidence
eblocker-ui/src/settings/app/components/ipAnon/tor/help-tor.template.html,8e4019d0d7e4a973ab41be15febedb10b004382a,eblocker-ui,"retain until replacement parity; inventoried, not semantically certified",R5 UI foundation then R8 screen parity,contract + feature + upgrade tests; no deletion before evidence
eblocker-ui/src/settings/app/components/ipAnon/tor/tor-table.template.html,596751154f7078e1c057529bdb3531a69ab4edd8,eblocker-ui,"retain until replacement parity; inventoried, not semantically certified",R5 UI foundation then R8 screen parity,contract + feature + upgrade tests; no deletion before evidence
eblocker-ui/src/settings/app/components/ipAnon/tor/tor.component.html,95e2ded322838f2915e2c2bc967dd17a76a8d064,eblocker-ui,"retain until replacement parity; inventoried, not semantically certified",R5 UI foundation then R8 screen parity,contract + feature + upgrade tests; no deletion before evidence
eblocker-ui/src/settings/app/components/ipAnon/tor/tor.component.js,915fca107bf5457454f08d9930e648a73a8bc297,eblocker-ui,"retain until replacement parity; inventoried, not semantically certified",R5 UI foundation then R8 screen parity,contract + feature + upgrade tests; no deletion before evidence
eblocker-ui/src/settings/app/components/ipAnon/tor/tor.component.spec.js,514bae1d2500c122024a2bf60e2ce1e3176f0d79,eblocker-ui,"retain until replacement parity; inventoried, not semantically certified",R5 UI foundation then R8 screen parity,contract + feature + upgrade tests; no deletion before evidence
eblocker-ui/src/settings/app/components/ipAnon/vpn/help-keep-alive.template.html,a4dfa93f3825e8630a0b0571cfc57fd3122a196d,eblocker-ui,"retain until replacement parity; inventoried, not semantically certified",R5 UI foundation then R8 screen parity,contract + feature + upgrade tests; no deletion before evidence
eblocker-ui/src/settings/app/components/ipAnon/vpn/help-vpn.template.html,0ec21ff66ef28b3f311f3081d5da853348c709c7,eblocker-ui,"retain until replacement parity; inventoried, not semantically certified",R5 UI foundation then R8 screen parity,contract + feature + upgrade tests; no deletion before evidence
eblocker-ui/src/settings/app/components/ipAnon/vpn/vpn-connect-details.component.html,47cef8dc878c8fdb92759f5a770abebe4d56f820,eblocker-ui,"retain until replacement parity; inventoried, not semantically certified",R5 UI foundation then R8 screen parity,contract + feature + upgrade tests; no deletion before evidence
eblocker-ui/src/settings/app/components/ipAnon/vpn/vpn-connect-details.component.js,529e10ae2e8286325ac1d29c1892cd369fc4fb52,eblocker-ui,"retain until replacement parity; inventoried, not semantically certified",R5 UI foundation then R8 screen parity,contract + feature + upgrade tests; no deletion before evidence
eblocker-ui/src/settings/app/components/ipAnon/vpn/vpn-connect.component.html,fa0be5b9e0ee988d918633536328ecb672783ec8,eblocker-ui,"retain until replacement parity; inventoried, not semantically certified",R5 UI foundation then R8 screen parity,contract + feature + upgrade tests; no deletion before evidence
eblocker-ui/src/settings/app/components/ipAnon/vpn/vpn-connect.component.js,1f59f77f791d34044743fb2532380096658eab74,eblocker-ui,"retain until replacement parity; inventoried, not semantically certified",R5 UI foundation then R8 screen parity,contract + feature + upgrade tests; no deletion before evidence
eblocker-ui/src/settings/app/components/ipAnon/vpn/vpn-connect.component.spec.js,f8cf70a1ebeca1e2ea4c54ee0b17ceb8c2e9ee10,eblocker-ui,"retain until replacement parity; inventoried, not semantically certified",R5 UI foundation then R8 screen parity,contract + feature + upgrade tests; no deletion before evidence
eblocker-ui/src/settings/app/components/ipAnon/vpn/vpn-table.template.html,3d02144aab3d3d34d71ed90f2a2fa6686dd20339,eblocker-ui,"retain until replacement parity; inventoried, not semantically certified",R5 UI foundation then R8 screen parity,contract + feature + upgrade tests; no deletion before evidence
eblocker-ui/src/settings/app/components/network/network.component.html,70f9bf1a9d20fa1c2a436aacc359e0403a1171b1,eblocker-ui,"retain until replacement parity; inventoried, not semantically certified",R5 UI foundation then R8 screen parity,contract + feature + upgrade tests; no deletion before evidence
eblocker-ui/src/settings/app/components/network/network.component.js,8fbc7a44cb45261cc6e05d71efb906d57ca2a1fe,eblocker-ui,"retain until replacement parity; inventoried, not semantically certified",R5 UI foundation then R8 screen parity,contract + feature + upgrade tests; no deletion before evidence
eblocker-ui/src/settings/app/components/network/network.component.spec.js,c3334cf09eb99aa166e491de1aabb342e1bc86f4,eblocker-ui,"retain until replacement parity; inventoried, not semantically certified",R5 UI foundation then R8 screen parity,contract + feature + upgrade tests; no deletion before evidence
eblocker-ui/src/settings/app/components/network/settings/help-network.template.html,2179e5222a9509211c1feb147c53350b5bb9b00a,eblocker-ui,"retain until replacement parity; inventoried, not semantically certified",R5 UI foundation then R8 screen parity,contract + feature + upgrade tests; no deletion before evidence
eblocker-ui/src/settings/app/components/network/settings/network-settings.component.html,19b16e16556bd7a72e4bc2f2492f8406e494e4ff,eblocker-ui,"retain until replacement parity; inventoried, not semantically certified",R5 UI foundation then R8 screen parity,contract + feature + upgrade tests; no deletion before evidence
eblocker-ui/src/settings/app/components/network/settings/network-settings.component.js,365fa278bd5723b5da8e42790ddf35cbcd00aa21,eblocker-ui,"retain until replacement parity; inventoried, not semantically certified",R5 UI foundation then R8 screen parity,contract + feature + upgrade tests; no deletion before evidence
eblocker-ui/src/settings/app/components/network/settings/network-settings.component.spec.js,2ae8e2157a78ea5648585a61455218b0c49eed3a,eblocker-ui,"retain until replacement parity; inventoried, not semantically certified",R5 UI foundation then R8 screen parity,contract + feature + upgrade tests; no deletion before evidence
eblocker-ui/src/settings/app/components/network/settingsIp6/help-network-ipv6.template.html,fcfe1e5dfaceab4415f8c98d6260a4a7e068adb7,eblocker-ui,"retain until replacement parity; inventoried, not semantically certified",R5 UI foundation then R8 screen parity,contract + feature + upgrade tests; no deletion before evidence
eblocker-ui/src/settings/app/components/network/settingsIp6/network-settings-ip6.component.html,9f6eb19439d4aab3786972889e3a4f0afdbc2dfc,eblocker-ui,"retain until replacement parity; inventoried, not semantically certified",R5 UI foundation then R8 screen parity,contract + feature + upgrade tests; no deletion before evidence
eblocker-ui/src/settings/app/components/network/settingsIp6/network-settings-ip6.component.js,cf147ea0c31334e63561069c9de758baa0e8439e,eblocker-ui,"retain until replacement parity; inventoried, not semantically certified",R5 UI foundation then R8 screen parity,contract + feature + upgrade tests; no deletion before evidence
eblocker-ui/src/settings/app/components/network/wizard/automatic-execution-tab.component.html,9408f12d967356422881b58344659824b68fd6d7,eblocker-ui,"retain until replacement parity; inventoried, not semantically certified",R5 UI foundation then R8 screen parity,contract + feature + upgrade tests; no deletion before evidence
eblocker-ui/src/settings/app/components/network/wizard/automatic-prepare-tab.component.html,48f298e66c353abb157bb170c2188874a3ea2a3e,eblocker-ui,"retain until replacement parity; inventoried, not semantically certified",R5 UI foundation then R8 screen parity,contract + feature + upgrade tests; no deletion before evidence
eblocker-ui/src/settings/app/components/network/wizard/automatic-process-tab.component.html,3596c5d88df7575b5af74766e43e8491b033b99a,eblocker-ui,"retain until replacement parity; inventoried, not semantically certified",R5 UI foundation then R8 screen parity,contract + feature + upgrade tests; no deletion before evidence
eblocker-ui/src/settings/app/components/network/wizard/individual-execution-tab.component.html,13b9db2306e882e07b74aa31320bb5fb283a653c,eblocker-ui,"retain until replacement parity; inventoried, not semantically certified",R5 UI foundation then R8 screen parity,contract + feature + upgrade tests; no deletion before evidence
eblocker-ui/src/settings/app/components/network/wizard/individual-prepare-tab.component.html,346f32ac45bf8f644209de061566ab27604b5bb8,eblocker-ui,"retain until replacement parity; inventoried, not semantically certified",R5 UI foundation then R8 screen parity,contract + feature + upgrade tests; no deletion before evidence
eblocker-ui/src/settings/app/components/network/wizard/individual-process-tab.component.html,ac8e83d81493aa771faf7cfcaad321c59e6e0e5c,eblocker-ui,"retain until replacement parity; inventoried, not semantically certified",R5 UI foundation then R8 screen parity,contract + feature + upgrade tests; no deletion before evidence
eblocker-ui/src/settings/app/components/network/wizard/individual-settings-tab.component.html,d1e5547b142b9fc65def6ae3a20ca2cfe13dd8c1,eblocker-ui,"retain until replacement parity; inventoried, not semantically certified",R5 UI foundation then R8 screen parity,contract + feature + upgrade tests; no deletion before evidence
eblocker-ui/src/settings/app/components/network/wizard/network-wizard.component.html,b0afa3f7c9abbced9b27c6b08690e4515a35535a,eblocker-ui,"retain until replacement parity; inventoried, not semantically certified",R5 UI foundation then R8 screen parity,contract + feature + upgrade tests; no deletion before evidence
eblocker-ui/src/settings/app/components/network/wizard/network-wizard.component.js,d2bcd6b479cd953c54febe988c96a84f78576150,eblocker-ui,"retain until replacement parity; inventoried, not semantically certified",R5 UI foundation then R8 screen parity,contract + feature + upgrade tests; no deletion before evidence
eblocker-ui/src/settings/app/components/network/wizard/network-wizard.component.spec.js,a3abffce98f8c2874c1a6201036f18cc56a78acb,eblocker-ui,"retain until replacement parity; inventoried, not semantically certified",R5 UI foundation then R8 screen parity,contract + feature + upgrade tests; no deletion before evidence
eblocker-ui/src/settings/app/components/network/wizard/print-settings.template.html,46f4ecbf5150bf81e2fcfce61acd345f09bf07a5,eblocker-ui,"retain until replacement parity; inventoried, not semantically certified",R5 UI foundation then R8 screen parity,contract + feature + upgrade tests; no deletion before evidence
eblocker-ui/src/settings/app/components/notLicensed/not-licensed.component.html,f3a1458259889c04ba3c3fe03c08ecb3b18fd7db,eblocker-ui,"retain until replacement parity; inventoried, not semantically certified",R5 UI foundation then R8 screen parity,contract + feature + upgrade tests; no deletion before evidence
eblocker-ui/src/settings/app/components/notLicensed/not-licensed.component.js,7153286405c4cbb80d007502e0bd2470b8e9a387,eblocker-ui,"retain until replacement parity; inventoried, not semantically certified",R5 UI foundation then R8 screen parity,contract + feature + upgrade tests; no deletion before evidence
eblocker-ui/src/settings/app/components/notLicensed/not-licensed.component.spec.js,3d7a940fb17e5a164af72d12e65c95f96d12c798,eblocker-ui,"retain until replacement parity; inventoried, not semantically certified",R5 UI foundation then R8 screen parity,contract + feature + upgrade tests; no deletion before evidence
eblocker-ui/src/settings/app/components/openSourceLicenses/libs-c-cpp.component.html,df440f6790e57a4962c2463a056fcd78f59f431c,eblocker-ui,"retain until replacement parity; inventoried, not semantically certified",R5 UI foundation then R8 screen parity,contract + feature + upgrade tests; no deletion before evidence
eblocker-ui/src/settings/app/components/openSourceLicenses/libs-c-cpp.component.js,99bd0ab9b22c1a29542260d933b74789733da82c,eblocker-ui,"retain until replacement parity; inventoried, not semantically certified",R5 UI foundation then R8 screen parity,contract + feature + upgrade tests; no deletion before evidence
eblocker-ui/src/settings/app/components/openSourceLicenses/libs-debian.component.html,9776aa27f7c5501e01132b069ba40b60d3ac2a89,eblocker-ui,"retain until replacement parity; inventoried, not semantically certified",R5 UI foundation then R8 screen parity,contract + feature + upgrade tests; no deletion before evidence
eblocker-ui/src/settings/app/components/openSourceLicenses/libs-debian.component.js,8c3e6bff7f07bfbd725c4e3181666e941f8ba872,eblocker-ui,"retain until replacement parity; inventoried, not semantically certified",R5 UI foundation then R8 screen parity,contract + feature + upgrade tests; no deletion before evidence
eblocker-ui/src/settings/app/components/openSourceLicenses/libs-java.component.html,ca9806339e9db3fc4a2c452c54578cad45994391,eblocker-ui,"retain until replacement parity; inventoried, not semantically certified",R5 UI foundation then R8 screen parity,contract + feature + upgrade tests; no deletion before evidence
eblocker-ui/src/settings/app/components/openSourceLicenses/libs-java.component.js,1fcc02947d1007a1d32e06e6446696929c50bffa,eblocker-ui,"retain until replacement parity; inventoried, not semantically certified",R5 UI foundation then R8 screen parity,contract + feature + upgrade tests; no deletion before evidence
eblocker-ui/src/settings/app/components/openSourceLicenses/libs-javascript.component.html,5dda5817fb64c072f054c814b222ddb81d2b91b1,eblocker-ui,"retain until replacement parity; inventoried, not semantically certified",R5 UI foundation then R8 screen parity,contract + feature + upgrade tests; no deletion before evidence
eblocker-ui/src/settings/app/components/openSourceLicenses/libs-javascript.component.js,82206a49b198e503dcdf7eeacc253882a2afb37d,eblocker-ui,"retain until replacement parity; inventoried, not semantically certified",R5 UI foundation then R8 screen parity,contract + feature + upgrade tests; no deletion before evidence
eblocker-ui/src/settings/app/components/openSourceLicenses/libs-ruby.component.html,416dd00da2ae3fcc1fbed18a474fc30750842c4c,eblocker-ui,"retain until replacement parity; inventoried, not semantically certified",R5 UI foundation then R8 screen parity,contract + feature + upgrade tests; no deletion before evidence
eblocker-ui/src/settings/app/components/openSourceLicenses/libs-ruby.component.js,881fecf9a5e297a19d38ed71e10a8db7ef05abef,eblocker-ui,"retain until replacement parity; inventoried, not semantically certified",R5 UI foundation then R8 screen parity,contract + feature + upgrade tests; no deletion before evidence
eblocker-ui/src/settings/app/components/openSourceLicenses/open-source-licenses.component.html,8cdda307df617cbb00e4011405ae131f94db768d,eblocker-ui,"retain until replacement parity; inventoried, not semantically certified",R5 UI foundation then R8 screen parity,contract + feature + upgrade tests; no deletion before evidence
eblocker-ui/src/settings/app/components/openSourceLicenses/open-source-licenses.component.js,5d71e8f98890c3a3b98dc17958b6bd59353d1143,eblocker-ui,"retain until replacement parity; inventoried, not semantically certified",R5 UI foundation then R8 screen parity,contract + feature + upgrade tests; no deletion before evidence
eblocker-ui/src/settings/app/components/openSourceLicenses/open-source-licenses.component.spec.js,731a611dc1c1ee8337de850c6fd4804352dea437,eblocker-ui,"retain until replacement parity; inventoried, not semantically certified",R5 UI foundation then R8 screen parity,contract + feature + upgrade tests; no deletion before evidence
eblocker-ui/src/settings/app/components/openSourceLicenses/raw/javascript-dependencies.csv,18d73cc3ec3ad0f43b01c9edc975d14777603fbd,eblocker-ui,"retain until replacement parity; inventoried, not semantically certified",R5 UI foundation then R8 screen parity,contract + feature + upgrade tests; no deletion before evidence
eblocker-ui/src/settings/app/components/openSourceLicenses/raw/javascript-dependencies.json,b7c0f40c037c7c52ff5955b6f2a45799b53762ad,eblocker-ui,"retain until replacement parity; inventoried, not semantically certified",R5 UI foundation then R8 screen parity,contract + feature + upgrade tests; no deletion before evidence
eblocker-ui/src/settings/app/components/openSourceLicenses/raw/libs-javascript.generated.html,7859232f9bc162ffc36572528ec89169d998e835,eblocker-ui,"retain until replacement parity; inventoried, not semantically certified",R5 UI foundation then R8 screen parity,contract + feature + upgrade tests; no deletion before evidence
eblocker-ui/src/settings/app/components/parentalControl/blacklists/blacklist-details.component.html,1ea9d882a49c693a46061c6a76fc51553520c8d9,eblocker-ui,"retain until replacement parity; inventoried, not semantically certified",R5 UI foundation then R8 screen parity,contract + feature + upgrade tests; no deletion before evidence
eblocker-ui/src/settings/app/components/parentalControl/blacklists/blacklist-details.component.js,7bbf9a7d4e2e3e178006c2a0428ae1e4aa949476,eblocker-ui,"retain until replacement parity; inventoried, not semantically certified",R5 UI foundation then R8 screen parity,contract + feature + upgrade tests; no deletion before evidence
eblocker-ui/src/settings/app/components/parentalControl/blacklists/blacklist-table.template.html,104cae2d1b48a3da0e5e1b5bc39e12f3c1f93705,eblocker-ui,"retain until replacement parity; inventoried, not semantically certified",R5 UI foundation then R8 screen parity,contract + feature + upgrade tests; no deletion before evidence
eblocker-ui/src/settings/app/components/parentalControl/blacklists/blacklists.component.html,c7d76e7c14ef6b9cff700b732b7e7d0a87f3d050,eblocker-ui,"retain until replacement parity; inventoried, not semantically certified",R5 UI foundation then R8 screen parity,contract + feature + upgrade tests; no deletion before evidence
eblocker-ui/src/settings/app/components/parentalControl/blacklists/blacklists.component.js,f3e3ed5bd978163a737649769ba7354194c37891,eblocker-ui,"retain until replacement parity; inventoried, not semantically certified",R5 UI foundation then R8 screen parity,contract + feature + upgrade tests; no deletion before evidence
eblocker-ui/src/settings/app/components/parentalControl/blacklists/blacklists.component.spec.js,4d123e065b364fd1a88e91fdbd8e7725d3cf0214,eblocker-ui,"retain until replacement parity; inventoried, not semantically certified",R5 UI foundation then R8 screen parity,contract + feature + upgrade tests; no deletion before evidence
eblocker-ui/src/settings/app/components/parentalControl/blacklists/help-blacklist.template.html,c095bca66dbc84323e36652e5b3d3afc11c166d6,eblocker-ui,"retain until replacement parity; inventoried, not semantically certified",R5 UI foundation then R8 screen parity,contract + feature + upgrade tests; no deletion before evidence
eblocker-ui/src/settings/app/components/parentalControl/parental-control.component.html,6aab94f2c22db5ae4d3889673fd16f3bbfcd88c4,eblocker-ui,"retain until replacement parity; inventoried, not semantically certified",R5 UI foundation then R8 screen parity,contract + feature + upgrade tests; no deletion before evidence
eblocker-ui/src/settings/app/components/parentalControl/parental-control.component.js,a5190912b2db403ecd2b1c2eee6f21d8989ccaa0,eblocker-ui,"retain until replacement parity; inventoried, not semantically certified",R5 UI foundation then R8 screen parity,contract + feature + upgrade tests; no deletion before evidence
eblocker-ui/src/settings/app/components/parentalControl/parental-control.component.spec.js,0c3d1b7ff4ffa491cfe09fe800db2117b8c4102e,eblocker-ui,"retain until replacement parity; inventoried, not semantically certified",R5 UI foundation then R8 screen parity,contract + feature + upgrade tests; no deletion before evidence
eblocker-ui/src/settings/app/components/parentalControl/users/devices-list-user-details.template.html,92c017a1415597427a32974b8d2d72d7114a752f,eblocker-ui,"retain until replacement parity; inventoried, not semantically certified",R5 UI foundation then R8 screen parity,contract + feature + upgrade tests; no deletion before evidence
eblocker-ui/src/settings/app/components/parentalControl/users/help-user.template.html,9aae6bf4c8ecbaeeb9591085cee7629fdec0bf00,eblocker-ui,"retain until replacement parity; inventoried, not semantically certified",R5 UI foundation then R8 screen parity,contract + feature + upgrade tests; no deletion before evidence
eblocker-ui/src/settings/app/components/parentalControl/users/users-details.component.html,f9b953dcab4ae03c55920ff90d5b6ab51d27b835,eblocker-ui,"retain until replacement parity; inventoried, not semantically certified",R5 UI foundation then R8 screen parity,contract + feature + upgrade tests; no deletion before evidence
eblocker-ui/src/settings/app/components/parentalControl/users/users-details.component.js,bec5877c5793cf12017080c84aedf8a588df3eee,eblocker-ui,"retain until replacement parity; inventoried, not semantically certified",R5 UI foundation then R8 screen parity,contract + feature + upgrade tests; no deletion before evidence
eblocker-ui/src/settings/app/components/parentalControl/users/users-table.template.html,947cb46b90740ddb2e03977967bfc5edadbac420,eblocker-ui,"retain until replacement parity; inventoried, not semantically certified",R5 UI foundation then R8 screen parity,contract + feature + upgrade tests; no deletion before evidence
eblocker-ui/src/settings/app/components/parentalControl/users/users.component.html,0cec482a704634ace9c5d192881d4fe20964f227,eblocker-ui,"retain until replacement parity; inventoried, not semantically certified",R5 UI foundation then R8 screen parity,contract + feature + upgrade tests; no deletion before evidence
eblocker-ui/src/settings/app/components/parentalControl/users/users.component.js,b862ac8435931b5a031cfa01056c43b1fafcb792,eblocker-ui,"retain until replacement parity; inventoried, not semantically certified",R5 UI foundation then R8 screen parity,contract + feature + upgrade tests; no deletion before evidence
eblocker-ui/src/settings/app/components/parentalControl/users/users.component.spec.js,4495164dbe825cf8f670b5d8cf4f03bfa4ba24ef,eblocker-ui,"retain until replacement parity; inventoried, not semantically certified",R5 UI foundation then R8 screen parity,contract + feature + upgrade tests; no deletion before evidence
eblocker-ui/src/settings/app/components/parentalControl/whitelists/help-whitelist.template.html,bd1c655953f80b2fad6c0843a95c63b10200861f,eblocker-ui,"retain until replacement parity; inventoried, not semantically certified",R5 UI foundation then R8 screen parity,contract + feature + upgrade tests; no deletion before evidence
eblocker-ui/src/settings/app/components/parentalControl/whitelists/whitelist-details.component.html,25db2c50dc206aab73a69f698aeeabfb7bedafad,eblocker-ui,"retain until replacement parity; inventoried, not semantically certified",R5 UI foundation then R8 screen parity,contract + feature + upgrade tests; no deletion before evidence
eblocker-ui/src/settings/app/components/parentalControl/whitelists/whitelist-details.component.js,98f44a4183ffada16bd0b0778d5c9b6b4e1a4d48,eblocker-ui,"retain until replacement parity; inventoried, not semantically certified",R5 UI foundation then R8 screen parity,contract + feature + upgrade tests; no deletion before evidence
eblocker-ui/src/settings/app/components/parentalControl/whitelists/whitelist-table.template.html,76d6a4022e3af14da23c71b22858864d11640cc3,eblocker-ui,"retain until replacement parity; inventoried, not semantically certified",R5 UI foundation then R8 screen parity,contract + feature + upgrade tests; no deletion before evidence
eblocker-ui/src/settings/app/components/parentalControl/whitelists/whitelists.component.html,ad026f600c94f6bda5efc2292523440036a9d91e,eblocker-ui,"retain until replacement parity; inventoried, not semantically certified",R5 UI foundation then R8 screen parity,contract + feature + upgrade tests; no deletion before evidence
eblocker-ui/src/settings/app/components/parentalControl/whitelists/whitelists.component.js,0861a5b934ce0078585114e28c69c0f8ae6ff0b4,eblocker-ui,"retain until replacement parity; inventoried, not semantically certified",R5 UI foundation then R8 screen parity,contract + feature + upgrade tests; no deletion before evidence
eblocker-ui/src/settings/app/components/parentalControl/whitelists/whitelists.component.spec.js,98b11e5157820c3cd5c82415e3d12e403e7a0e1f,eblocker-ui,"retain until replacement parity; inventoried, not semantically certified",R5 UI foundation then R8 screen parity,contract + feature + upgrade tests; no deletion before evidence
eblocker-ui/src/settings/app/components/print/print.component.html,9cb5a2a7f27c3287b1f2a36172157391cd727508,eblocker-ui,"retain until replacement parity; inventoried, not semantically certified",R5 UI foundation then R8 screen parity,contract + feature + upgrade tests; no deletion before evidence
eblocker-ui/src/settings/app/components/print/print.component.js,c9f65684566d7fb8304e1968ec2e718ae5718845,eblocker-ui,"retain until replacement parity; inventoried, not semantically certified",R5 UI foundation then R8 screen parity,contract + feature + upgrade tests; no deletion before evidence
eblocker-ui/src/settings/app/components/print/print.component.spec.js,358045c7c2899acce043f3092bb969a9fe691265,eblocker-ui,"retain until replacement parity; inventoried, not semantically certified",R5 UI foundation then R8 screen parity,contract + feature + upgrade tests; no deletion before evidence
eblocker-ui/src/settings/app/components/splash/splash-screen.component.html,d2cb9b821603edcaf9b431cd9d2cf2573ea5721e,eblocker-ui,"retain until replacement parity; inventoried, not semantically certified",R5 UI foundation then R8 screen parity,contract + feature + upgrade tests; no deletion before evidence
eblocker-ui/src/settings/app/components/splash/splash-screen.component.js,2e9b9c47b1cfafbb48dd66f5dd6c82f55344b5fe,eblocker-ui,"retain until replacement parity; inventoried, not semantically certified",R5 UI foundation then R8 screen parity,contract + feature + upgrade tests; no deletion before evidence
eblocker-ui/src/settings/app/components/splash/splash-screen.component.spec.js,353503fe4844d6038d2ab9a1db62873283eabd26,eblocker-ui,"retain until replacement parity; inventoried, not semantically certified",R5 UI foundation then R8 screen parity,contract + feature + upgrade tests; no deletion before evidence
eblocker-ui/src/settings/app/components/ssl/certificate/help-ssl-cert.template.html,5397b7397dbcb32595038088f496424ebb54e0a7,eblocker-ui,"retain until replacement parity; inventoried, not semantically certified",R5 UI foundation then R8 screen parity,contract + feature + upgrade tests; no deletion before evidence
eblocker-ui/src/settings/app/components/ssl/certificate/ssl-certificate.component.html,faa99a2bc69f904096b9219f8c226b570cb9cd84,eblocker-ui,"retain until replacement parity; inventoried, not semantically certified",R5 UI foundation then R8 screen parity,contract + feature + upgrade tests; no deletion before evidence
eblocker-ui/src/settings/app/components/ssl/certificate/ssl-certificate.component.js,0e6e170259feb014eb0fc59635ff12b64bc38ebe,eblocker-ui,"retain until replacement parity; inventoried, not semantically certified",R5 UI foundation then R8 screen parity,contract + feature + upgrade tests; no deletion before evidence
eblocker-ui/src/settings/app/components/ssl/certificate/ssl-certificate.component.spec.js,cea6adb83da98a91698c626d4bc474637d40bd31,eblocker-ui,"retain until replacement parity; inventoried, not semantically certified",R5 UI foundation then R8 screen parity,contract + feature + upgrade tests; no deletion before evidence
eblocker-ui/src/settings/app/components/ssl/fails/apps-table.template.html,b9dcacb66a2f43899521e0cd29732c9581682439,eblocker-ui,"retain until replacement parity; inventoried, not semantically certified",R5 UI foundation then R8 screen parity,contract + feature + upgrade tests; no deletion before evidence
eblocker-ui/src/settings/app/components/ssl/fails/domains-table.template.html,d76cd012eb64838dc4103606f9fb5162ba60b053,eblocker-ui,"retain until replacement parity; inventoried, not semantically certified",R5 UI foundation then R8 screen parity,contract + feature + upgrade tests; no deletion before evidence
eblocker-ui/src/settings/app/components/ssl/fails/help-ssl-fails.template.html,212dfe9891bd0a91d47538fca321a13b57ec8307,eblocker-ui,"retain until replacement parity; inventoried, not semantically certified",R5 UI foundation then R8 screen parity,contract + feature + upgrade tests; no deletion before evidence
eblocker-ui/src/settings/app/components/ssl/fails/ssl-fails.component.html,948e01eb1ba2c53a7f52059cedcfcab4b01e4c65,eblocker-ui,"retain until replacement parity; inventoried, not semantically certified",R5 UI foundation then R8 screen parity,contract + feature + upgrade tests; no deletion before evidence
eblocker-ui/src/settings/app/components/ssl/fails/ssl-fails.component.js,e02e4e2fda96512953fd8090e0a96a5d584153d7,eblocker-ui,"retain until replacement parity; inventoried, not semantically certified",R5 UI foundation then R8 screen parity,contract + feature + upgrade tests; no deletion before evidence
eblocker-ui/src/settings/app/components/ssl/fails/ssl-fails.component.spec.js,ace97df250d6dedc2c9b0d6c69ee30d7b881df87,eblocker-ui,"retain until replacement parity; inventoried, not semantically certified",R5 UI foundation then R8 screen parity,contract + feature + upgrade tests; no deletion before evidence
eblocker-ui/src/settings/app/components/ssl/manualRecording/help-ssl-record.template.html,8dc675114b71912c94724b8d4142c34ed68be3e6,eblocker-ui,"retain until replacement parity; inventoried, not semantically certified",R5 UI foundation then R8 screen parity,contract + feature + upgrade tests; no deletion before evidence
eblocker-ui/src/settings/app/components/ssl/manualRecording/manual-recording-table.template.html,514660a388c59602eedeab9d9a28342d0bf8c4a8,eblocker-ui,"retain until replacement parity; inventoried, not semantically certified",R5 UI foundation then R8 screen parity,contract + feature + upgrade tests; no deletion before evidence
eblocker-ui/src/settings/app/components/ssl/manualRecording/manual-recording.component.html,9e05e3b936d17a2cb37ffa8f3c07f537daf662b8,eblocker-ui,"retain until replacement parity; inventoried, not semantically certified",R5 UI foundation then R8 screen parity,contract + feature + upgrade tests; no deletion before evidence
eblocker-ui/src/settings/app/components/ssl/manualRecording/manual-recording.component.js,1e0bf9e74ccc525a735f05f3622bc5a07f5c5d0e,eblocker-ui,"retain until replacement parity; inventoried, not semantically certified",R5 UI foundation then R8 screen parity,contract + feature + upgrade tests; no deletion before evidence
eblocker-ui/src/settings/app/components/ssl/manualRecording/manual-recording.component.spec.js,25703b2443d37d33219eb60d737a8a2667f8b54c,eblocker-ui,"retain until replacement parity; inventoried, not semantically certified",R5 UI foundation then R8 screen parity,contract + feature + upgrade tests; no deletion before evidence
eblocker-ui/src/settings/app/components/ssl/ssl.component.html,cc83c0d4e3747a0a7a2ff31a413b77d995e07eab,eblocker-ui,"retain until replacement parity; inventoried, not semantically certified",R5 UI foundation then R8 screen parity,contract + feature + upgrade tests; no deletion before evidence
eblocker-ui/src/settings/app/components/ssl/ssl.component.js,427fe0d14a47e7e29bd9de1567ca02c15c0585a3,eblocker-ui,"retain until replacement parity; inventoried, not semantically certified",R5 UI foundation then R8 screen parity,contract + feature + upgrade tests; no deletion before evidence
eblocker-ui/src/settings/app/components/ssl/ssl.component.spec.js,ab0970219915ae2dbf207b2ae57e31ffe909757c,eblocker-ui,"retain until replacement parity; inventoried, not semantically certified",R5 UI foundation then R8 screen parity,contract + feature + upgrade tests; no deletion before evidence
eblocker-ui/src/settings/app/components/ssl/status/help-ssl-status.template.html,720f6da8eee785869837760a33cbc2c3281d0bf5,eblocker-ui,"retain until replacement parity; inventoried, not semantically certified",R5 UI foundation then R8 screen parity,contract + feature + upgrade tests; no deletion before evidence
eblocker-ui/src/settings/app/components/ssl/status/ssl-status.component.html,64873ff8231f859819e9437be8ce07f534c7ae05,eblocker-ui,"retain until replacement parity; inventoried, not semantically certified",R5 UI foundation then R8 screen parity,contract + feature + upgrade tests; no deletion before evidence
eblocker-ui/src/settings/app/components/ssl/status/ssl-status.component.js,99e62c5f0ebf4bf3fadf0b5bbd2e91a6b501268a,eblocker-ui,"retain until replacement parity; inventoried, not semantically certified",R5 UI foundation then R8 screen parity,contract + feature + upgrade tests; no deletion before evidence
eblocker-ui/src/settings/app/components/ssl/status/ssl-status.component.spec.js,c5d795e51e7020cd48c63a2d24f6efd86a9f65ed,eblocker-ui,"retain until replacement parity; inventoried, not semantically certified",R5 UI foundation then R8 screen parity,contract + feature + upgrade tests; no deletion before evidence
eblocker-ui/src/settings/app/components/ssl/trustedApps/help-ssl-apps.template.html,0308f79aa2e91da8608ae332e06357976b0487d8,eblocker-ui,"retain until replacement parity; inventoried, not semantically certified",R5 UI foundation then R8 screen parity,contract + feature + upgrade tests; no deletion before evidence
eblocker-ui/src/settings/app/components/ssl/trustedApps/trusted-apps-details.component.html,2f7582b06f561a87f87df61f10cc1f0c99869d3a,eblocker-ui,"retain until replacement parity; inventoried, not semantically certified",R5 UI foundation then R8 screen parity,contract + feature + upgrade tests; no deletion before evidence
eblocker-ui/src/settings/app/components/ssl/trustedApps/trusted-apps-details.component.js,89b658d574e7288448e7ef2f14b89a40c3ed8a26,eblocker-ui,"retain until replacement parity; inventoried, not semantically certified",R5 UI foundation then R8 screen parity,contract + feature + upgrade tests; no deletion before evidence
eblocker-ui/src/settings/app/components/ssl/trustedApps/trustedApps-domains-table.template.html,998fb569476f134f82b7fc464ef2d0d8961c0b00,eblocker-ui,"retain until replacement parity; inventoried, not semantically certified",R5 UI foundation then R8 screen parity,contract + feature + upgrade tests; no deletion before evidence
eblocker-ui/src/settings/app/components/ssl/trustedApps/trustedApps-table.template.html,9289a19715afedb93f08f10387600a02abb07ad0,eblocker-ui,"retain until replacement parity; inventoried, not semantically certified",R5 UI foundation then R8 screen parity,contract + feature + upgrade tests; no deletion before evidence
eblocker-ui/src/settings/app/components/ssl/trustedApps/trustedApps.component.html,f7665386219e5cc056250bd5ef8b922fa35d25de,eblocker-ui,"retain until replacement parity; inventoried, not semantically certified",R5 UI foundation then R8 screen parity,contract + feature + upgrade tests; no deletion before evidence
eblocker-ui/src/settings/app/components/ssl/trustedApps/trustedApps.component.js,ba45de2c98190057a09ba54cdf752b0e990b2681,eblocker-ui,"retain until replacement parity; inventoried, not semantically certified",R5 UI foundation then R8 screen parity,contract + feature + upgrade tests; no deletion before evidence
eblocker-ui/src/settings/app/components/ssl/trustedApps/trustedApps.component.spec.js,14861e60c2655dd8d8a21476823d1cceceb73d85,eblocker-ui,"retain until replacement parity; inventoried, not semantically certified",R5 UI foundation then R8 screen parity,contract + feature + upgrade tests; no deletion before evidence
eblocker-ui/src/settings/app/components/ssl/trustedDomains/help-ssl-domains.template.html,169e595e79043be15222c66bda9dc37cde174781,eblocker-ui,"retain until replacement parity; inventoried, not semantically certified",R5 UI foundation then R8 screen parity,contract + feature + upgrade tests; no deletion before evidence
eblocker-ui/src/settings/app/components/ssl/trustedDomains/trusted-domains-table.template.html,e665673d7d822da8dd31c2b580c57000f9be7d6d,eblocker-ui,"retain until replacement parity; inventoried, not semantically certified",R5 UI foundation then R8 screen parity,contract + feature + upgrade tests; no deletion before evidence
eblocker-ui/src/settings/app/components/ssl/trustedDomains/trustedDomains.component.html,bd15cf1e866d281b6ae2c4ed805f7fb42c85c8ac,eblocker-ui,"retain until replacement parity; inventoried, not semantically certified",R5 UI foundation then R8 screen parity,contract + feature + upgrade tests; no deletion before evidence
eblocker-ui/src/settings/app/components/ssl/trustedDomains/trustedDomains.component.js,71db1fbc40dd696cffa39aa53f1f92a1138c3775,eblocker-ui,"retain until replacement parity; inventoried, not semantically certified",R5 UI foundation then R8 screen parity,contract + feature + upgrade tests; no deletion before evidence
eblocker-ui/src/settings/app/components/ssl/trustedDomains/trustedDomains.component.spec.js,6fbfcbc5c9905a365502f45f1acb0ad6e7eb7364,eblocker-ui,"retain until replacement parity; inventoried, not semantically certified",R5 UI foundation then R8 screen parity,contract + feature + upgrade tests; no deletion before evidence
eblocker-ui/src/settings/app/components/system/adminPassword/admin-password.component.html,cbf4fb187215ef6ae8a39552c6dea2a04a1bc12f,eblocker-ui,"retain until replacement parity; inventoried, not semantically certified",R5 UI foundation then R8 screen parity,contract + feature + upgrade tests; no deletion before evidence
eblocker-ui/src/settings/app/components/system/adminPassword/admin-password.component.js,00c09c7e9a841033d28d972c61b909a958976cd7,eblocker-ui,"retain until replacement parity; inventoried, not semantically certified",R5 UI foundation then R8 screen parity,contract + feature + upgrade tests; no deletion before evidence
eblocker-ui/src/settings/app/components/system/adminPassword/admin-password.component.spec.js,2a32a1726cb8c9d7301f8129b88ba5eb5f5b1434,eblocker-ui,"retain until replacement parity; inventoried, not semantically certified",R5 UI foundation then R8 screen parity,contract + feature + upgrade tests; no deletion before evidence
eblocker-ui/src/settings/app/components/system/adminPassword/help-admin-password.template.html,eabb131bb188a27ce1942db13e5cfb66126120a2,eblocker-ui,"retain until replacement parity; inventoried, not semantically certified",R5 UI foundation then R8 screen parity,contract + feature + upgrade tests; no deletion before evidence
eblocker-ui/src/settings/app/components/system/configBackup/backup.component.html,e8413ed8f5ae7daf2a7935bfb49b63149461bb50,eblocker-ui,"retain until replacement parity; inventoried, not semantically certified",R5 UI foundation then R8 screen parity,contract + feature + upgrade tests; no deletion before evidence
eblocker-ui/src/settings/app/components/system/configBackup/backup.component.js,85827a317629322c4635691b7e9af720ed20a141,eblocker-ui,"retain until replacement parity; inventoried, not semantically certified",R5 UI foundation then R8 screen parity,contract + feature + upgrade tests; no deletion before evidence
eblocker-ui/src/settings/app/components/system/configBackup/config-backup.component.html,e803e5f1b33df7ef29e7cf18a8a3322c75d47209,eblocker-ui,"retain until replacement parity; inventoried, not semantically certified",R5 UI foundation then R8 screen parity,contract + feature + upgrade tests; no deletion before evidence
eblocker-ui/src/settings/app/components/system/configBackup/config-backup.component.js,211018a0c42a220dbab9960a0a553a947c091c57,eblocker-ui,"retain until replacement parity; inventoried, not semantically certified",R5 UI foundation then R8 screen parity,contract + feature + upgrade tests; no deletion before evidence
eblocker-ui/src/settings/app/components/system/configBackup/config-backup.component.spec.js,fbe5e45525b962130f88b41043c8dcfd0064082b,eblocker-ui,"retain until replacement parity; inventoried, not semantically certified",R5 UI foundation then R8 screen parity,contract + feature + upgrade tests; no deletion before evidence
eblocker-ui/src/settings/app/components/system/configBackup/help-backup.template.html,71fd06e1d3563761d4eb39be93edf41ab8c36e5a,eblocker-ui,"retain until replacement parity; inventoried, not semantically certified",R5 UI foundation then R8 screen parity,contract + feature + upgrade tests; no deletion before evidence
eblocker-ui/src/settings/app/components/system/diagnostics/diagnostics.component.html,de39a21fc2cef0ac8ffa1cceb5350b86eba4c20d,eblocker-ui,"retain until replacement parity; inventoried, not semantically certified",R5 UI foundation then R8 screen parity,contract + feature + upgrade tests; no deletion before evidence
eblocker-ui/src/settings/app/components/system/diagnostics/diagnostics.component.js,c7eac3cfb61255bcc18d7c3b76d15b4f87c4d195,eblocker-ui,"retain until replacement parity; inventoried, not semantically certified",R5 UI foundation then R8 screen parity,contract + feature + upgrade tests; no deletion before evidence
eblocker-ui/src/settings/app/components/system/diagnostics/help-diagnostics.template.html,72b93da6fe65dda56a21f38692ba128c610f92bb,eblocker-ui,"retain until replacement parity; inventoried, not semantically certified",R5 UI foundation then R8 screen parity,contract + feature + upgrade tests; no deletion before evidence
eblocker-ui/src/settings/app/components/system/diagnostics/report.component.html,1879834d9ca49c7f556ea0827c6b228b9b8598e0,eblocker-ui,"retain until replacement parity; inventoried, not semantically certified",R5 UI foundation then R8 screen parity,contract + feature + upgrade tests; no deletion before evidence
eblocker-ui/src/settings/app/components/system/diagnostics/report.component.js,068ca70c4d2f8df1447e2355c02d62dc907da441,eblocker-ui,"retain until replacement parity; inventoried, not semantically certified",R5 UI foundation then R8 screen parity,contract + feature + upgrade tests; no deletion before evidence
eblocker-ui/src/settings/app/components/system/diagnostics/report.component.spec.js,61db6589b5c6b94060107ffadfb0b6361b2a3331,eblocker-ui,"retain until replacement parity; inventoried, not semantically certified",R5 UI foundation then R8 screen parity,contract + feature + upgrade tests; no deletion before evidence
eblocker-ui/src/settings/app/components/system/events/events-table.template.html,4b2e5287f114c73029c26d041daecc40ca6690fe,eblocker-ui,"retain until replacement parity; inventoried, not semantically certified",R5 UI foundation then R8 screen parity,contract + feature + upgrade tests; no deletion before evidence
eblocker-ui/src/settings/app/components/system/events/events.component.html,4e2c6b787e8a6021e344c5babcda2e3370cf8061,eblocker-ui,"retain until replacement parity; inventoried, not semantically certified",R5 UI foundation then R8 screen parity,contract + feature + upgrade tests; no deletion before evidence
eblocker-ui/src/settings/app/components/system/events/events.component.js,2b8e2dcdc8fafa01e2940b16fa3c52d6844c2ec4,eblocker-ui,"retain until replacement parity; inventoried, not semantically certified",R5 UI foundation then R8 screen parity,contract + feature + upgrade tests; no deletion before evidence
eblocker-ui/src/settings/app/components/system/events/events.component.spec.js,266f4c31baa6a8786ab1926989193cb030e1c775,eblocker-ui,"retain until replacement parity; inventoried, not semantically certified",R5 UI foundation then R8 screen parity,contract + feature + upgrade tests; no deletion before evidence
eblocker-ui/src/settings/app/components/system/events/help-events.template.html,68c50f52f3a175220529165d5b19372a9aaeafaa,eblocker-ui,"retain until replacement parity; inventoried, not semantically certified",R5 UI foundation then R8 screen parity,contract + feature + upgrade tests; no deletion before evidence
eblocker-ui/src/settings/app/components/system/factoryReset/factory-reset.component.html,a41d5e0e3d87e13d83df778c03887b4d44128c96,eblocker-ui,"retain until replacement parity; inventoried, not semantically certified",R5 UI foundation then R8 screen parity,contract + feature + upgrade tests; no deletion before evidence
eblocker-ui/src/settings/app/components/system/factoryReset/factory-reset.component.js,7d56769aa7b0f97fdc74373eb0b2e648542e8258,eblocker-ui,"retain until replacement parity; inventoried, not semantically certified",R5 UI foundation then R8 screen parity,contract + feature + upgrade tests; no deletion before evidence
eblocker-ui/src/settings/app/components/system/factoryReset/factory-reset.component.spec.js,b53a812fa0871d587966e07f1d6706593ef43a12,eblocker-ui,"retain until replacement parity; inventoried, not semantically certified",R5 UI foundation then R8 screen parity,contract + feature + upgrade tests; no deletion before evidence
eblocker-ui/src/settings/app/components/system/reset/help-reset.template.html,e47d1a9163a8b4c9fbe86538843be2a31106df46,eblocker-ui,"retain until replacement parity; inventoried, not semantically certified",R5 UI foundation then R8 screen parity,contract + feature + upgrade tests; no deletion before evidence
eblocker-ui/src/settings/app/components/system/reset/reset.component.html,e99e6ea7d04336604d79c71c50771c45e5708b9b,eblocker-ui,"retain until replacement parity; inventoried, not semantically certified",R5 UI foundation then R8 screen parity,contract + feature + upgrade tests; no deletion before evidence
eblocker-ui/src/settings/app/components/system/reset/reset.component.js,d6c30822a91c72946608bb11e3f751dc3face98b,eblocker-ui,"retain until replacement parity; inventoried, not semantically certified",R5 UI foundation then R8 screen parity,contract + feature + upgrade tests; no deletion before evidence
eblocker-ui/src/settings/app/components/system/status/help-status.template.html,7d85f841ca055c9e5d13e3dd180642f718b82730,eblocker-ui,"retain until replacement parity; inventoried, not semantically certified",R5 UI foundation then R8 screen parity,contract + feature + upgrade tests; no deletion before evidence
eblocker-ui/src/settings/app/components/system/status/status.component.html,34ba77377ed9cb5f5b7eaef12d59cf152be9ec33,eblocker-ui,"retain until replacement parity; inventoried, not semantically certified",R5 UI foundation then R8 screen parity,contract + feature + upgrade tests; no deletion before evidence
eblocker-ui/src/settings/app/components/system/status/status.component.js,4d6a1cfac49d90ebea16d1dc85a194cc8179e1bf,eblocker-ui,"retain until replacement parity; inventoried, not semantically certified",R5 UI foundation then R8 screen parity,contract + feature + upgrade tests; no deletion before evidence
eblocker-ui/src/settings/app/components/system/status/status.component.spec.js,ebdd0115d4500dc17f0cc9f930cd1abec3ba14dd,eblocker-ui,"retain until replacement parity; inventoried, not semantically certified",R5 UI foundation then R8 screen parity,contract + feature + upgrade tests; no deletion before evidence
eblocker-ui/src/settings/app/components/system/system.component.html,679084c19efcb829352bc3f72179ca8a06d24675,eblocker-ui,"retain until replacement parity; inventoried, not semantically certified",R5 UI foundation then R8 screen parity,contract + feature + upgrade tests; no deletion before evidence
eblocker-ui/src/settings/app/components/system/system.component.js,d9f5998341cbcafd3cd91f39e61087909c650c81,eblocker-ui,"retain until replacement parity; inventoried, not semantically certified",R5 UI foundation then R8 screen parity,contract + feature + upgrade tests; no deletion before evidence
eblocker-ui/src/settings/app/components/system/system.component.spec.js,23f9b28086a618587f09c9dbddd52c3908b07b3a,eblocker-ui,"retain until replacement parity; inventoried, not semantically certified",R5 UI foundation then R8 screen parity,contract + feature + upgrade tests; no deletion before evidence
eblocker-ui/src/settings/app/components/system/tasks/scheduler-table.template.html,e9fc60ab793093213da05aee1447b0aff9b73e01,eblocker-ui,"retain until replacement parity; inventoried, not semantically certified",R5 UI foundation then R8 screen parity,contract + feature + upgrade tests; no deletion before evidence
eblocker-ui/src/settings/app/components/system/tasks/tasks-table.template.html,2e72cb7b6f2723b7ae7a0165b002dd99dd753fb3,eblocker-ui,"retain until replacement parity; inventoried, not semantically certified",R5 UI foundation then R8 screen parity,contract + feature + upgrade tests; no deletion before evidence
eblocker-ui/src/settings/app/components/system/tasks/tasks.component.html,beb9999a8c344fffd6ae0fa24642a54c48576064,eblocker-ui,"retain until replacement parity; inventoried, not semantically certified",R5 UI foundation then R8 screen parity,contract + feature + upgrade tests; no deletion before evidence
eblocker-ui/src/settings/app/components/system/tasks/tasks.component.js,30849634d4edd06b051830c7c14622ce81b39103,eblocker-ui,"retain until replacement parity; inventoried, not semantically certified",R5 UI foundation then R8 screen parity,contract + feature + upgrade tests; no deletion before evidence
eblocker-ui/src/settings/app/components/system/tasks/tasks.component.spec.js,a7f09b235b8c5dc6a89ce8341c1f08f20494fed5,eblocker-ui,"retain until replacement parity; inventoried, not semantically certified",R5 UI foundation then R8 screen parity,contract + feature + upgrade tests; no deletion before evidence
eblocker-ui/src/settings/app/components/system/timeLang/help-time-language.template.html,112635d368878ec0ffd8ff95b16bfd4bd071d853,eblocker-ui,"retain until replacement parity; inventoried, not semantically certified",R5 UI foundation then R8 screen parity,contract + feature + upgrade tests; no deletion before evidence
eblocker-ui/src/settings/app/components/system/timeLang/time-language.component.html,481b48f0a172a2051011f3ac9ca45fa88cf229da,eblocker-ui,"retain until replacement parity; inventoried, not semantically certified",R5 UI foundation then R8 screen parity,contract + feature + upgrade tests; no deletion before evidence
eblocker-ui/src/settings/app/components/system/timeLang/time-language.component.js,c62b6920828ebff3d08ff34f532f738d6caae2ac,eblocker-ui,"retain until replacement parity; inventoried, not semantically certified",R5 UI foundation then R8 screen parity,contract + feature + upgrade tests; no deletion before evidence
eblocker-ui/src/settings/app/components/system/timeLang/time-language.component.spec.js,53dee0977187ac7d895dd1cd998e4b22b8a67402,eblocker-ui,"retain until replacement parity; inventoried, not semantically certified",R5 UI foundation then R8 screen parity,contract + feature + upgrade tests; no deletion before evidence
eblocker-ui/src/settings/app/components/systemPending/booting/booting.component.html,dc2c9b6d28e7f1c3f2d0f23bfe3ea83e866631cb,eblocker-ui,"retain until replacement parity; inventoried, not semantically certified",R5 UI foundation then R8 screen parity,contract + feature + upgrade tests; no deletion before evidence
eblocker-ui/src/settings/app/components/systemPending/booting/booting.component.js,a07269be6639781ebd03be46f84da3e8e29e3525,eblocker-ui,"retain until replacement parity; inventoried, not semantically certified",R5 UI foundation then R8 screen parity,contract + feature + upgrade tests; no deletion before evidence
eblocker-ui/src/settings/app/components/systemPending/factoryReset/factory-reset.component.html,8ce12a00848e59f0604829c0a1442647c9e183a0,eblocker-ui,"retain until replacement parity; inventoried, not semantically certified",R5 UI foundation then R8 screen parity,contract + feature + upgrade tests; no deletion before evidence
eblocker-ui/src/settings/app/components/systemPending/factoryReset/factory-reset.component.js,6502ed56a3c9dee02d96e2c91aa6e7c60aca592b,eblocker-ui,"retain until replacement parity; inventoried, not semantically certified",R5 UI foundation then R8 screen parity,contract + feature + upgrade tests; no deletion before evidence
eblocker-ui/src/settings/app/components/systemPending/shutdown/shutdown.component.html,df1298d4ac4b61662834b807ee9ccc1fb276759e,eblocker-ui,"retain until replacement parity; inventoried, not semantically certified",R5 UI foundation then R8 screen parity,contract + feature + upgrade tests; no deletion before evidence
eblocker-ui/src/settings/app/components/systemPending/shutdown/shutdown.component.js,9b1493b36001585d770eee6d361778ddaf406bad,eblocker-ui,"retain until replacement parity; inventoried, not semantically certified",R5 UI foundation then R8 screen parity,contract + feature + upgrade tests; no deletion before evidence
eblocker-ui/src/settings/app/components/systemPending/standBy/stand-by.component.html,bdbfcb8c093e1076dee2231d83f9e3a45c096b73,eblocker-ui,"retain until replacement parity; inventoried, not semantically certified",R5 UI foundation then R8 screen parity,contract + feature + upgrade tests; no deletion before evidence
eblocker-ui/src/settings/app/components/systemPending/standBy/stand-by.component.js,d6c07a545b3fa15e10690e82b9b50237c38ad133,eblocker-ui,"retain until replacement parity; inventoried, not semantically certified",R5 UI foundation then R8 screen parity,contract + feature + upgrade tests; no deletion before evidence
eblocker-ui/src/settings/app/components/systemPending/system-pending.component.html,3f5b8013112a9761eb7056fa1dbb3fa9d0580aef,eblocker-ui,"retain until replacement parity; inventoried, not semantically certified",R5 UI foundation then R8 screen parity,contract + feature + upgrade tests; no deletion before evidence
eblocker-ui/src/settings/app/components/systemPending/system-pending.component.js,81c8dd6399211403b0c3fda6ea52a17ad71da478,eblocker-ui,"retain until replacement parity; inventoried, not semantically certified",R5 UI foundation then R8 screen parity,contract + feature + upgrade tests; no deletion before evidence
eblocker-ui/src/settings/app/components/systemPending/updating/updating.component.html,8ca3647ab263ff79fdaa7bd560bda7d49b6afb2e,eblocker-ui,"retain until replacement parity; inventoried, not semantically certified",R5 UI foundation then R8 screen parity,contract + feature + upgrade tests; no deletion before evidence
eblocker-ui/src/settings/app/components/systemPending/updating/updating.component.js,161524f1003bd808a3182d365fcd85c2976e19c3,eblocker-ui,"retain until replacement parity; inventoried, not semantically certified",R5 UI foundation then R8 screen parity,contract + feature + upgrade tests; no deletion before evidence
eblocker-ui/src/settings/app/components/table/check-entry.component.html,7d0363013f0b37ccf81362edb80fac4ed7e4709b,eblocker-ui,"retain until replacement parity; inventoried, not semantically certified",R5 UI foundation then R8 screen parity,contract + feature + upgrade tests; no deletion before evidence
eblocker-ui/src/settings/app/components/table/check-entry.component.js,6c7f608eacfd9f372539070f6618e60c4a248e6d,eblocker-ui,"retain until replacement parity; inventoried, not semantically certified",R5 UI foundation then R8 screen parity,contract + feature + upgrade tests; no deletion before evidence
eblocker-ui/src/settings/app/components/table/details-go-back.component.html,e309a5bdae2d15f98a270c3163dee8dfffed0a2d,eblocker-ui,"retain until replacement parity; inventoried, not semantically certified",R5 UI foundation then R8 screen parity,contract + feature + upgrade tests; no deletion before evidence
eblocker-ui/src/settings/app/components/table/details-go-back.component.js,f1608d43f2ba767257d7c69a949bf7e2dd52238d,eblocker-ui,"retain until replacement parity; inventoried, not semantically certified",R5 UI foundation then R8 screen parity,contract + feature + upgrade tests; no deletion before evidence
eblocker-ui/src/settings/app/components/table/details-paginator.component.html,95d200801e77b6d8bc39f37eeb40f37a9ea2c0f5,eblocker-ui,"retain until replacement parity; inventoried, not semantically certified",R5 UI foundation then R8 screen parity,contract + feature + upgrade tests; no deletion before evidence
eblocker-ui/src/settings/app/components/table/details-paginator.component.js,095dadbbf403f22912dd7eaed1bfe02e9eec9e47,eblocker-ui,"retain until replacement parity; inventoried, not semantically certified",R5 UI foundation then R8 screen parity,contract + feature + upgrade tests; no deletion before evidence
eblocker-ui/src/settings/app/components/table/details-paginator.component.spec.js,63f34bc9282a95544b2b86401996a05464fcd4fd,eblocker-ui,"retain until replacement parity; inventoried, not semantically certified",R5 UI foundation then R8 screen parity,contract + feature + upgrade tests; no deletion before evidence
eblocker-ui/src/settings/app/components/table/edit-table.component.html,922f1c7a4706ae2c7a9853aff354ec00004d729b,eblocker-ui,"retain until replacement parity; inventoried, not semantically certified",R5 UI foundation then R8 screen parity,contract + feature + upgrade tests; no deletion before evidence
eblocker-ui/src/settings/app/components/table/edit-table.component.js,f624817977c7e47e5405f1cfbe73537200309b7c,eblocker-ui,"retain until replacement parity; inventoried, not semantically certified",R5 UI foundation then R8 screen parity,contract + feature + upgrade tests; no deletion before evidence
eblocker-ui/src/settings/app/components/table/paginator.component.html,09515c4e609611ba079767654d1e47b142eec9ad,eblocker-ui,"retain until replacement parity; inventoried, not semantically certified",R5 UI foundation then R8 screen parity,contract + feature + upgrade tests; no deletion before evidence
eblocker-ui/src/settings/app/components/table/paginator.component.js,39f168a1c3494a9af8ac066827799b3da81efcf9,eblocker-ui,"retain until replacement parity; inventoried, not semantically certified",R5 UI foundation then R8 screen parity,contract + feature + upgrade tests; no deletion before evidence
eblocker-ui/src/settings/app/components/table/remove-entries.component.html,3f41090d7be8fc51f19212f6e7cc0617108e6820,eblocker-ui,"retain until replacement parity; inventoried, not semantically certified",R5 UI foundation then R8 screen parity,contract + feature + upgrade tests; no deletion before evidence
eblocker-ui/src/settings/app/components/table/remove-entries.component.js,c186c067b756716074e4a2ed59f81a82d5fe154c,eblocker-ui,"retain until replacement parity; inventoried, not semantically certified",R5 UI foundation then R8 screen parity,contract + feature + upgrade tests; no deletion before evidence
eblocker-ui/src/settings/app/components/table/scroll-paginator.component.html,345d1d216a509874f98a388677a79ffacd48673d,eblocker-ui,"retain until replacement parity; inventoried, not semantically certified",R5 UI foundation then R8 screen parity,contract + feature + upgrade tests; no deletion before evidence
eblocker-ui/src/settings/app/components/table/scroll-paginator.component.js,4ab756bc8e9f953dec520208e2a64a38d0ecc46d,eblocker-ui,"retain until replacement parity; inventoried, not semantically certified",R5 UI foundation then R8 screen parity,contract + feature + upgrade tests; no deletion before evidence
eblocker-ui/src/settings/app/components/table/table.component.html,62904a846e258367f9572e33c35cda566af538a6,eblocker-ui,"retain until replacement parity; inventoried, not semantically certified",R5 UI foundation then R8 screen parity,contract + feature + upgrade tests; no deletion before evidence
eblocker-ui/src/settings/app/components/table/table.component.js,25e7aeb080296525d4549480eb10b967de720167,eblocker-ui,"retain until replacement parity; inventoried, not semantically certified",R5 UI foundation then R8 screen parity,contract + feature + upgrade tests; no deletion before evidence
eblocker-ui/src/settings/app/components/table/table.component.spec.js,2cdf51381151a7a98d760bd5dbe5f7efd2d212cd,eblocker-ui,"retain until replacement parity; inventoried, not semantically certified",R5 UI foundation then R8 screen parity,contract + feature + upgrade tests; no deletion before evidence
eblocker-ui/src/settings/app/components/vpnHome/status/help-vpn-home.template.html,50690dcf06771d43370341dba0d1e28b468be78e,eblocker-ui,"retain until replacement parity; inventoried, not semantically certified",R5 UI foundation then R8 screen parity,contract + feature + upgrade tests; no deletion before evidence
eblocker-ui/src/settings/app/components/vpnHome/status/vpn-home-status.component.html,db410db299731ba91dd2034f501b96e0b6a1777a,eblocker-ui,"retain until replacement parity; inventoried, not semantically certified",R5 UI foundation then R8 screen parity,contract + feature + upgrade tests; no deletion before evidence
eblocker-ui/src/settings/app/components/vpnHome/status/vpn-home-status.component.js,58e495bacafc977f9f383729ad13fe5cc55b08d6,eblocker-ui,"retain until replacement parity; inventoried, not semantically certified",R5 UI foundation then R8 screen parity,contract + feature + upgrade tests; no deletion before evidence
eblocker-ui/src/settings/app/components/vpnHome/status/vpn-home-status.component.spec.js,675a0d46104898919066d788c85096ccd1b2d3b4,eblocker-ui,"retain until replacement parity; inventoried, not semantically certified",R5 UI foundation then R8 screen parity,contract + feature + upgrade tests; no deletion before evidence
eblocker-ui/src/settings/app/components/vpnHome/wizard/help-port-forwarding-auto.template.html,661efb95e00824ba915a93553c0429ce7c6c07ed,eblocker-ui,"retain until replacement parity; inventoried, not semantically certified",R5 UI foundation then R8 screen parity,contract + feature + upgrade tests; no deletion before evidence
eblocker-ui/src/settings/app/components/vpnHome/wizard/help-port-forwarding-manual.template.html,641d9a6e6aa7338daf906f4031d2665e98d8dd3d,eblocker-ui,"retain until replacement parity; inventoried, not semantically certified",R5 UI foundation then R8 screen parity,contract + feature + upgrade tests; no deletion before evidence
eblocker-ui/src/settings/app/components/vpnHome/wizard/step-1-welcome.template.html,12f7d541a77955b5bcb6ea620fbf910f8196d4c2,eblocker-ui,"retain until replacement parity; inventoried, not semantically certified",R5 UI foundation then R8 screen parity,contract + feature + upgrade tests; no deletion before evidence
eblocker-ui/src/settings/app/components/vpnHome/wizard/step-2-choose-access.template.html,2451be9b1006024f237dc3f92cf79a4d7a75a4f8,eblocker-ui,"retain until replacement parity; inventoried, not semantically certified",R5 UI foundation then R8 screen parity,contract + feature + upgrade tests; no deletion before evidence
eblocker-ui/src/settings/app/components/vpnHome/wizard/step-3-set-ip.template.html,90356ce16bdd890f3728ae09161e0ecadc21c2a3,eblocker-ui,"retain until replacement parity; inventoried, not semantically certified",R5 UI foundation then R8 screen parity,contract + feature + upgrade tests; no deletion before evidence
eblocker-ui/src/settings/app/components/vpnHome/wizard/step-4-choose-port-mapping.template.html,1230e6e18ae8e8b4e587ab767c28ff95b7c10549,eblocker-ui,"retain until replacement parity; inventoried, not semantically certified",R5 UI foundation then R8 screen parity,contract + feature + upgrade tests; no deletion before evidence
eblocker-ui/src/settings/app/components/vpnHome/wizard/step-5-do-port-mapping.template.html,813478f179a422951df479137d6c83be8f26bfe3,eblocker-ui,"retain until replacement parity; inventoried, not semantically certified",R5 UI foundation then R8 screen parity,contract + feature + upgrade tests; no deletion before evidence
eblocker-ui/src/settings/app/components/vpnHome/wizard/step-6-connection-test.template.html,873e478455b54daa5939163a96d2d135cd095d62,eblocker-ui,"retain until replacement parity; inventoried, not semantically certified",R5 UI foundation then R8 screen parity,contract + feature + upgrade tests; no deletion before evidence
eblocker-ui/src/settings/app/components/vpnHome/wizard/step-7-finish.template.html,e7e5bbfaa399e10884e0c814dd530bcf07acb271,eblocker-ui,"retain until replacement parity; inventoried, not semantically certified",R5 UI foundation then R8 screen parity,contract + feature + upgrade tests; no deletion before evidence
eblocker-ui/src/settings/app/components/vpnHome/wizard/vpn-home-wizard.component.html,9b1c6dd38a18d87c8da25dfb7290aaa9c460a569,eblocker-ui,"retain until replacement parity; inventoried, not semantically certified",R5 UI foundation then R8 screen parity,contract + feature + upgrade tests; no deletion before evidence
eblocker-ui/src/settings/app/components/vpnHome/wizard/vpn-home-wizard.component.js,24afed6553727538292d8f4a3fbe55785303f3e0,eblocker-ui,"retain until replacement parity; inventoried, not semantically certified",R5 UI foundation then R8 screen parity,contract + feature + upgrade tests; no deletion before evidence
eblocker-ui/src/settings/app/components/vpnHome/wizard/vpn-home-wizard.component.spec.js,df0a1edeb5911231357692e3cb7868e8599790b4,eblocker-ui,"retain until replacement parity; inventoried, not semantically certified",R5 UI foundation then R8 screen parity,contract + feature + upgrade tests; no deletion before evidence
eblocker-ui/src/settings/app/dialogs/adminPassword/password.dialog.js,3e7fbddaec7e17ea973699fc5584029cccb32527,eblocker-ui,"retain until replacement parity; inventoried, not semantically certified",R5 UI foundation then R8 screen parity,contract + feature + upgrade tests; no deletion before evidence
eblocker-ui/src/settings/app/dialogs/adminPassword/password.dialog.tmpl.html,3bc60997bd9dbdf6c356ce3109addf6b779ae125,eblocker-ui,"retain until replacement parity; inventoried, not semantically certified",R5 UI foundation then R8 screen parity,contract + feature + upgrade tests; no deletion before evidence
eblocker-ui/src/settings/app/dialogs/blocker/update-custom-list.dialog.js,0030ccd2e78c0fccd962e8a384ce4d52d5e8dcfc,eblocker-ui,"retain until replacement parity; inventoried, not semantically certified",R5 UI foundation then R8 screen parity,contract + feature + upgrade tests; no deletion before evidence
eblocker-ui/src/settings/app/dialogs/blocker/update-custom-list.dialog.tmpl.html,bde461d03a938949efba1ea50b4b5c5bacacfd31,eblocker-ui,"retain until replacement parity; inventoried, not semantically certified",R5 UI foundation then R8 screen parity,contract + feature + upgrade tests; no deletion before evidence
eblocker-ui/src/settings/app/dialogs/dns/dns-edit-add-server.dialog.js,8838689cb9035c6e72c09eca24658726a66ac2be,eblocker-ui,"retain until replacement parity; inventoried, not semantically certified",R5 UI foundation then R8 screen parity,contract + feature + upgrade tests; no deletion before evidence
eblocker-ui/src/settings/app/dialogs/dns/dns-edit-add-server.dialog.tmpl.html,6c6867620c628987710f55da1df2561e1bb0dad0,eblocker-ui,"retain until replacement parity; inventoried, not semantically certified",R5 UI foundation then R8 screen parity,contract + feature + upgrade tests; no deletion before evidence
eblocker-ui/src/settings/app/dialogs/dns/dns-record-new-edit.dialog.js,e2528732e92ad3233d5736108b51b868953c93ff,eblocker-ui,"retain until replacement parity; inventoried, not semantically certified",R5 UI foundation then R8 screen parity,contract + feature + upgrade tests; no deletion before evidence
eblocker-ui/src/settings/app/dialogs/dns/dns-record-new-edit.dialog.tmpl.html,5d8387b30c62a8b12df91200cb03f6bbb8243dfb,eblocker-ui,"retain until replacement parity; inventoried, not semantically certified",R5 UI foundation then R8 screen parity,contract + feature + upgrade tests; no deletion before evidence
eblocker-ui/src/settings/app/dialogs/edit/blocker-format-edit.dialog.js,12860597afebba2b82d9433b56aceef434a0b9d1,eblocker-ui,"retain until replacement parity; inventoried, not semantically certified",R5 UI foundation then R8 screen parity,contract + feature + upgrade tests; no deletion before evidence
eblocker-ui/src/settings/app/dialogs/edit/blocker-format-edit.dialog.tmpl.html,e881560c2abe3e39b5afba187d63e90eca7e0429,eblocker-ui,"retain until replacement parity; inventoried, not semantically certified",R5 UI foundation then R8 screen parity,contract + feature + upgrade tests; no deletion before evidence
eblocker-ui/src/settings/app/dialogs/edit/edit-domains.dialog.js,d105f8280415af047b3fce8e1448005879c3fbbf,eblocker-ui,"retain until replacement parity; inventoried, not semantically certified",R5 UI foundation then R8 screen parity,contract + feature + upgrade tests; no deletion before evidence
eblocker-ui/src/settings/app/dialogs/edit/edit-domains.dialog.tmpl.html,19d3438917e1be49418ff34bdc3d3135b0025bb6,eblocker-ui,"retain until replacement parity; inventoried, not semantically certified",R5 UI foundation then R8 screen parity,contract + feature + upgrade tests; no deletion before evidence
eblocker-ui/src/settings/app/dialogs/edit/edit.dialog.js,4c3023e4d6e3dd54d4195ff62841e228b5cfb90d,eblocker-ui,"retain until replacement parity; inventoried, not semantically certified",R5 UI foundation then R8 screen parity,contract + feature + upgrade tests; no deletion before evidence
eblocker-ui/src/settings/app/dialogs/edit/edit.dialog.tmpl.html,344a32daaa5a6a3f6a9ee423b0b60402fc14f1ee,eblocker-ui,"retain until replacement parity; inventoried, not semantically certified",R5 UI foundation then R8 screen parity,contract + feature + upgrade tests; no deletion before evidence
eblocker-ui/src/settings/app/dialogs/license/update-license.dialog.js,31da30ef0cf32eb7a3d673783db8b0468c37817c,eblocker-ui,"retain until replacement parity; inventoried, not semantically certified",R5 UI foundation then R8 screen parity,contract + feature + upgrade tests; no deletion before evidence
eblocker-ui/src/settings/app/dialogs/license/update-license.dialog.tmpl.html,a6bbf61eede1ff4eb936e3d44b92a5e4b5098f5c,eblocker-ui,"retain until replacement parity; inventoried, not semantically certified",R5 UI foundation then R8 screen parity,contract + feature + upgrade tests; no deletion before evidence
eblocker-ui/src/settings/app/dialogs/mobile/mobile-confirm-close.dialog.js,bedb8d361b65a97df37746236ea64f4438b9e45a,eblocker-ui,"retain until replacement parity; inventoried, not semantically certified",R5 UI foundation then R8 screen parity,contract + feature + upgrade tests; no deletion before evidence
eblocker-ui/src/settings/app/dialogs/mobile/mobile-confirm-close.dialog.tmpl.html,fab05afbf331d614f723e2bd49552a3aacd63c10,eblocker-ui,"retain until replacement parity; inventoried, not semantically certified",R5 UI foundation then R8 screen parity,contract + feature + upgrade tests; no deletion before evidence
eblocker-ui/src/settings/app/dialogs/network/expert-confirmation.dialog.js,2f142e733b22af387f9d31dd45cf7e83f671465f,eblocker-ui,"retain until replacement parity; inventoried, not semantically certified",R5 UI foundation then R8 screen parity,contract + feature + upgrade tests; no deletion before evidence
eblocker-ui/src/settings/app/dialogs/network/expert-confirmation.dialog.tmpl.html,4ddd12df7c3f82a43d50ef272d6c28501406fa61,eblocker-ui,"retain until replacement parity; inventoried, not semantically certified",R5 UI foundation then R8 screen parity,contract + feature + upgrade tests; no deletion before evidence
eblocker-ui/src/settings/app/dialogs/network/network-edit-content.dialog.js,c5a8fd16f6e703e3a85a50e2ed8df4afecc32960,eblocker-ui,"retain until replacement parity; inventoried, not semantically certified",R5 UI foundation then R8 screen parity,contract + feature + upgrade tests; no deletion before evidence
eblocker-ui/src/settings/app/dialogs/network/network-edit-content.dialog.tmpl.html,c2f1be4a729ddd21f2bb385ae0b5130f69f20e3b,eblocker-ui,"retain until replacement parity; inventoried, not semantically certified",R5 UI foundation then R8 screen parity,contract + feature + upgrade tests; no deletion before evidence
eblocker-ui/src/settings/app/dialogs/network/network-edit-mode-add-server.dialog.js,5ab82fac2fea699dfc744d88508ccbcc72f7d47b,eblocker-ui,"retain until replacement parity; inventoried, not semantically certified",R5 UI foundation then R8 screen parity,contract + feature + upgrade tests; no deletion before evidence
eblocker-ui/src/settings/app/dialogs/network/network-edit-mode.dialog.tmpl.html,917e86021a616c7b1c28031d85f57c3992e71efc,eblocker-ui,"retain until replacement parity; inventoried, not semantically certified",R5 UI foundation then R8 screen parity,contract + feature + upgrade tests; no deletion before evidence
eblocker-ui/src/settings/app/dialogs/notification/notification.dialog.js,031bbc9e3c3a427e3b2c225369669026084c02a6,eblocker-ui,"retain until replacement parity; inventoried, not semantically certified",R5 UI foundation then R8 screen parity,contract + feature + upgrade tests; no deletion before evidence
eblocker-ui/src/settings/app/dialogs/notification/notification.dialog.tmpl.html,4679728417bd5517612af7f13944269f087e6e80,eblocker-ui,"retain until replacement parity; inventoried, not semantically certified",R5 UI foundation then R8 screen parity,contract + feature + upgrade tests; no deletion before evidence
eblocker-ui/src/settings/app/dialogs/parentalControl/access-contingent-edit.dialog.js,1ccc23bdc56e26a96e0473405a75dfa566f4f20f,eblocker-ui,"retain until replacement parity; inventoried, not semantically certified",R5 UI foundation then R8 screen parity,contract + feature + upgrade tests; no deletion before evidence
eblocker-ui/src/settings/app/dialogs/parentalControl/access-contingent-edit.dialog.tmpl.html,45a9f390db9f95601f72269bdc2c872f0a5f0502,eblocker-ui,"retain until replacement parity; inventoried, not semantically certified",R5 UI foundation then R8 screen parity,contract + feature + upgrade tests; no deletion before evidence
eblocker-ui/src/settings/app/dialogs/parentalControl/access-restrictions-edit.dialog.js,9e23b1d11e92d13222f8d0a12145d2492085b387,eblocker-ui,"retain until replacement parity; inventoried, not semantically certified",R5 UI foundation then R8 screen parity,contract + feature + upgrade tests; no deletion before evidence
eblocker-ui/src/settings/app/dialogs/parentalControl/access-restrictions-edit.dialog.tmpl.html,09c8e70ca8a0e195b2c27b61911df77876c419fa,eblocker-ui,"retain until replacement parity; inventoried, not semantically certified",R5 UI foundation then R8 screen parity,contract + feature + upgrade tests; no deletion before evidence
eblocker-ui/src/settings/app/dialogs/parentalControl/access-usage-edit.dialog.js,1a31d0b96e9c96d7dc662c410239168f9fb96f9f,eblocker-ui,"retain until replacement parity; inventoried, not semantically certified",R5 UI foundation then R8 screen parity,contract + feature + upgrade tests; no deletion before evidence
eblocker-ui/src/settings/app/dialogs/parentalControl/access-usage-edit.dialog.tmpl.html,6ff7e6375427bf37ad617171b94d41ab152699d5,eblocker-ui,"retain until replacement parity; inventoried, not semantically certified",R5 UI foundation then R8 screen parity,contract + feature + upgrade tests; no deletion before evidence
eblocker-ui/src/settings/app/dialogs/parentalControl/filter-add.dialog.js,b6a6ae9d1a54904124e3ce382c969feaa184a381,eblocker-ui,"retain until replacement parity; inventoried, not semantically certified",R5 UI foundation then R8 screen parity,contract + feature + upgrade tests; no deletion before evidence
eblocker-ui/src/settings/app/dialogs/parentalControl/filter-add.dialog.tmpl.html,7edaf245e16c2c8f6da2f07e1ff4b40fd87ad7be,eblocker-ui,"retain until replacement parity; inventoried, not semantically certified",R5 UI foundation then R8 screen parity,contract + feature + upgrade tests; no deletion before evidence
eblocker-ui/src/settings/app/dialogs/parentalControl/pin-reset-confirm.dialog.js,63d91e77b4a71949bc5e3e7d9d69c66d2392c19d,eblocker-ui,"retain until replacement parity; inventoried, not semantically certified",R5 UI foundation then R8 screen parity,contract + feature + upgrade tests; no deletion before evidence
eblocker-ui/src/settings/app/dialogs/parentalControl/pin-reset-confirm.dialog.tmpl.html,91771b9ef807682d78ffb60a2f0b9c5d9ba8a100,eblocker-ui,"retain until replacement parity; inventoried, not semantically certified",R5 UI foundation then R8 screen parity,contract + feature + upgrade tests; no deletion before evidence
eblocker-ui/src/settings/app/dialogs/parentalControl/set-pin.dialog.js,015389e6096339e61e76731df16c6da68a37ac48,eblocker-ui,"retain until replacement parity; inventoried, not semantically certified",R5 UI foundation then R8 screen parity,contract + feature + upgrade tests; no deletion before evidence
eblocker-ui/src/settings/app/dialogs/parentalControl/set-pin.dialog.tmpl.html,8f6687720ac24f7a6f45957f7f8f5378e1b7f5aa,eblocker-ui,"retain until replacement parity; inventoried, not semantically certified",R5 UI foundation then R8 screen parity,contract + feature + upgrade tests; no deletion before evidence
eblocker-ui/src/settings/app/dialogs/parentalControl/user-add-device.dialog.js,7cebc7e43d37c92e81a9bdfb76bb9aa5f5f650a1,eblocker-ui,"retain until replacement parity; inventoried, not semantically certified",R5 UI foundation then R8 screen parity,contract + feature + upgrade tests; no deletion before evidence
eblocker-ui/src/settings/app/dialogs/parentalControl/user-add-device.dialog.tmpl.html,1a88366b4fa789c86fe1ad321e4d7b5ec51d9f68,eblocker-ui,"retain until replacement parity; inventoried, not semantically certified",R5 UI foundation then R8 screen parity,contract + feature + upgrade tests; no deletion before evidence
eblocker-ui/src/settings/app/dialogs/parentalControl/user-add.dialog.js,16838a8c1de03791926e1b049f6266ac507b5f96,eblocker-ui,"retain until replacement parity; inventoried, not semantically certified",R5 UI foundation then R8 screen parity,contract + feature + upgrade tests; no deletion before evidence
eblocker-ui/src/settings/app/dialogs/parentalControl/user-add.dialog.tmpl.html,c720be8089867351dc7590a37da6e77555c15bf6,eblocker-ui,"retain until replacement parity; inventoried, not semantically certified",R5 UI foundation then R8 screen parity,contract + feature + upgrade tests; no deletion before evidence
eblocker-ui/src/settings/app/dialogs/parentalControl/user-role-edit.dialog.js,925db79b30840cdaabb56ef4942afa06a950ab32,eblocker-ui,"retain until replacement parity; inventoried, not semantically certified",R5 UI foundation then R8 screen parity,contract + feature + upgrade tests; no deletion before evidence
eblocker-ui/src/settings/app/dialogs/parentalControl/user-role-edit.dialog.tmpl.html,8bcbe55d6cac380219adc6ad48ed3ead98b4f21a,eblocker-ui,"retain until replacement parity; inventoried, not semantically certified",R5 UI foundation then R8 screen parity,contract + feature + upgrade tests; no deletion before evidence
eblocker-ui/src/settings/app/dialogs/recording/analysis-tool-details.dialog.js,254b376a927fb6d26dd7522dd1e98fb103e39964,eblocker-ui,"retain until replacement parity; inventoried, not semantically certified",R5 UI foundation then R8 screen parity,contract + feature + upgrade tests; no deletion before evidence
eblocker-ui/src/settings/app/dialogs/recording/analysis-tool-details.dialog.tmpl.html,b0022d08214da2161528c2e5401ab7ed969ab74b,eblocker-ui,"retain until replacement parity; inventoried, not semantically certified",R5 UI foundation then R8 screen parity,contract + feature + upgrade tests; no deletion before evidence
eblocker-ui/src/settings/app/dialogs/recording/domain-ip-range.dialog.js,4eeca8058c82dcdd69458d97d92a04d6a786832d,eblocker-ui,"retain until replacement parity; inventoried, not semantically certified",R5 UI foundation then R8 screen parity,contract + feature + upgrade tests; no deletion before evidence
eblocker-ui/src/settings/app/dialogs/recording/domain-ip-range.dialog.tmpl.html,093335203e3ba8b0dad2070e68c510c349930b19,eblocker-ui,"retain until replacement parity; inventoried, not semantically certified",R5 UI foundation then R8 screen parity,contract + feature + upgrade tests; no deletion before evidence
eblocker-ui/src/settings/app/dialogs/reset/registration-reset.dialog.tmpl.html,b91209c118ae5196b84a6dbf9cfec1f1b391627e,eblocker-ui,"retain until replacement parity; inventoried, not semantically certified",R5 UI foundation then R8 screen parity,contract + feature + upgrade tests; no deletion before evidence
eblocker-ui/src/settings/app/dialogs/reset/reset-registration.dialog.js,2e567cc0eff15da6ddacafec16f6ef4b5f1b1cf5,eblocker-ui,"retain until replacement parity; inventoried, not semantically certified",R5 UI foundation then R8 screen parity,contract + feature + upgrade tests; no deletion before evidence
eblocker-ui/src/settings/app/dialogs/ssl/ssl-status-wizard.dialog.js,909b71a915be61387c06d02a6407707d8d05ae34,eblocker-ui,"retain until replacement parity; inventoried, not semantically certified",R5 UI foundation then R8 screen parity,contract + feature + upgrade tests; no deletion before evidence
eblocker-ui/src/settings/app/dialogs/ssl/ssl-status-wizard.dialog.tmpl.html,5430988c7e54a503f17baa5c6e27656df9d93494,eblocker-ui,"retain until replacement parity; inventoried, not semantically certified",R5 UI foundation then R8 screen parity,contract + feature + upgrade tests; no deletion before evidence
eblocker-ui/src/settings/app/dialogs/system/config-backup-export.dialog.js,99836865e77ed370bec345a8f3e4438a09dc9379,eblocker-ui,"retain until replacement parity; inventoried, not semantically certified",R5 UI foundation then R8 screen parity,contract + feature + upgrade tests; no deletion before evidence
eblocker-ui/src/settings/app/dialogs/system/config-backup-export.dialog.tmpl.html,932c3d72f6ca63896578eafcd85b8db89e1c29aa,eblocker-ui,"retain until replacement parity; inventoried, not semantically certified",R5 UI foundation then R8 screen parity,contract + feature + upgrade tests; no deletion before evidence
eblocker-ui/src/settings/app/dialogs/system/config-backup-import.dialog.js,bf4491742f34f0a48b63413bed83514e2d5be500,eblocker-ui,"retain until replacement parity; inventoried, not semantically certified",R5 UI foundation then R8 screen parity,contract + feature + upgrade tests; no deletion before evidence
eblocker-ui/src/settings/app/dialogs/system/config-backup-import.dialog.tmpl.html,9627cabf5f2c00384bdcaa34e07ba1a90f7c54f1,eblocker-ui,"retain until replacement parity; inventoried, not semantically certified",R5 UI foundation then R8 screen parity,contract + feature + upgrade tests; no deletion before evidence
eblocker-ui/src/settings/app/dialogs/system/tasks-view-config-edit.dialog.js,59c24756d2126191232e13cd9d1a19a882e85352,eblocker-ui,"retain until replacement parity; inventoried, not semantically certified",R5 UI foundation then R8 screen parity,contract + feature + upgrade tests; no deletion before evidence
eblocker-ui/src/settings/app/dialogs/system/tasks-view-config-edit.dialog.tmpl.html,4ba7b41d3cedf28d00a711df758e85eb73d98e3a,eblocker-ui,"retain until replacement parity; inventoried, not semantically certified",R5 UI foundation then R8 screen parity,contract + feature + upgrade tests; no deletion before evidence
eblocker-ui/src/settings/app/dialogs/tor/edit-tor-countries.dialog.js,bf38217f437effb2053568ab24a80ad0e39166d6,eblocker-ui,"retain until replacement parity; inventoried, not semantically certified",R5 UI foundation then R8 screen parity,contract + feature + upgrade tests; no deletion before evidence
eblocker-ui/src/settings/app/dialogs/tor/edit-tor-countries.dialog.tmpl.html,e4c2ce4472741b43b3a97d9b60d301f3679d360f,eblocker-ui,"retain until replacement parity; inventoried, not semantically certified",R5 UI foundation then R8 screen parity,contract + feature + upgrade tests; no deletion before evidence
eblocker-ui/src/settings/app/dialogs/trustedApps/add-domain-to-app.dialog.js,d91cabd8da2f6d71a9c9167242e1a485c78992d2,eblocker-ui,"retain until replacement parity; inventoried, not semantically certified",R5 UI foundation then R8 screen parity,contract + feature + upgrade tests; no deletion before evidence
eblocker-ui/src/settings/app/dialogs/trustedApps/add-domain-to-app.dialog.tmpl.html,d74cb1d4c2c34b64a26b3273d4391b81eb726d02,eblocker-ui,"retain until replacement parity; inventoried, not semantically certified",R5 UI foundation then R8 screen parity,contract + feature + upgrade tests; no deletion before evidence
eblocker-ui/src/settings/app/dialogs/trustedApps/trusted-app-add.dialog.js,9a23c51cfae7eb5a1109e2594fa60c870a22ecc1,eblocker-ui,"retain until replacement parity; inventoried, not semantically certified",R5 UI foundation then R8 screen parity,contract + feature + upgrade tests; no deletion before evidence
eblocker-ui/src/settings/app/dialogs/trustedApps/trusted-app-add.dialog.tmpl.html,161614e0f518cbb80d42576dabbf9f6a5b76c83d,eblocker-ui,"retain until replacement parity; inventoried, not semantically certified",R5 UI foundation then R8 screen parity,contract + feature + upgrade tests; no deletion before evidence
eblocker-ui/src/settings/app/dialogs/trustedDomains/trusted-domain-add-edit.dialog.js,7b4b31ab8a000bc438ac6bfba11ad5f7354133ba,eblocker-ui,"retain until replacement parity; inventoried, not semantically certified",R5 UI foundation then R8 screen parity,contract + feature + upgrade tests; no deletion before evidence
eblocker-ui/src/settings/app/dialogs/trustedDomains/trusted-domain-add-edit.dialog.tmpl.html,6b1a8e9dd8ddd55b971fedf6b6c9c47b3082dc19,eblocker-ui,"retain until replacement parity; inventoried, not semantically certified",R5 UI foundation then R8 screen parity,contract + feature + upgrade tests; no deletion before evidence
eblocker-ui/src/settings/app/dialogs/update/set-update-time.dialog.js,e722a9e1ae9951ae1c4184242293e234cca6069d,eblocker-ui,"retain until replacement parity; inventoried, not semantically certified",R5 UI foundation then R8 screen parity,contract + feature + upgrade tests; no deletion before evidence
eblocker-ui/src/settings/app/dialogs/update/set-update-time.dialog.tmpl.html,10d49d18ce97cd5d552d83cb35d342b139fe5fa8,eblocker-ui,"retain until replacement parity; inventoried, not semantically certified",R5 UI foundation then R8 screen parity,contract + feature + upgrade tests; no deletion before evidence
eblocker-ui/src/settings/app/dialogs/update/update.dialog.js,dbb2a1a7180c1d467c3e219df8f6f044c4bb4788,eblocker-ui,"retain until replacement parity; inventoried, not semantically certified",R5 UI foundation then R8 screen parity,contract + feature + upgrade tests; no deletion before evidence
eblocker-ui/src/settings/app/dialogs/update/update.dialog.tmpl.html,8398d9da827c02649678bb2fb82fe0fca50eeb55,eblocker-ui,"retain until replacement parity; inventoried, not semantically certified",R5 UI foundation then R8 screen parity,contract + feature + upgrade tests; no deletion before evidence
eblocker-ui/src/settings/app/dialogs/vpn/new-vpn-connect.dialog.js,d5be47cc5f426f904b60d0e77085df0532cd8b75,eblocker-ui,"retain until replacement parity; inventoried, not semantically certified",R5 UI foundation then R8 screen parity,contract + feature + upgrade tests; no deletion before evidence
eblocker-ui/src/settings/app/dialogs/vpn/new-vpn-connect.dialog.tmpl.html,2b51bb05996d9c1a866845723ad49734c4aa6623,eblocker-ui,"retain until replacement parity; inventoried, not semantically certified",R5 UI foundation then R8 screen parity,contract + feature + upgrade tests; no deletion before evidence
eblocker-ui/src/settings/app/dialogs/vpn/vpn-connect-test.dialog.js,ef5d981148ff01c97ad4b84f11d6c2cec1886b9f,eblocker-ui,"retain until replacement parity; inventoried, not semantically certified",R5 UI foundation then R8 screen parity,contract + feature + upgrade tests; no deletion before evidence
eblocker-ui/src/settings/app/dialogs/vpn/vpn-connect-test.dialog.tmpl.html,ca09b3e4c35f1f97289f6f6055859a01ed899529,eblocker-ui,"retain until replacement parity; inventoried, not semantically certified",R5 UI foundation then R8 screen parity,contract + feature + upgrade tests; no deletion before evidence
eblocker-ui/src/settings/app/directives/ip-address.directive.js,6e2fd7babc365b80793ad9a67783014042cfd1a0,eblocker-ui,"retain until replacement parity; inventoried, not semantically certified",R5 UI foundation then R8 screen parity,contract + feature + upgrade tests; no deletion before evidence
eblocker-ui/src/settings/app/directives/ip6-address.directive.js,c75bea88d5bcb2cefba4a56f942bbbcf37162ee5,eblocker-ui,"retain until replacement parity; inventoried, not semantically certified",R5 UI foundation then R8 screen parity,contract + feature + upgrade tests; no deletion before evidence
eblocker-ui/src/settings/app/directives/is-unique.directive.js,7bc8bf733b3091ac1b30aa1464f5392bf7f29c9f,eblocker-ui,"retain until replacement parity; inventoried, not semantically certified",R5 UI foundation then R8 screen parity,contract + feature + upgrade tests; no deletion before evidence
eblocker-ui/src/settings/app/directives/password-quality.directive.html,45635a2d09a9cafab8d5a8fc037d0b909fd02a82,eblocker-ui,"retain until replacement parity; inventoried, not semantically certified",R5 UI foundation then R8 screen parity,contract + feature + upgrade tests; no deletion before evidence
eblocker-ui/src/settings/app/directives/password-quality.directive.js,dd714f00da4ca66a654200ee4f48a5aec767a2e0,eblocker-ui,"retain until replacement parity; inventoried, not semantically certified",R5 UI foundation then R8 screen parity,contract + feature + upgrade tests; no deletion before evidence
eblocker-ui/src/settings/app/directives/unique-name.directive.js,250fc8112942f265a1a8ffed564ebede09f24e56,eblocker-ui,"retain until replacement parity; inventoried, not semantically certified",R5 UI foundation then R8 screen parity,contract + feature + upgrade tests; no deletion before evidence
eblocker-ui/src/settings/app/main.component.html,6262eed52f157d8ef55792d75945bf8757ed4b4e,eblocker-ui,"retain until replacement parity; inventoried, not semantically certified",R5 UI foundation then R8 screen parity,contract + feature + upgrade tests; no deletion before evidence
eblocker-ui/src/settings/app/main.component.js,a84c1303544daab8482c234123eeecab5f193ddd,eblocker-ui,"retain until replacement parity; inventoried, not semantically certified",R5 UI foundation then R8 screen parity,contract + feature + upgrade tests; no deletion before evidence
eblocker-ui/src/settings/app/main.component.spec.js,d1500f452c4d7292ca2d2fd4af32229798288fbf,eblocker-ui,"retain until replacement parity; inventoried, not semantically certified",R5 UI foundation then R8 screen parity,contract + feature + upgrade tests; no deletion before evidence
eblocker-ui/src/settings/app/service/anonymous/CaptivePortalService.js,492c1d7791c97ec76c2a80b65d9466c9406dede0,eblocker-ui,"retain until replacement parity; inventoried, not semantically certified",R5 UI foundation then R8 screen parity,contract + feature + upgrade tests; no deletion before evidence
eblocker-ui/src/settings/app/service/anonymous/CompressionService.js,734f32776a4b08de8f2fc9340290ee4c69d21bc8,eblocker-ui,"retain until replacement parity; inventoried, not semantically certified",R5 UI foundation then R8 screen parity,contract + feature + upgrade tests; no deletion before evidence
eblocker-ui/src/settings/app/service/anonymous/DoNotTrackService.js,8b3088630dcc29245997eecda7a32aa8910b4e04,eblocker-ui,"retain until replacement parity; inventoried, not semantically certified",R5 UI foundation then R8 screen parity,contract + feature + upgrade tests; no deletion before evidence
eblocker-ui/src/settings/app/service/anonymous/ReferrerService.js,4340141abe2c7ce82b3cbf3c11b9f7558dbe3c7b,eblocker-ui,"retain until replacement parity; inventoried, not semantically certified",R5 UI foundation then R8 screen parity,contract + feature + upgrade tests; no deletion before evidence
eblocker-ui/src/settings/app/service/anonymous/WebRtcService.js,e285123017c1c79d906c8eb740d32964468fc487,eblocker-ui,"retain until replacement parity; inventoried, not semantically certified",R5 UI foundation then R8 screen parity,contract + feature + upgrade tests; no deletion before evidence
eblocker-ui/src/settings/app/service/blocker/BlockerService.js,5db3a9e21dd692aa4172123d197c313fb34a82ac,eblocker-ui,"retain until replacement parity; inventoried, not semantically certified",R5 UI foundation then R8 screen parity,contract + feature + upgrade tests; no deletion before evidence
eblocker-ui/src/settings/app/service/cloaking/CloakingService.js,8648fa5ae977372118e7a0cf229eccf4644457b6,eblocker-ui,"retain until replacement parity; inventoried, not semantically certified",R5 UI foundation then R8 screen parity,contract + feature + upgrade tests; no deletion before evidence
eblocker-ui/src/settings/app/service/console/ConsoleService.js,3f6c8d20dc33f4d0683741252005da8480c511ce,eblocker-ui,"retain until replacement parity; inventoried, not semantically certified",R5 UI foundation then R8 screen parity,contract + feature + upgrade tests; no deletion before evidence
eblocker-ui/src/settings/app/service/console/SplashService.js,f1cbd8e16b1a209e3693f227bf3860817228243f,eblocker-ui,"retain until replacement parity; inventoried, not semantically certified",R5 UI foundation then R8 screen parity,contract + feature + upgrade tests; no deletion before evidence
eblocker-ui/src/settings/app/service/customerInfo/CustomerInfoService.js,6d6b14ba0c5929f41bbca854d311b42c6ea24aee,eblocker-ui,"retain until replacement parity; inventoried, not semantically certified",R5 UI foundation then R8 screen parity,contract + feature + upgrade tests; no deletion before evidence
eblocker-ui/src/settings/app/service/devices/DeviceService.js,641dae554849d69b9eaea3abc8e051fa1d1e27e9,eblocker-ui,"retain until replacement parity; inventoried, not semantically certified",R5 UI foundation then R8 screen parity,contract + feature + upgrade tests; no deletion before evidence
eblocker-ui/src/settings/app/service/dialog/DialogService.js,81f202cb08c6cc8548ff86b60e02224b816a910e,eblocker-ui,"retain until replacement parity; inventoried, not semantically certified",R5 UI foundation then R8 screen parity,contract + feature + upgrade tests; no deletion before evidence
eblocker-ui/src/settings/app/service/dns/DnsService.js,42b8cfdead9c2f213f10873071c3c8d9a509e3db,eblocker-ui,"retain until replacement parity; inventoried, not semantically certified",R5 UI foundation then R8 screen parity,contract + feature + upgrade tests; no deletion before evidence
eblocker-ui/src/settings/app/service/dns/DnsService.spec.js,1950dd908b647c6a74a777a6b719213faa4b205c,eblocker-ui,"retain until replacement parity; inventoried, not semantically certified",R5 UI foundation then R8 screen parity,contract + feature + upgrade tests; no deletion before evidence
eblocker-ui/src/settings/app/service/dns/DnsStatisticsService.js,7e1d714eb2fd49608951eddc882049f4ca25697f,eblocker-ui,"retain until replacement parity; inventoried, not semantically certified",R5 UI foundation then R8 screen parity,contract + feature + upgrade tests; no deletion before evidence
eblocker-ui/src/settings/app/service/doctor/DoctorService.js,cf22b1472c405b418d1fbfd58fc3ca182b21ac00,eblocker-ui,"retain until replacement parity; inventoried, not semantically certified",R5 UI foundation then R8 screen parity,contract + feature + upgrade tests; no deletion before evidence
eblocker-ui/src/settings/app/service/logger/logger.module.js,e6e5fd313223ef80efd3eb78fd7105adebdf2b8f,eblocker-ui,"retain until replacement parity; inventoried, not semantically certified",R5 UI foundation then R8 screen parity,contract + feature + upgrade tests; no deletion before evidence
eblocker-ui/src/settings/app/service/network/NetworkService.js,4e7953419e38952119020dd1cf92e739f51494a4,eblocker-ui,"retain until replacement parity; inventoried, not semantically certified",R5 UI foundation then R8 screen parity,contract + feature + upgrade tests; no deletion before evidence
eblocker-ui/src/settings/app/service/pageContext/PageContextService.js,a6026147fd2f771bdee3c1b2758e7902a085c4d6,eblocker-ui,"retain until replacement parity; inventoried, not semantically certified",R5 UI foundation then R8 screen parity,contract + feature + upgrade tests; no deletion before evidence
eblocker-ui/src/settings/app/service/parentalControl/FilterService.js,32081522003a11137a8c1354ef6282fbc6996c23,eblocker-ui,"retain until replacement parity; inventoried, not semantically certified",R5 UI foundation then R8 screen parity,contract + feature + upgrade tests; no deletion before evidence
eblocker-ui/src/settings/app/service/parentalControl/UserProfileService.js,5d944ff93752b81d70c0756ef112feb728f3100d,eblocker-ui,"retain until replacement parity; inventoried, not semantically certified",R5 UI foundation then R8 screen parity,contract + feature + upgrade tests; no deletion before evidence
eblocker-ui/src/settings/app/service/parentalControl/UserService.js,93d00d3a6365649a3f8f095d014166312cc7e512,eblocker-ui,"retain until replacement parity; inventoried, not semantically certified",R5 UI foundation then R8 screen parity,contract + feature + upgrade tests; no deletion before evidence
eblocker-ui/src/settings/app/service/pause/PauseService.js,7d841340241843530fcbbae6affcb2ba55c3ee68,eblocker-ui,"retain until replacement parity; inventoried, not semantically certified",R5 UI foundation then R8 screen parity,contract + feature + upgrade tests; no deletion before evidence
eblocker-ui/src/settings/app/service/recording/AnalysisToolService.js,99d0b880ed751d234318472ff9351c55ae8e2c02,eblocker-ui,"retain until replacement parity; inventoried, not semantically certified",R5 UI foundation then R8 screen parity,contract + feature + upgrade tests; no deletion before evidence
eblocker-ui/src/settings/app/service/recording/ManualRecordingService.js,29702fb1b9dc6097d3abb947a2ac448ca2d75014,eblocker-ui,"retain until replacement parity; inventoried, not semantically certified",R5 UI foundation then R8 screen parity,contract + feature + upgrade tests; no deletion before evidence
eblocker-ui/src/settings/app/service/registration/RegistrationService.js,8118e181a15da76c9fb458dddcf7559df61b4745,eblocker-ui,"retain until replacement parity; inventoried, not semantically certified",R5 UI foundation then R8 screen parity,contract + feature + upgrade tests; no deletion before evidence
eblocker-ui/src/settings/app/service/registration/SetupService.js,c37b79a1f3b66bb12caa1a2ea73440c6ef03ae5e,eblocker-ui,"retain until replacement parity; inventoried, not semantically certified",R5 UI foundation then R8 screen parity,contract + feature + upgrade tests; no deletion before evidence
eblocker-ui/src/settings/app/service/registration/TosService.js,8a5c6dd9b363a00024b135bc76c496191985c9a1,eblocker-ui,"retain until replacement parity; inventoried, not semantically certified",R5 UI foundation then R8 screen parity,contract + feature + upgrade tests; no deletion before evidence
eblocker-ui/src/settings/app/service/routing/StateService.js,4fa0f50de90b84fc37463f270f0631ae21e3f496,eblocker-ui,"retain until replacement parity; inventoried, not semantically certified",R5 UI foundation then R8 screen parity,contract + feature + upgrade tests; no deletion before evidence
eblocker-ui/src/settings/app/service/routing/StateService.spec.js,af9a8854c493afe9a06f318f923a88a7371b4707,eblocker-ui,"retain until replacement parity; inventoried, not semantically certified",R5 UI foundation then R8 screen parity,contract + feature + upgrade tests; no deletion before evidence
eblocker-ui/src/settings/app/service/routing/UrlService.js,58b7f609ef9717fc4f4e5e1403d7000c9a066d47,eblocker-ui,"retain until replacement parity; inventoried, not semantically certified",R5 UI foundation then R8 screen parity,contract + feature + upgrade tests; no deletion before evidence
eblocker-ui/src/settings/app/service/security/PasswordService.js,baa0ad163bb31eecdce851e4dd7ee6c92412f7ca,eblocker-ui,"retain until replacement parity; inventoried, not semantically certified",R5 UI foundation then R8 screen parity,contract + feature + upgrade tests; no deletion before evidence
eblocker-ui/src/settings/app/service/security/security.module.js,4167e21f16b62c7d8cc8c94001cece00a13fbcfb,eblocker-ui,"retain until replacement parity; inventoried, not semantically certified",R5 UI foundation then R8 screen parity,contract + feature + upgrade tests; no deletion before evidence
eblocker-ui/src/settings/app/service/security/security.service.js,1abb6a8a0611d27221c13c1579d4e574a1eb46dd,eblocker-ui,"retain until replacement parity; inventoried, not semantically certified",R5 UI foundation then R8 screen parity,contract + feature + upgrade tests; no deletion before evidence
eblocker-ui/src/settings/app/service/settings/settings.module.js,f5136d9d665ad7b207d74f7e575fcb181543ecbc,eblocker-ui,"retain until replacement parity; inventoried, not semantically certified",R5 UI foundation then R8 screen parity,contract + feature + upgrade tests; no deletion before evidence
eblocker-ui/src/settings/app/service/settings/settings.service.js,d881886d0059a0e76ecd9cd0c1dbd3419cca5e7a,eblocker-ui,"retain until replacement parity; inventoried, not semantically certified",R5 UI foundation then R8 screen parity,contract + feature + upgrade tests; no deletion before evidence
eblocker-ui/src/settings/app/service/ssl/SslService.js,ce695507fa1f35ef974b420dd84735efe4b7345e,eblocker-ui,"retain until replacement parity; inventoried, not semantically certified",R5 UI foundation then R8 screen parity,contract + feature + upgrade tests; no deletion before evidence
eblocker-ui/src/settings/app/service/ssl/SslSuggestionsService.js,0d75858a4aa1ed27088d2ff55d64a1e87f99cb3d,eblocker-ui,"retain until replacement parity; inventoried, not semantically certified",R5 UI foundation then R8 screen parity,contract + feature + upgrade tests; no deletion before evidence
eblocker-ui/src/settings/app/service/ssl/TrustedAppsService.js,c2e985c548fb110d745f574106fcd8aca5eb6a61,eblocker-ui,"retain until replacement parity; inventoried, not semantically certified",R5 UI foundation then R8 screen parity,contract + feature + upgrade tests; no deletion before evidence
eblocker-ui/src/settings/app/service/ssl/TrustedDomainsService.js,6777592c6492abf10b3e1b285d226e2c9664e6f8,eblocker-ui,"retain until replacement parity; inventoried, not semantically certified",R5 UI foundation then R8 screen parity,contract + feature + upgrade tests; no deletion before evidence
eblocker-ui/src/settings/app/service/system/ConfigBackupService.js,12f3535b204e8675c3969ccc709d753edf01ca22,eblocker-ui,"retain until replacement parity; inventoried, not semantically certified",R5 UI foundation then R8 screen parity,contract + feature + upgrade tests; no deletion before evidence
eblocker-ui/src/settings/app/service/system/ConfigBackupService.spec.js,fae12016f560dac753acbacc4c22e879a12c8ffc,eblocker-ui,"retain until replacement parity; inventoried, not semantically certified",R5 UI foundation then R8 screen parity,contract + feature + upgrade tests; no deletion before evidence
eblocker-ui/src/settings/app/service/system/DiagnosticsService.js,2183d5fd00555ec32df03a555a36b176fb8708f8,eblocker-ui,"retain until replacement parity; inventoried, not semantically certified",R5 UI foundation then R8 screen parity,contract + feature + upgrade tests; no deletion before evidence
eblocker-ui/src/settings/app/service/system/EventService.js,c3bb3f7528aee45a786732c0ee778562425a499f,eblocker-ui,"retain until replacement parity; inventoried, not semantically certified",R5 UI foundation then R8 screen parity,contract + feature + upgrade tests; no deletion before evidence
eblocker-ui/src/settings/app/service/system/FactoryResetService.js,79800f2cd363b94e20f2fe05c7576e4b004c03ba,eblocker-ui,"retain until replacement parity; inventoried, not semantically certified",R5 UI foundation then R8 screen parity,contract + feature + upgrade tests; no deletion before evidence
eblocker-ui/src/settings/app/service/system/LanguageService.js,e291c77e19af5fce0083f5612178b415b966fbed,eblocker-ui,"retain until replacement parity; inventoried, not semantically certified",R5 UI foundation then R8 screen parity,contract + feature + upgrade tests; no deletion before evidence
eblocker-ui/src/settings/app/service/system/TasksService.js,1a5ee8a69c4f21c48bf535d854c339f6f39d5803,eblocker-ui,"retain until replacement parity; inventoried, not semantically certified",R5 UI foundation then R8 screen parity,contract + feature + upgrade tests; no deletion before evidence
eblocker-ui/src/settings/app/service/system/TimezoneService.js,6c4ef0037e17884c5540b8382c2e195b113ec58b,eblocker-ui,"retain until replacement parity; inventoried, not semantically certified",R5 UI foundation then R8 screen parity,contract + feature + upgrade tests; no deletion before evidence
eblocker-ui/src/settings/app/service/table/PaginationService.js,7317c1efdf3bbc58f55ffce6be63779126b0947c,eblocker-ui,"retain until replacement parity; inventoried, not semantically certified",R5 UI foundation then R8 screen parity,contract + feature + upgrade tests; no deletion before evidence
eblocker-ui/src/settings/app/service/table/TableService.js,0b857deae574458e9d89163867c2984469d35aab,eblocker-ui,"retain until replacement parity; inventoried, not semantically certified",R5 UI foundation then R8 screen parity,contract + feature + upgrade tests; no deletion before evidence
eblocker-ui/src/settings/app/service/table/TableService.spec.js,7269ff1988b6695c4340ab004c08f34b2ef8cacc,eblocker-ui,"retain until replacement parity; inventoried, not semantically certified",R5 UI foundation then R8 screen parity,contract + feature + upgrade tests; no deletion before evidence
eblocker-ui/src/settings/app/service/tor/TorService.js,b5de3fbea339083b106f84e1edf27508018535b1,eblocker-ui,"retain until replacement parity; inventoried, not semantically certified",R5 UI foundation then R8 screen parity,contract + feature + upgrade tests; no deletion before evidence
eblocker-ui/src/settings/app/service/update/UpdateService.js,2bb4e466e92ebafa0cad6fc44506b81663624943,eblocker-ui,"retain until replacement parity; inventoried, not semantically certified",R5 UI foundation then R8 screen parity,contract + feature + upgrade tests; no deletion before evidence
eblocker-ui/src/settings/app/service/upnp/UpnpService.js,34e30ee60393ee8e9f79f762e71543ebf773664e,eblocker-ui,"retain until replacement parity; inventoried, not semantically certified",R5 UI foundation then R8 screen parity,contract + feature + upgrade tests; no deletion before evidence
eblocker-ui/src/settings/app/service/upsell/UpsellService.js,4230722bcfac6f53cb8cd7627421f9559c018fbd,eblocker-ui,"retain until replacement parity; inventoried, not semantically certified",R5 UI foundation then R8 screen parity,contract + feature + upgrade tests; no deletion before evidence
eblocker-ui/src/settings/app/service/vpn/VpnHomeService.js,2a6ddeb8b8e67863abfe820926d99224788e28b4,eblocker-ui,"retain until replacement parity; inventoried, not semantically certified",R5 UI foundation then R8 screen parity,contract + feature + upgrade tests; no deletion before evidence
eblocker-ui/src/settings/app/service/vpn/VpnService.js,52d379039fe258258e353ca1ff7e81f74db3a96b,eblocker-ui,"retain until replacement parity; inventoried, not semantically certified",R5 UI foundation then R8 screen parity,contract + feature + upgrade tests; no deletion before evidence
eblocker-ui/src/settings/app/settings.component.html,ff320b63b91b22c60bb937ff00e42147b348b77b,eblocker-ui,"retain until replacement parity; inventoried, not semantically certified",R5 UI foundation then R8 screen parity,contract + feature + upgrade tests; no deletion before evidence
eblocker-ui/src/settings/app/settings.component.js,ff4c8ea3991d2da0ba01a7e68477c0ff7a3b44bd,eblocker-ui,"retain until replacement parity; inventoried, not semantically certified",R5 UI foundation then R8 screen parity,contract + feature + upgrade tests; no deletion before evidence
eblocker-ui/src/settings/app/settings.constants.js,6c9242053d4287d7470c217177dea8728d501809,eblocker-ui,"retain until replacement parity; inventoried, not semantically certified",R5 UI foundation then R8 screen parity,contract + feature + upgrade tests; no deletion before evidence
eblocker-ui/src/settings/app/settings.module.js,5de92f4439d491c49ee0b9287e86339c39432238,eblocker-ui,"retain until replacement parity; inventoried, not semantically certified",R5 UI foundation then R8 screen parity,contract + feature + upgrade tests; no deletion before evidence
eblocker-ui/src/settings/index.html,2e685e7c1e8d0da694213b73dd3c9e0d5160a1a0,eblocker-ui,"retain until replacement parity; inventoried, not semantically certified",R5 UI foundation then R8 screen parity,contract + feature + upgrade tests; no deletion before evidence
eblocker-ui/src/settings/styles/adminconsole.scss,56bc6c172e9c37de4d18cb4e90fda211ce564dab,eblocker-ui,"retain until replacement parity; inventoried, not semantically certified",R5 UI foundation then R8 screen parity,contract + feature + upgrade tests; no deletion before evidence
eblocker-ui/src/settings/styles/help-directive.scss,d42660b0590575ad2eabf877cf68d8cdca5a3b1c,eblocker-ui,"retain until replacement parity; inventoried, not semantically certified",R5 UI foundation then R8 screen parity,contract + feature + upgrade tests; no deletion before evidence
eblocker-ui/src/setup/app/_bootstrap/_configs/idleConfig.js,f2e9cccb0bec14d62cc2dc3c0216b0942a11311c,eblocker-ui,"retain until replacement parity; inventoried, not semantically certified",R5 UI foundation then R8 screen parity,contract + feature + upgrade tests; no deletion before evidence
eblocker-ui/src/setup/app/_bootstrap/_configs/locationConfig.js,91d3910d5f2f0854a70585ca5b4d854e49abb3b1,eblocker-ui,"retain until replacement parity; inventoried, not semantically certified",R5 UI foundation then R8 screen parity,contract + feature + upgrade tests; no deletion before evidence
eblocker-ui/src/setup/app/_bootstrap/_configs/routeConfig.js,1e6e8b15661d3e2f7ed3e51dea4622cc3f382d5c,eblocker-ui,"retain until replacement parity; inventoried, not semantically certified",R5 UI foundation then R8 screen parity,contract + feature + upgrade tests; no deletion before evidence
eblocker-ui/src/setup/app/_bootstrap/_configs/translationConfig.js,268e8d99c5905d943c831223e42da77167d911ce,eblocker-ui,"retain until replacement parity; inventoried, not semantically certified",R5 UI foundation then R8 screen parity,contract + feature + upgrade tests; no deletion before evidence
eblocker-ui/src/setup/app/app.constants.js,a3733722ac11d9dd111fe8096ca40f2b55b9774f,eblocker-ui,"retain until replacement parity; inventoried, not semantically certified",R5 UI foundation then R8 screen parity,contract + feature + upgrade tests; no deletion before evidence
eblocker-ui/src/setup/app/app.controller.js,03c56774e803d91cbb54e5db6b7c30a0ff0c2d9c,eblocker-ui,"retain until replacement parity; inventoried, not semantically certified",R5 UI foundation then R8 screen parity,contract + feature + upgrade tests; no deletion before evidence
eblocker-ui/src/setup/app/app.html,0a2031fd117aa4f555da835441a1ae22aab3878b,eblocker-ui,"retain until replacement parity; inventoried, not semantically certified",R5 UI foundation then R8 screen parity,contract + feature + upgrade tests; no deletion before evidence
eblocker-ui/src/setup/app/app.module.js,380674595071661693145e6433de174761931f41,eblocker-ui,"retain until replacement parity; inventoried, not semantically certified",R5 UI foundation then R8 screen parity,contract + feature + upgrade tests; no deletion before evidence
eblocker-ui/src/setup/app/app.router.js,3a2db2c5af1912f5a183d7fff34d8a5b765c026d,eblocker-ui,"retain until replacement parity; inventoried, not semantically certified",R5 UI foundation then R8 screen parity,contract + feature + upgrade tests; no deletion before evidence
eblocker-ui/src/setup/app/app.theme.js,77c8324947303a6b25d734d9092f2322dcbbf3b9,eblocker-ui,"retain until replacement parity; inventoried, not semantically certified",R5 UI foundation then R8 screen parity,contract + feature + upgrade tests; no deletion before evidence
eblocker-ui/src/setup/app/common/expired.controller.js,28f940592c2e3443b3c53e26eda4ccb74e78a690,eblocker-ui,"retain until replacement parity; inventoried, not semantically certified",R5 UI foundation then R8 screen parity,contract + feature + upgrade tests; no deletion before evidence
eblocker-ui/src/setup/app/common/expired.html,e4b3944ced9082b2b918e6172256b8caf844b6c9,eblocker-ui,"retain until replacement parity; inventoried, not semantically certified",R5 UI foundation then R8 screen parity,contract + feature + upgrade tests; no deletion before evidence
eblocker-ui/src/setup/app/common/idle.dialog.controller.js,9afb6592e0be03ed0f2e12a41f40e31f48c38678,eblocker-ui,"retain until replacement parity; inventoried, not semantically certified",R5 UI foundation then R8 screen parity,contract + feature + upgrade tests; no deletion before evidence
eblocker-ui/src/setup/app/common/idle.dialog.html,b4e90e4ec14f442cd1a874ddbdd2dcf26089f364,eblocker-ui,"retain until replacement parity; inventoried, not semantically certified",R5 UI foundation then R8 screen parity,contract + feature + upgrade tests; no deletion before evidence
eblocker-ui/src/setup/app/deviceStatus/device-status.component.html,56dfa340aa6f5007d6f61dd1ea342a0de32e267d,eblocker-ui,"retain until replacement parity; inventoried, not semantically certified",R5 UI foundation then R8 screen parity,contract + feature + upgrade tests; no deletion before evidence
eblocker-ui/src/setup/app/deviceStatus/device-status.component.js,e4bd6e0ab09f734260bbef341f4b391d26590305,eblocker-ui,"retain until replacement parity; inventoried, not semantically certified",R5 UI foundation then R8 screen parity,contract + feature + upgrade tests; no deletion before evidence
eblocker-ui/src/setup/app/deviceStatus/device-status.component.spec.js,bc4d6f38c4b71fff7efa1a60c5950253bccb20cf,eblocker-ui,"retain until replacement parity; inventoried, not semantically certified",R5 UI foundation then R8 screen parity,contract + feature + upgrade tests; no deletion before evidence
eblocker-ui/src/setup/app/licenseStatus/license-status.component.html,390fe2cc782d718fd13abf6a38402f5cd9383bcd,eblocker-ui,"retain until replacement parity; inventoried, not semantically certified",R5 UI foundation then R8 screen parity,contract + feature + upgrade tests; no deletion before evidence
eblocker-ui/src/setup/app/licenseStatus/license-status.component.js,83e24dcac4a41649c36c55ad02e9248c2a9a514c,eblocker-ui,"retain until replacement parity; inventoried, not semantically certified",R5 UI foundation then R8 screen parity,contract + feature + upgrade tests; no deletion before evidence
eblocker-ui/src/setup/app/licenseStatus/license-status.component.spec.js,425631f7fbc19142c5e68accf9162eb1b5e8ffac,eblocker-ui,"retain until replacement parity; inventoried, not semantically certified",R5 UI foundation then R8 screen parity,contract + feature + upgrade tests; no deletion before evidence
eblocker-ui/src/setup/app/main.controller.js,5cf839f5ec8d891d104c9468d26f6108c02ccbc3,eblocker-ui,"retain until replacement parity; inventoried, not semantically certified",R5 UI foundation then R8 screen parity,contract + feature + upgrade tests; no deletion before evidence
eblocker-ui/src/setup/app/main.html,2a0b25de788625025c03f9d96254474ee67d6d85,eblocker-ui,"retain until replacement parity; inventoried, not semantically certified",R5 UI foundation then R8 screen parity,contract + feature + upgrade tests; no deletion before evidence
eblocker-ui/src/setup/app/networkStatus/network-status.component.html,570bc085d7e5e92b766db50bf4d14a50dbdd286e,eblocker-ui,"retain until replacement parity; inventoried, not semantically certified",R5 UI foundation then R8 screen parity,contract + feature + upgrade tests; no deletion before evidence
eblocker-ui/src/setup/app/networkStatus/network-status.component.js,f47cc2e4339110a89e6a0afd557e61ceeeec209c,eblocker-ui,"retain until replacement parity; inventoried, not semantically certified",R5 UI foundation then R8 screen parity,contract + feature + upgrade tests; no deletion before evidence
eblocker-ui/src/setup/app/networkStatus/network-status.component.spec.js,30853e8c4c7b052b40e901358f877da38b43ee43,eblocker-ui,"retain until replacement parity; inventoried, not semantically certified",R5 UI foundation then R8 screen parity,contract + feature + upgrade tests; no deletion before evidence
eblocker-ui/src/setup/app/service/devices/device.service.js,1da36b52d9ec5c49a672a17ebfe0942708e47ce7,eblocker-ui,"retain until replacement parity; inventoried, not semantically certified",R5 UI foundation then R8 screen parity,contract + feature + upgrade tests; no deletion before evidence
eblocker-ui/src/setup/app/service/license/license.service.js,cc29fec0698aee04ce8e2ce51b81c99aaded6270,eblocker-ui,"retain until replacement parity; inventoried, not semantically certified",R5 UI foundation then R8 screen parity,contract + feature + upgrade tests; no deletion before evidence
eblocker-ui/src/setup/app/service/logger/logger.module.js,e6e5fd313223ef80efd3eb78fd7105adebdf2b8f,eblocker-ui,"retain until replacement parity; inventoried, not semantically certified",R5 UI foundation then R8 screen parity,contract + feature + upgrade tests; no deletion before evidence
eblocker-ui/src/setup/app/service/logger/logger.service.js,e7a4e7c732ac9028791f55782682055b625db164,eblocker-ui,"retain until replacement parity; inventoried, not semantically certified",R5 UI foundation then R8 screen parity,contract + feature + upgrade tests; no deletion before evidence
eblocker-ui/src/setup/app/service/network/network.service.js,6c806e5162f470d7fbfba59f547178bf44f24551,eblocker-ui,"retain until replacement parity; inventoried, not semantically certified",R5 UI foundation then R8 screen parity,contract + feature + upgrade tests; no deletion before evidence
eblocker-ui/src/setup/app/service/security/security.module.js,dfd50be9fbf500883b0f78713a148e3810519cd1,eblocker-ui,"retain until replacement parity; inventoried, not semantically certified",R5 UI foundation then R8 screen parity,contract + feature + upgrade tests; no deletion before evidence
eblocker-ui/src/setup/app/service/security/security.service.js,46a5b415d083d9f7442c6b0921ee5990c7969265,eblocker-ui,"retain until replacement parity; inventoried, not semantically certified",R5 UI foundation then R8 screen parity,contract + feature + upgrade tests; no deletion before evidence
eblocker-ui/src/setup/app/service/settings/settings.module.js,f5136d9d665ad7b207d74f7e575fcb181543ecbc,eblocker-ui,"retain until replacement parity; inventoried, not semantically certified",R5 UI foundation then R8 screen parity,contract + feature + upgrade tests; no deletion before evidence
eblocker-ui/src/setup/app/service/settings/settings.service.js,e35e7dd531e9975a4bd3b217b1ac4505864b9403,eblocker-ui,"retain until replacement parity; inventoried, not semantically certified",R5 UI foundation then R8 screen parity,contract + feature + upgrade tests; no deletion before evidence
eblocker-ui/src/setup/index.html,64bdb50636bf1332bb554d2453dbb482931c0468,eblocker-ui,"retain until replacement parity; inventoried, not semantically certified",R5 UI foundation then R8 screen parity,contract + feature + upgrade tests; no deletion before evidence
eblocker-ui/src/setup/styles/setup.scss,a7456b1a8a3dec43201fb0545c8779e3bf73b44d,eblocker-ui,"retain until replacement parity; inventoried, not semantically certified",R5 UI foundation then R8 screen parity,contract + feature + upgrade tests; no deletion before evidence
eblocker-ui/src/shared/_constants/backendErrors.js,d617647e9c13243a1fbbb03d38651c980a7b2ef6,eblocker-ui,"retain until replacement parity; inventoried, not semantically certified",R5 UI foundation then R8 screen parity,contract + feature + upgrade tests; no deletion before evidence
eblocker-ui/src/shared/_constants/filterTypes.js,27e87464c9a7effcff06ef03308214d559cdf1ed,eblocker-ui,"retain until replacement parity; inventoried, not semantically certified",R5 UI foundation then R8 screen parity,contract + feature + upgrade tests; no deletion before evidence
eblocker-ui/src/shared/_constants/idleTimes.js,c353d6fa1151caa189311beec818c1d2c3cf81bf,eblocker-ui,"retain until replacement parity; inventoried, not semantically certified",R5 UI foundation then R8 screen parity,contract + feature + upgrade tests; no deletion before evidence
eblocker-ui/src/shared/_constants/userRoles.js,2ffa4830c0a1de8be6a9fff4397f96220dafe534,eblocker-ui,"retain until replacement parity; inventoried, not semantically certified",R5 UI foundation then R8 screen parity,contract + feature + upgrade tests; no deletion before evidence
eblocker-ui/src/shared/components/date/date.component.html,27cf761f1ba2f588ae344e3cf9dc4c7fe35f7a1e,eblocker-ui,"retain until replacement parity; inventoried, not semantically certified",R5 UI foundation then R8 screen parity,contract + feature + upgrade tests; no deletion before evidence
eblocker-ui/src/shared/components/date/date.component.js,9eca58e87ec8db318075217302202da0e7e92a67,eblocker-ui,"retain until replacement parity; inventoried, not semantically certified",R5 UI foundation then R8 screen parity,contract + feature + upgrade tests; no deletion before evidence
eblocker-ui/src/shared/components/dropdown/drop-down.component.html,40de0fb750df482310e9cc73183d7eb1a5cfe788,eblocker-ui,"retain until replacement parity; inventoried, not semantically certified",R5 UI foundation then R8 screen parity,contract + feature + upgrade tests; no deletion before evidence
eblocker-ui/src/shared/components/dropdown/drop-down.component.js,bee47c80220b1b25ee3481ee10f017d6d9caa14e,eblocker-ui,"retain until replacement parity; inventoried, not semantically certified",R5 UI foundation then R8 screen parity,contract + feature + upgrade tests; no deletion before evidence
eblocker-ui/src/shared/components/filter/filter.component.html,64677e2217a94cbfd92f198b7867f8a27a5b13d0,eblocker-ui,"retain until replacement parity; inventoried, not semantically certified",R5 UI foundation then R8 screen parity,contract + feature + upgrade tests; no deletion before evidence
eblocker-ui/src/shared/components/filter/filter.component.js,4f49f3b6bc1b98f94679e6130d8d3ab1b12c7ab4,eblocker-ui,"retain until replacement parity; inventoried, not semantically certified",R5 UI foundation then R8 screen parity,contract + feature + upgrade tests; no deletion before evidence
eblocker-ui/src/shared/components/wizard/eb-wizard.component.html,3da7945ccd7d2b282ecb7eb4e052a284447b6b60,eblocker-ui,"retain until replacement parity; inventoried, not semantically certified",R5 UI foundation then R8 screen parity,contract + feature + upgrade tests; no deletion before evidence
eblocker-ui/src/shared/components/wizard/eb-wizard.component.js,d689f7111ca1064b9a646e30bd8b10871a2465bb,eblocker-ui,"retain until replacement parity; inventoried, not semantically certified",R5 UI foundation then R8 screen parity,contract + feature + upgrade tests; no deletion before evidence
eblocker-ui/src/shared/dialogs/confirmation/confirmation.dialog.js,a352f8e820043068daf2dc4be8a11ae8c4f10853,eblocker-ui,"retain until replacement parity; inventoried, not semantically certified",R5 UI foundation then R8 screen parity,contract + feature + upgrade tests; no deletion before evidence
eblocker-ui/src/shared/dialogs/confirmation/confirmation.dialog.tmpl.html,07abaffc0276597d22f215e7a39235872f7e85aa,eblocker-ui,"retain until replacement parity; inventoried, not semantically certified",R5 UI foundation then R8 screen parity,contract + feature + upgrade tests; no deletion before evidence
eblocker-ui/src/shared/dialogs/information/information.dialog.js,f41d8496be2df96c05a207ab6126e0aeb6f72c30,eblocker-ui,"retain until replacement parity; inventoried, not semantically certified",R5 UI foundation then R8 screen parity,contract + feature + upgrade tests; no deletion before evidence
eblocker-ui/src/shared/dialogs/information/information.dialog.tmpl.html,375e6744581e2a77290b5e48584ef01102e8173b,eblocker-ui,"retain until replacement parity; inventoried, not semantically certified",R5 UI foundation then R8 screen parity,contract + feature + upgrade tests; no deletion before evidence
eblocker-ui/src/shared/dialogs/tor/tor-activation.dialog.html,45418c6b94e75eed6cc4b2e37ed95143f644bbc9,eblocker-ui,"retain until replacement parity; inventoried, not semantically certified",R5 UI foundation then R8 screen parity,contract + feature + upgrade tests; no deletion before evidence
eblocker-ui/src/shared/dialogs/tor/tor-activation.dialog.js,43a4a53f772a2bd12d94fef4f819c7d6aadc8a29,eblocker-ui,"retain until replacement parity; inventoried, not semantically certified",R5 UI foundation then R8 screen parity,contract + feature + upgrade tests; no deletion before evidence
eblocker-ui/src/shared/directives/compile.directive.js,41a6afff8b9198e3f09e5576acb3ea8c9c9e2bae,eblocker-ui,"retain until replacement parity; inventoried, not semantically certified",R5 UI foundation then R8 screen parity,contract + feature + upgrade tests; no deletion before evidence
eblocker-ui/src/shared/directives/eb-label-container.directive.html,571d0aa1ba3e0d8069aee9ea1749766e3eb536f1,eblocker-ui,"retain until replacement parity; inventoried, not semantically certified",R5 UI foundation then R8 screen parity,contract + feature + upgrade tests; no deletion before evidence
eblocker-ui/src/shared/directives/eb-label-container.directive.js,973f5d4a5da662f412a56ff188ca9fef343eb10b,eblocker-ui,"retain until replacement parity; inventoried, not semantically certified",R5 UI foundation then R8 screen parity,contract + feature + upgrade tests; no deletion before evidence
eblocker-ui/src/shared/directives/eb-textarea-container.directive.html,327439a0ab63c53ee829708e83c37dac9f36d5ab,eblocker-ui,"retain until replacement parity; inventoried, not semantically certified",R5 UI foundation then R8 screen parity,contract + feature + upgrade tests; no deletion before evidence
eblocker-ui/src/shared/directives/eb-textarea-container.directive.js,f2df28da2380cd6aa168a1ec1f1e6f177ddd5d7c,eblocker-ui,"retain until replacement parity; inventoried, not semantically certified",R5 UI foundation then R8 screen parity,contract + feature + upgrade tests; no deletion before evidence
eblocker-ui/src/shared/filter/eb-filter.js,5e28d93d02db84ce80009776669045a64e68ff92,eblocker-ui,"retain until replacement parity; inventoried, not semantically certified",R5 UI foundation then R8 screen parity,contract + feature + upgrade tests; no deletion before evidence
eblocker-ui/src/shared/locale/supportedLocale.js,acd68fc7fe5b437dbbc2cb6d3a72cdc8326150c3,eblocker-ui,"retain until replacement parity; inventoried, not semantically certified",R5 UI foundation then R8 screen parity,contract + feature + upgrade tests; no deletion before evidence
eblocker-ui/src/shared/services/caching/DataCachingService.js,645644aacc2783fd5944a83597190e003737d18f,eblocker-ui,"retain until replacement parity; inventoried, not semantically certified",R5 UI foundation then R8 screen parity,contract + feature + upgrade tests; no deletion before evidence
eblocker-ui/src/shared/services/device/FilterModeService.js,77fb603a3bdcca31ed6f1df4a3ea3b4c905a10a3,eblocker-ui,"retain until replacement parity; inventoried, not semantically certified",R5 UI foundation then R8 screen parity,contract + feature + upgrade tests; no deletion before evidence
eblocker-ui/src/shared/services/device/FilterModeService.spec.js,73828e6e815af7e6ebb29f24d36383686816287c,eblocker-ui,"retain until replacement parity; inventoried, not semantically certified",R5 UI foundation then R8 screen parity,contract + feature + upgrade tests; no deletion before evidence
eblocker-ui/src/shared/services/event/EventService.js,ad763efcdfcfd290b6bbddf393b19dfdaef60fe4,eblocker-ui,"retain until replacement parity; inventoried, not semantically certified",R5 UI foundation then R8 screen parity,contract + feature + upgrade tests; no deletion before evidence
eblocker-ui/src/shared/services/language/language.service.js,f39f1825337b1546ec5e7ffd02e11d4ed0fb79f0,eblocker-ui,"retain until replacement parity; inventoried, not semantically certified",R5 UI foundation then R8 screen parity,contract + feature + upgrade tests; no deletion before evidence
eblocker-ui/src/shared/services/logger/logger.service.js,daf6317a752bc69b28d1d6ccd3d5176e54a20c29,eblocker-ui,"retain until replacement parity; inventoried, not semantically certified",R5 UI foundation then R8 screen parity,contract + feature + upgrade tests; no deletion before evidence
eblocker-ui/src/shared/services/notification/NotificationController.js,9a90181e3037bccd8a082b3a83faeb44a481b51a,eblocker-ui,"retain until replacement parity; inventoried, not semantically certified",R5 UI foundation then R8 screen parity,contract + feature + upgrade tests; no deletion before evidence
eblocker-ui/src/shared/services/notification/NotificationService.js,c50cee892ce2be09c6a5aea42bb997d659410a52,eblocker-ui,"retain until replacement parity; inventoried, not semantically certified",R5 UI foundation then R8 screen parity,contract + feature + upgrade tests; no deletion before evidence
eblocker-ui/src/shared/services/notification/notification.html,abd5a79776f1719e2bb02122fa4294c516e0d2c7,eblocker-ui,"retain until replacement parity; inventoried, not semantically certified",R5 UI foundation then R8 screen parity,contract + feature + upgrade tests; no deletion before evidence
eblocker-ui/src/shared/services/parentalControl/AccessContingentService.js,6b5f51d0f35ee693225938f59ea077e52f354a64,eblocker-ui,"retain until replacement parity; inventoried, not semantically certified",R5 UI foundation then R8 screen parity,contract + feature + upgrade tests; no deletion before evidence
eblocker-ui/src/shared/services/redirect/RedirectService.js,5c16fd18f9f86f18d2504fc33f488245c731a99a,eblocker-ui,"retain until replacement parity; inventoried, not semantically certified",R5 UI foundation then R8 screen parity,contract + feature + upgrade tests; no deletion before evidence
eblocker-ui/src/shared/services/system/DeveloperService.js,f51bdea1e38d4236fa4206d22daaa690e8864c5d,eblocker-ui,"retain until replacement parity; inventoried, not semantically certified",R5 UI foundation then R8 screen parity,contract + feature + upgrade tests; no deletion before evidence
eblocker-ui/src/shared/services/system/FeatureToggleService.js,ec9f999be10b7d5038c063c7e2a0f7e4120a8a40,eblocker-ui,"retain until replacement parity; inventoried, not semantically certified",R5 UI foundation then R8 screen parity,contract + feature + upgrade tests; no deletion before evidence
eblocker-ui/src/shared/services/system/SystemService.js,cd038aaf74a673bf5ce241df1d36f9f2787b334e,eblocker-ui,"retain until replacement parity; inventoried, not semantically certified",R5 UI foundation then R8 screen parity,contract + feature + upgrade tests; no deletion before evidence
eblocker-ui/src/shared/services/utils/array-utils.service.js,08c3aa59db490202a6883a6a76cec08363721588,eblocker-ui,"retain until replacement parity; inventoried, not semantically certified",R5 UI foundation then R8 screen parity,contract + feature + upgrade tests; no deletion before evidence
eblocker-ui/src/shared/services/utils/array-utils.service.spec.js,d4b96e9f89f93521edc672b83c8a921a3c49812b,eblocker-ui,"retain until replacement parity; inventoried, not semantically certified",R5 UI foundation then R8 screen parity,contract + feature + upgrade tests; no deletion before evidence
eblocker-ui/src/shared/services/utils/domain-utils.service.js,689381067e6f6bce40512a77afd76a30abbef081,eblocker-ui,"retain until replacement parity; inventoried, not semantically certified",R5 UI foundation then R8 screen parity,contract + feature + upgrade tests; no deletion before evidence
eblocker-ui/src/shared/services/utils/domain-utils.service.spec.js,3b5ad33dcb13019b55a5622e940c409a0c0020ea,eblocker-ui,"retain until replacement parity; inventoried, not semantically certified",R5 UI foundation then R8 screen parity,contract + feature + upgrade tests; no deletion before evidence
eblocker-ui/src/shared/services/utils/ip-utils.service.js,74283c003d270b7370f31775d56e4c03695cef2a,eblocker-ui,"retain until replacement parity; inventoried, not semantically certified",R5 UI foundation then R8 screen parity,contract + feature + upgrade tests; no deletion before evidence
eblocker-ui/src/shared/services/utils/ip-utils.service.spec.js,f8611a999e589420f73c78f971f53db741d351e2,eblocker-ui,"retain until replacement parity; inventoried, not semantically certified",R5 UI foundation then R8 screen parity,contract + feature + upgrade tests; no deletion before evidence
eblocker-ui/src/shared/services/utils/number-utils.service.js,908b138a31210fe2e812beab5a65bace9ab76883,eblocker-ui,"retain until replacement parity; inventoried, not semantically certified",R5 UI foundation then R8 screen parity,contract + feature + upgrade tests; no deletion before evidence
eblocker-ui/src/shared/services/utils/number-utils.service.spec.js,2d488bf97b764829dd5d73b5a7a73c09cd99e237,eblocker-ui,"retain until replacement parity; inventoried, not semantically certified",R5 UI foundation then R8 screen parity,contract + feature + upgrade tests; no deletion before evidence
eblocker-ui/src/shared/theme/eblocker.theme.js,38e720ef43d981557bd79473801891ebea46f721,eblocker-ui,"retain until replacement parity; inventoried, not semantically certified",R5 UI foundation then R8 screen parity,contract + feature + upgrade tests; no deletion before evidence
eblocker-ui/src/styles/eb-responsive-table.scss,edde5cfd3cc3292da9cac5fc240959cb91f8c488,eblocker-ui,"retain until replacement parity; inventoried, not semantically certified",R5 UI foundation then R8 screen parity,contract + feature + upgrade tests; no deletion before evidence
eblocker-ui/src/styles/main.scss,50b788eafc46fc64c02539a2871fb919771f06b1,eblocker-ui,"retain until replacement parity; inventoried, not semantically certified",R5 UI foundation then R8 screen parity,contract + feature + upgrade tests; no deletion before evidence
eblocker-ui/src/styles/styles.scss,bc14aa5b894c9c3f16da577b2f72eeae65c08192,eblocker-ui,"retain until replacement parity; inventoried, not semantically certified",R5 UI foundation then R8 screen parity,contract + feature + upgrade tests; no deletion before evidence
pom.xml,0e9dab29c566bf898ef1d83b6bd023107750635a,root,"retain until replacement parity; inventoried, not semantically certified",R2 build then R13 legacy removal,contract + feature + upgrade tests; no deletion before evidence
settings.xml,6e744de470b81e37f709f6c1c55778f3c1ec8260,root,embedded credentials replaced by environment variables,R8 feature migration,contract + feature + upgrade tests; no deletion before evidence
